"simulation","psi","p","surveyLength","intervalLength","nSurveys","radius","placement","instOcc","dailyOcc","seasonOcc","density","logitInstOcc","logitDailyOcc","logitSeasonOcc","Initial_InstantBias","Initial_DailyBias","Initial_SeasonBias","ExponentialDecay_success","ExponentialDecay_predicted_asymptote","ExponentialDecay_sse","ExponentialDecay_predicted_yIntercept","MichaelisMenten_success","MichaelisMenten_predicted_asymptote","MichaelisMenten_sse","MichaelisMenten_predicted_yIntercept","AsymptoticRegression_success","AsymptoticRegression_predicted_asymptote","AsymptoticRegression_sse","AsymptoticRegression_predicted_yIntercept","LogisticGrowth_success","LogisticGrowth_predicted_asymptote","LogisticGrowth_sse","LogisticGrowth_predicted_yIntercept","Gompertz_success","Gompertz_predicted_asymptote","Gompertz_sse","Gompertz_predicted_yIntercept","ExpDec_DailyBias","MichaelisMenten_DailyBias","AsymptoticRegression_DailyBias","LogisticGrowth_DailyBias","Gompertz_DailyBias","ExpDec_SeasonBias","MichaelisMenten_SeasonBias","AsymptoticRegression_SeasonBias","LogisticGrowth_SeasonBias","Gompertz_SeasonBias","ExpDec_InstBias","MichaelisMenten_InstBias","AsymptoticRegression_InstBias","LogisticGrowth_InstBias","Gompertz_InstBias"
1,-0.0800447684847591,-1.09861070176936,5,"10Days",2,50,"systematic",0.121616041765543,0.855714285714286,1,0.2,-1.97721492485989,1.78014108127419,Inf,0.358383443855997,-0.375714800092746,-0.52000051437846,TRUE,2222.60525696011,19.6287371446696,4.6451468629889,TRUE,-3.00369550845198,5.45775892249299,3135.41347361947,TRUE,-0.467062480614914,0.208861576207595,13194.5391316307,FALSE,NA,NA,NA,FALSE,NA,NA,NA,0.144285714285714,-0.808455084317765,-0.470402535426481,NA,NA,0,-0.952740798603479,-0.614688249712195,NA,NA,0.868867277154749,0.878383958234457,0.878383958234457,NA,NA
2,0.0833806344551644,-1.15267918428059,5,"10Days",2,50,"systematic",0.148978800822655,0.843095238095238,1,0.2,-1.7426330196996,1.6814409176094,Inf,0.371854289312655,-0.322262147959928,-0.47916690986469,FALSE,NA,NA,NA,TRUE,4.73643537392833,31.8865237160105,4.60861043973764,TRUE,-1132.52908968014,40.8625225314458,6.15522589893834,TRUE,4.92838583084016,27.4369468238942,4.92838583084016,FALSE,NA,NA,NA,NA,0.148211151800197,-0.843095238095238,0.149718599126836,NA,NA,-0.00869361010456549,-1,-0.0071861627779255,NA,NA,0.841153876950506,0.848903332563937,0.843835036399419,NA
1,0.774530892287881,-0.993252277649952,10,"10Days",2,50,"systematic",0.121616041765543,0.855714285714286,1,0.2,-1.97721492485989,1.78014108127419,Inf,0.562884158977788,-0.171214084970955,-0.315499799256669,TRUE,0.0822018573250099,2.68348322114947,55745.2138430418,FALSE,NA,NA,NA,TRUE,1634.66430483171,33.2656268666031,1.72075827542539,FALSE,NA,NA,NA,FALSE,NA,NA,NA,-0.335175385441964,NA,0.144285714285714,NA,NA,-0.479461099727678,NA,0,NA,NA,0.878383958234457,NA,0.726610439459079,NA,NA
2,-0.195621641798645,-0.318453059984978,10,"10Days",2,50,"systematic",0.148978800822655,0.843095238095238,1,0.2,-1.7426330196996,1.6814409176094,Inf,0.302271152857808,-0.391845284414775,-0.548750046319537,TRUE,-447.100933626019,58.6501044414958,5.71079077207202,TRUE,-2684698.40649322,58.6420059905578,5.70490716702421,TRUE,-432.104493211588,58.6503804014118,5.71098795785465,TRUE,5.29643531487376,59.0294439775949,5.00503419305808,TRUE,5.78094150749407,58.7856652460734,5.06146936879018,-0.843095238095238,-0.843095238095238,-0.843095238095238,0.151920311984267,0.153828446098848,-1,-1,-1,-0.00498444992049507,-0.00307631580591383,0.84772206547665,0.847702662067389,0.847722713809183,0.84436173287581,0.844724851966835
1,0.30626635183547,-0.336390384488795,15,"10Days",2,50,"systematic",0.121616041765543,0.855714285714286,1,0.2,-1.97721492485989,1.78014108127419,Inf,0.454357617574014,-0.279740626374729,-0.424026340660443,TRUE,0.445835962640328,7.15206637645938,83433.1078540803,FALSE,NA,NA,NA,TRUE,873.155958951485,37.6336089779874,1.04908283112702,FALSE,NA,NA,NA,FALSE,NA,NA,NA,-0.246065543851087,NA,0.144285714285714,NA,NA,-0.390351258136801,NA,0,NA,NA,0.878383958234457,NA,0.618982696929227,NA,NA
2,0.849280189898406,-0.882387943301733,15,"10Days",2,50,"systematic",0.148978800822655,0.843095238095238,1,0.2,-1.7426330196996,1.6814409176094,Inf,0.55143732325942,-0.142679114013163,-0.299583875917925,TRUE,0.340444544828083,62.8465241858828,6.29593043538115,TRUE,-1.71721154594837,63.1233875839098,6.4769863642269,TRUE,0.340120568410406,62.8465241571755,6.29562351420193,TRUE,63.007355097762,62.9192839013186,6.03073316872121,TRUE,7486.86921403085,62.9873269915493,5.9229338496516,-0.258796733949312,-0.690864555185143,-0.258875427948767,0.156904761904762,0.156904761904762,-0.415701495854074,-0.847769317089905,-0.415780189853529,0,0,0.849180799528793,0.849485122341296,0.849180235624512,0.848623232252722,0.848351014404699
1,8.17366458174838,-0.919412458241049,20,"10Days",2,50,"systematic",0.121616041765543,0.855714285714286,1,0.2,-1.97721492485989,1.78014108127419,Inf,0.878102054954511,0.144003811005768,-0.000281903279946261,TRUE,1.21570805541785,96.0619143824537,121980.375301779,TRUE,4719017.82971359,107.010127836509,0.0261341174999912,TRUE,1820.48898597781,107.016251089633,0.0264737595891609,TRUE,14935.0529349715,95.5884719234674,0.0559408214724713,FALSE,NA,NA,NA,-0.0844069206332179,0.144285714285714,0.144285714285714,0.144285714285714,NA,-0.228692634918932,0,0,0,NA,0.878383958234457,0.38491711577244,0.385002011608884,0.392365517663594,NA
2,1.12929648417463,-0.82666723857011,20,"10Days",2,50,"systematic",0.148978800822655,0.843095238095238,1,0.2,-1.7426330196996,1.6814409176094,Inf,0.606730243551858,-0.0873861937207245,-0.244290955625487,TRUE,0.969711712314582,64.4356150807196,6.61975587813999,TRUE,-0.0626979030486678,65.2917107265264,7.4021950812969,TRUE,0.969622158246884,64.4356150657215,6.6194835400627,TRUE,4214.35539854658,66.7960124651081,5.53617626784398,TRUE,125982.753276381,67.2223547520991,5.37125476438483,-0.118033205885266,-0.358764581142733,-0.118051058587125,0.156904761904762,0.156904761904762,-0.274937967790028,-0.515669343047495,-0.274955820491887,0,0,0.849689219209299,0.850411658460664,0.849688856894408,0.84709510458571,0.846394410721262
1,0.848132895932965,-0.0290987985560512,30,"10Days",2,50,"systematic",0.121616041765543,0.855714285714286,1,0.2,-1.97721492485989,1.78014108127419,Inf,0.578559286407828,-0.155538957540915,-0.299824671826629,TRUE,1.48102280535876,143.336078487807,144000.994138315,TRUE,5.49036524182689,157.442738614263,0.603863761852411,TRUE,3.06225011374514,157.262233279891,0.539794715540359,TRUE,2.32713272550227,152.121325488678,0.0127064277136452,TRUE,2.31422747508095,152.480588893555,1.29834176146565e-15,-0.0409872660047814,0.1401763341838,0.099594176532022,0.055385083100194,0.05433423200645,-0.185272980290495,-0.00410938010191397,-0.0446915377536921,-0.0889006311855201,-0.089951482279264,0.878383958234457,0.52492373398177,0.510148620281202,0.381560522424084,0.378383958234457
2,0.490263273003331,-0.0327943348657109,30,"10Days",2,50,"systematic",0.148978800822655,0.843095238095238,1,0.2,-1.7426330196996,1.6814409176094,Inf,0.471189649950625,-0.222926787321958,-0.37983154922672,TRUE,1.65453497836203,103.916002568477,7.13816174223095,TRUE,1.4394704973175,106.299134224664,28.2325011087016,TRUE,1.6545222750127,103.916002255242,7.137722340456,TRUE,3168.77711273536,120.732469540401,3.37604280145749,TRUE,22978.2314479784,121.122655961611,3.26907925385451,-0.00359221396348197,-0.0347225965726483,-0.00359392559089178,0.156904761904762,0.156904761904762,-0.160496975868244,-0.19162735847741,-0.160498687495654,0,0,0.850227618728026,0.851021199176797,0.850227270227651,0.817968565120847,0.81437387847424
1,1.04389079548349,0.328504120000049,5,"10Days",2,100,"systematic",0.445730105995887,0.971904761904762,1,0.2,-0.217938116069674,3.54365771890413,Inf,0.293869933736758,-0.232304722172117,-0.260399960267355,FALSE,NA,NA,NA,FALSE,NA,NA,NA,TRUE,1.15530133021148,0.721367428348424,1.15530133015958,TRUE,1.15576610833365,0.72065162969296,1.15576610833365,FALSE,NA,NA,NA,NA,NA,-0.211426867928251,-0.211342218254129,NA,NA,NA,-0.239522106023489,-0.239437456349367,NA,NA,NA,0.31474778797117,0.314832437654746,NA
2,1.83704015945429,0.110016327370238,5,"10Days",2,100,"systematic",0.484875810789432,0.961666666666667,1,0.2,-0.0605152177708715,3.22234805057896,Inf,0.377722465313453,-0.0990683905637816,-0.137401723897115,TRUE,-237.323878909876,0.231837518401931,0.852703325232426,TRUE,2.60562373571464,0.141785633824605,-0.480461196719345,TRUE,2.12203891071934,0.13418564929324,-0.00489950938529705,TRUE,2.04738081339635,0.124610591350816,0.486112567240404,TRUE,2.07536992465778,0.129052883996744,0.360848360295299,-0.961666666666667,-0.0304440287587793,-0.0686398041046088,-0.0759839698283887,-0.0731805499880547,-1,-0.0687773620921123,-0.106973137437942,-0.114317303161722,-0.111513883321388,0.216258108195221,-0.10273258453232,0.0138993143145225,0.134314415111019,0.104369971849887
1,1.71715868918662,0.745785645144646,10,"10Days",2,100,"systematic",0.445730105995887,0.971904761904762,1,0.2,-0.217938116069674,3.54365771890413,Inf,0.402032389459841,-0.124142266449034,-0.152237504544272,TRUE,87.7110603290579,1.51589499595702,0.886272081627197,TRUE,1294116.06432871,1.51569807304905,0.887483561077493,TRUE,85.3773118209618,1.51590141234922,0.886240021051838,TRUE,3.16754024739116,1.50648492339705,0.903394347009331,TRUE,6.30370347467263,1.51012978265866,0.913955489626314,0.028095238095238,0.028095238095238,0.028095238095238,-0.0123104417217452,0.0262690624675584,0,0,0,-0.0404056798169832,-0.0018261756276795,0.262390156426632,0.262640489067595,0.262383529911737,0.265916436208208,0.268078789851673
2,2.48814168377362,0.320471757094465,10,"10Days",2,100,"systematic",0.484875810789432,0.961666666666667,1,0.2,-0.0605152177708715,3.22234805057896,Inf,0.438430504680546,-0.038360351196689,-0.076693684530022,TRUE,-180.916567885049,0.713139796819809,1.18896863328135,TRUE,2.53464991565319,0.518013969791307,-0.219857674966361,TRUE,2.21804604772572,0.542732521321654,0.388220668107272,TRUE,2.14196072440742,0.570216663293978,0.654771583800326,TRUE,2.17501270938452,0.556826215727997,0.579976209156354,-0.961666666666667,-0.0351311768250139,-0.0598082792143061,-0.0667515228585328,-0.0636835715501058,-1,-0.0734645101583469,-0.0981416125476391,-0.105084856191866,-0.102016904883439,0.281680743578016,-0.0396198914481388,0.11097847729625,0.173209110377906,0.156186121254202
1,1.56374121749883,1.03407199158811,15,"10Days",2,100,"systematic",0.445730105995887,0.971904761904762,1,0.2,-0.217938116069674,3.54365771890413,Inf,0.381159432051798,-0.145015223857077,-0.173110461952315,TRUE,-345.17412212636,2.07806438490899,1.13646882020652,TRUE,2.13803708803527,1.929997511381,0.779622108901783,TRUE,1.80228063789382,1.90111388707478,0.783926708087686,TRUE,1.7690345040343,1.86823373391113,0.824237184069193,TRUE,1.78264448550793,1.88508622485761,0.809618426708088,-0.971904761904762,-0.077359176981519,-0.113478432956759,-0.117567200783336,-0.115881662670105,-1,-0.105454415076757,-0.141573671051997,-0.145662438878574,-0.143976900765343,0.311300614362149,0.239868558044661,0.240795685758238,0.249404929698882,0.246298081390499
2,2.11720411951076,0.667829181824726,15,"10Days",2,100,"systematic",0.484875810789432,0.961666666666667,1,0.2,-0.0605152177708715,3.22234805057896,Inf,0.407688306314171,-0.0691025495630643,-0.107435882896397,TRUE,-417.058238962902,1.55346983535232,1.51138412056389,TRUE,2.21100735036262,0.86346935378186,-7.64244770136647,TRUE,2.07514532939681,0.832046796506223,0.0303206291292864,TRUE,2.06234752325697,0.833602181131332,0.541493242132398,TRUE,2.06848179022843,0.83176624043624,0.413995334142156,-0.961666666666667,-0.0604330377539929,-0.0732028044996221,-0.0744773325949668,-0.0738648447001214,-1,-0.0987663710873259,-0.111536137832955,-0.1128106659283,-0.112198178033454,0.334390432071077,-0.484396387779297,0.0227037658174425,0.147283904701821,0.117169686200233
1,1.99428620585833,1.15923594762534,20,"10Days",2,100,"systematic",0.445730105995887,0.971904761904762,1,0.2,-0.217938116069674,3.54365771890413,Inf,0.434465753756211,-0.0917089021526645,-0.119804140247902,TRUE,1.90866411949433,1.99137866491251,0.831795756019629,TRUE,2.26082843174519,2.00432363607204,0.812953761919026,TRUE,1.90866123513983,1.99137866507105,0.831791966195755,TRUE,1.85078480309836,1.9720454537211,0.859640334488379,TRUE,1.87470172202175,1.9818657869248,0.850441196114609,-0.10103576766784,-0.0663242724363899,-0.101036092031703,-0.10768554037113,-0.104903392769841,-0.129131005763078,-0.0944195105316279,-0.129131330126941,-0.135780778466368,-0.132998630865078,0.251004393055159,0.247008469644973,0.251003592281692,0.256855398438878,0.254929579241262
2,2.04223463661132,0.987945613223615,20,"10Days",2,100,"systematic",0.484875810789432,0.961666666666667,1,0.2,-0.0605152177708715,3.22234805057896,Inf,0.400284806462741,-0.0765060494144939,-0.114839382747827,TRUE,2.07750554770695,1.49303980366367,0.0350523768096136,TRUE,2.17613971959125,1.54618134735007,-99.4962140629936,TRUE,2.077505904013,1.49303980367484,0.0350603355147803,TRUE,2.06912399301337,1.49552127437499,0.54965727412736,TRUE,2.07325520960514,1.49305273912923,0.420622343402367,-0.0729691310666002,-0.0635803730568074,-0.072969095822868,-0.0738008909729768,-0.0733902450561574,-0.111302464399933,-0.10191370639014,-0.111302429156201,-0.11213422430631,-0.11172357838949,0.0238863862779293,-0.484875810789432,0.0238883753430439,0.149180261544552,0.118756350790401
1,2.00596797167107,1.45775670537975,30,"10Days",2,100,"systematic",0.445730105995887,0.971904761904762,1,0.2,-0.217938116069674,3.54365771890413,Inf,0.435692148103161,-0.0904825078057139,-0.118577745900952,TRUE,2.13629018447034,2.22983711716801,0.936439295320371,TRUE,2.50171892999942,2.22253520685066,0.874093175046455,TRUE,2.13629610440916,2.22983711716279,0.936444909338588,TRUE,2.07721099104325,2.25115740356265,1.01185403742167,TRUE,2.09938725443676,2.23868603593663,0.97672913451877,-0.077524082617055,-0.0476425263655995,-0.0775235233979709,-0.0832363654850792,-0.0810611529910782,-0.105619320712293,-0.0757377644608375,-0.105618761493209,-0.111331603580317,-0.109156391086316,0.272649744871695,0.259866582218881,0.27265088064368,0.287652724559078,0.280728617248284
2,1.97574916960906,1.33318450828741,30,"10Days",2,100,"systematic",0.484875810789432,0.961666666666667,1,0.2,-0.0605152177708715,3.22234805057896,Inf,0.393351480427655,-0.0834393754495805,-0.121772708782913,TRUE,2.08907656080072,1.86782784786955,0.0709082859506776,TRUE,2.16521728436817,1.92857485251634,-210.193397443331,TRUE,2.08907651135477,1.86782784787019,0.0709062268765029,TRUE,2.08371134313039,1.87345146128439,0.568420352380598,TRUE,2.08637086569905,1.86931452053127,0.440361561984117,-0.0718297305724904,-0.0645844298221384,-0.071829735419537,-0.0723567687086044,-0.0720952420821658,-0.110163063905823,-0.102917763155471,-0.11016306875287,-0.110690102041937,-0.110428575415499,0.032843836810116,-0.484875810789432,0.032843322688074,0.153522789077094,0.123469369567208
1,0.166121718557156,-1.29222344467388,5,"10Days",3,50,"systematic",0.121616041765543,0.855714285714286,1,0.2,-1.97721492485989,1.78014108127419,Inf,0.419819143089805,-0.314279100858938,-0.458564815144652,TRUE,0.538010453240145,4.11193634602128,-18.4172804262519,TRUE,1.22624025104892,4.80910377342973,-1507.1558488282,TRUE,0.538037871305438,4.11193635978056,-18.412952331715,TRUE,0.585278642080884,6.53039292882001,0.000148076420937388,TRUE,0.635242940996104,6.36710538281753,0,-0.224364808513218,-0.0825544328162395,-0.224358427055126,-0.213433170505655,-0.202036954982597,-0.368650522798932,-0.226840147101954,-0.36864414134084,-0.357718884791369,-0.346322669268311,-0.121616031731482,-0.121616041765543,-0.12161603168796,0.378420977339624,0.378383958234457
2,0.351423096778707,-1.25706712748606,5,"10Days",3,50,"systematic",0.148978800822655,0.843095238095238,1,0.2,-1.7426330196996,1.6814409176094,Inf,0.43798383276491,-0.256132604507673,-0.413037366412434,TRUE,0.638356902401093,0.444823320214568,28513.2733734961,TRUE,-1.56635088754047,4.61554009119961,3059.41586529144,TRUE,0.638350482571695,0.444846708084926,28021.5863465552,TRUE,464.521746136202,1.93801669471616,81.4697446588791,TRUE,183.02033596684,1.97018507410575,31.0484297623284,-0.188713296330714,-0.67035801413031,-0.188714748280675,0.156904761904762,0.156904761904762,-0.345618058235476,-0.827262776035072,-0.345619510185437,0,0,0.851021199177345,0.851021199177345,0.851021199177345,0.851021199177345,0.851021199177312
1,0.0943704698309374,-0.481191002842819,10,"10Days",3,50,"systematic",0.121616041765543,0.855714285714286,1,0.2,-1.97721492485989,1.78014108127419,Inf,0.401959082038811,-0.332139161909932,-0.476424876195646,TRUE,0.221777743729052,4.87324227415555,-38.5132866767956,FALSE,NA,NA,NA,TRUE,0.221783892466732,4.87324226868996,-38.4976784990006,TRUE,-1.57546544438537,5.2953229196,-1.5754654443853,TRUE,0.24280534942301,7.30773566272595,0,-0.300495992137913,NA,-0.300494473701879,-0.684275641031482,-0.295309418426172,-0.444781706423627,NA,-0.444780187987593,-0.828561355317196,-0.439595132711886,-0.121616041765543,NA,-0.121616041765543,0.0498226029172711,0.378383958234457
2,0.24992042940441,-0.542390541125693,10,"10Days",3,50,"systematic",0.148978800822655,0.843095238095238,1,0.2,-1.7426330196996,1.6814409176094,Inf,0.413178114930699,-0.280938322341884,-0.437843084246646,TRUE,0.632035232935942,1.86810858004074,29455.4139314116,TRUE,-0.512542317469524,8.29890330253499,4013.74947908116,TRUE,0.632029751435766,1.86813358624403,28482.4113400074,TRUE,624.655178548593,5.32633393113358,84.7014555414886,FALSE,NA,NA,NA,-0.190144436350101,-0.468497501762775,-0.190145678492258,0.156904761904762,NA,-0.347049198254863,-0.625402263667537,-0.34705044039702,0,NA,0.851021199177345,0.851021199177345,0.851021199177345,0.851021199177345,NA
1,0.469074179575189,-0.356444264301814,15,"10Days",3,50,"systematic",0.121616041765543,0.855714285714286,1,0.2,-1.97721492485989,1.78014108127419,Inf,0.493548561952234,-0.240549681996509,-0.384835396282223,TRUE,0.27803476334068,5.1659099435723,-32.1887162065057,FALSE,NA,NA,NA,TRUE,0.278034610818381,5.16590994354991,-32.1893857382363,TRUE,4.96228397001542,7.98829108123987,0.0141469397930583,TRUE,-5.48451530125212,6.21403089358004,-3.98372345240521,-0.286649931428763,NA,-0.286649968831825,0.137337402336344,-0.851580895186845,-0.430935645714477,NA,-0.430935683117539,-0.00694831194936996,-0.995866609472559,-0.121616041765533,NA,-0.121616041765533,0.381920634198264,-0.103340077045188
2,0.500027912445593,-0.627497397377133,15,"10Days",3,50,"systematic",0.148978800822655,0.843095238095238,1,0.2,-1.7426330196996,1.6814409176094,Inf,0.473487089885109,-0.220629347387474,-0.377534109292236,TRUE,0.660897420894155,2.12209767191363,32015.2115658597,FALSE,NA,NA,NA,TRUE,0.660888106805942,2.12220793409316,27961.6791912733,TRUE,534.211835761349,8.10010251683394,83.0791282355237,TRUE,383.211049391938,8.13121989560203,35.7314690175133,-0.18363328531023,NA,-0.183635376995689,0.156904761904762,0.156904761904762,-0.340538047214992,NA,-0.340540138900451,0,0,0.851021199177345,NA,0.851021199177345,0.851021199177345,0.851021199177345
1,0.85592680597982,-0.3506784486747,20,"10Days",3,50,"systematic",0.121616041765543,0.855714285714286,1,0.2,-1.97721492485989,1.78014108127419,Inf,0.580192903726164,-0.153905340222579,-0.298191054508293,TRUE,0.34664002504474,5.69814984044192,-26.893139145697,FALSE,NA,NA,NA,TRUE,0.346646013316612,5.698149852175,-26.8791839122258,TRUE,294.818389377793,8.11892470044524,0.0286446921956733,TRUE,1218.47260980347,8.11891014046647,0.0208541974518052,-0.269911728402285,NA,-0.269910275421193,0.144285714285714,0.144285714285714,-0.414197442687999,NA,-0.414195989706907,0,0,-0.121616041763451,NA,-0.121616041763422,0.385544641667367,0.383597318658971
2,0.877534044650717,-0.581136506451799,20,"10Days",3,50,"systematic",0.148978800822655,0.843095238095238,1,0.2,-1.7426330196996,1.6814409176094,Inf,0.557332153242379,-0.136784284030204,-0.293689045934966,TRUE,0.634609325464545,2.44203790423126,30070.5361813146,FALSE,NA,NA,NA,TRUE,0.634608936594304,2.44207599188256,28415.9742547349,TRUE,679.849233100352,9.95684130736009,85.5017283076405,TRUE,1681.49579839102,9.98560711846241,43.7116279957139,-0.189561361288233,NA,-0.189561449339095,0.156904761904762,0.156904761904762,-0.346466123192995,NA,-0.346466211243857,0,0,0.851021199177345,NA,0.851021199177345,0.851021199177345,0.851021199177345
1,1.26585584983674,-0.257902886240624,30,"10Days",3,50,"systematic",0.121616041765543,0.855714285714286,1,0.2,-1.97721492485989,1.78014108127419,Inf,0.658416470677801,-0.0756817732709419,-0.219967487556656,TRUE,38.3577544378722,8.3953268596477,-0.215282267991824,TRUE,82575.4298351129,8.39501193069188,-0.211092473757079,TRUE,35.655154229586,8.39535440209647,-0.21560516285186,TRUE,1.09450396804489,8.47142896997945,0.0171941337027598,TRUE,1.405990480786,8.48176937028731,0.00355930836282466,0.144285714285714,0.144285714285714,0.144285714285714,-0.106485386729118,-0.0525815188487563,0,0,-2.22044604925031e-16,-0.250771101014832,-0.19686723313447,0.324770298388226,0.325805934819848,0.324690504192177,0.382682385762375,0.379273784385753
2,1.03287914895695,-0.229183223054057,30,"10Days",3,50,"systematic",0.148978800822655,0.843095238095238,1,0.2,-1.7426330196996,1.6814409176094,Inf,0.588494897219005,-0.105621540053578,-0.26252630195834,TRUE,0.748415102397377,3.7747439892666,38590.5341714409,FALSE,NA,NA,NA,TRUE,775.213751023692,34.015491469725,1.28921067580283,TRUE,3887.70833927793,32.8495324281172,1.88079794839444,TRUE,83415.9273899249,33.0736814845186,1.71801772290782,-0.164261978198581,NA,0.156904761904762,0.156904761904762,0.156904761904762,-0.321166740103343,NA,0,0,0,0.851021199177345,NA,0.635034757080862,0.718723952749128,0.69889452947855
1,3.00607268165213,-0.125078266042413,5,"10Days",3,100,"systematic",0.445730105995887,0.971904761904762,1,0.2,-0.217938116069674,3.54365771890413,Inf,0.507117611538508,-0.0190570443703667,-0.0471522824656047,TRUE,0.571082615328187,11.7415009919205,12.4948673170749,TRUE,-4.26355632245187,12.1910563860978,12.556422966725,TRUE,0.571195025378589,11.7415010018832,12.4950012961514,TRUE,14.2081112411777,11.506789653235,10.1849384874116,TRUE,2413.38063170154,11.7750498038475,11.507655083594,-0.332891816465541,-0.958027871688595,-0.332865886637307,0.0280945627973423,0.028095238095238,-0.360987054560779,-0.986123109783833,-0.360961124732545,-6.75297895602611e-07,0,0.554266148188071,0.55426637181019,0.554266148689896,0.554232161030763,0.554259841262229
2,1.65862293976711,0.0321367279944008,5,"10Days",3,100,"systematic",0.484875810789432,0.961666666666667,1,0.2,-0.0605152177708715,3.22234805057896,Inf,0.355177251695241,-0.121613604181995,-0.159946937515328,TRUE,2.36163583213857,0.396701154481642,0.99443867618126,TRUE,3.43442673139369,0.398838403292961,1.01879673292175,TRUE,2.36185455761199,0.396701156350399,0.994492032703853,TRUE,2.10906217223427,0.389331903212577,1.00332192962045,TRUE,2.19832341226487,0.393169525023766,1.00003002196818,-0.0478119941922963,0.00709663658266912,-0.0477947767389086,-0.0698858078353375,-0.0615678149817088,-0.0861453275256293,-0.0312366967506639,-0.0861281100722416,-0.10821914116867,-0.0999011483150418,0.245087941191928,0.249862340578502,0.245098458523082,0.246835397312685,0.24618867047683
1,2.59055619188844,0.398822036225304,10,"10Days",3,100,"systematic",0.445730105995887,0.971904761904762,1,0.2,-0.217938116069674,3.54365771890413,Inf,0.484521207611796,-0.0416534482970795,-0.0697486863923175,TRUE,2.20561399269715,14.2108951403036,14.3352618932848,TRUE,1.03931715906701,16.5378007918592,26.4983954338171,TRUE,1908.3665814799,30.3469614549646,5.96687777160918,TRUE,9533.00913603708,22.9916633350732,8.51529841735958,TRUE,267268.7935029,23.7325354758631,8.13011851148719,-0.071152244209338,-0.233186531926282,0.028095238095238,0.028095238095238,0.028095238095238,-0.0992474823045759,-0.26128177002152,0,0,0,0.554269299336064,0.554269894001009,0.551714213435682,0.554069554833883,0.553975447435272
2,2.19670053933022,0.483403718432554,10,"10Days",3,100,"systematic",0.484875810789432,0.961666666666667,1,0.2,-0.0605152177708715,3.22234805057896,Inf,0.415077015902865,-0.0617138399743699,-0.100047173307703,TRUE,2.56835605481958,5.41330728595451,0.64736970220885,TRUE,3.18377486304195,5.4810574728739,0.627256907064212,TRUE,2.56819098403428,5.41330727790234,0.647154392514849,TRUE,2.500498809667,5.31835836692727,0.820107134161948,TRUE,2.52446434434435,5.36346994441107,0.756420070274897,-0.032869613311994,-0.00144755623629511,-0.0328805307253349,-0.0374898856736934,-0.0358275021251927,-0.071202946645327,-0.0397808895696281,-0.0712138640586679,-0.0758232190070264,-0.0741608354585257,0.171541675740137,0.16699140351676,0.171493114540947,0.209383270454334,0.195700177401866
1,1.97204224532371,0.769919264503472,15,"10Days",3,100,"systematic",0.445730105995887,0.971904761904762,1,0.2,-0.217938116069674,3.54365771890413,Inf,0.432100195330739,-0.0940744605781357,-0.122169698673374,TRUE,2.16133574286545,14.5187977515372,14.233539531702,TRUE,1.35632117963032,17.0418978501212,38.891811392945,TRUE,2.16133558623416,14.5187977517798,14.233535774282,TRUE,8629.75357490313,29.5135839204972,6.69737180642336,TRUE,435448.708559196,30.2214083220011,6.4312526109353,-0.0751814438333217,-0.176743619469562,-0.0751814583390416,0.028095238095238,0.028095238095238,-0.10327668192856,-0.2048388575648,-0.10327669643428,0,0,0.554269235661393,0.554269894004113,0.554269235658919,0.553037264023565,0.552662051001053
2,2.23104167249468,0.699791113794513,15,"10Days",3,100,"systematic",0.484875810789432,0.961666666666667,1,0.2,-0.0605152177708715,3.22234805057896,Inf,0.418126825455816,-0.0586640304214189,-0.0969973637547519,TRUE,2.25687302327764,5.9082502865575,0.490629233478641,TRUE,2.43188077391157,6.09754844681491,-0.199514317695936,TRUE,2.25689136593269,5.90825030606947,0.490796723290497,TRUE,2.25998525136572,5.811159581339,0.769466305734623,TRUE,2.25838350453702,5.85694370096217,0.678810005381131,-0.056424925279738,-0.0424403775484615,-0.0564233518744224,-0.0561582975461221,-0.0562954367956823,-0.094758258613071,-0.0807737108817945,-0.0947566852077554,-0.0944916308794551,-0.0946287701290153,0.135378841674483,-0.0345895907752654,0.135418291232226,0.19852962285398,0.178597240416229
1,2.3448336793037,0.888647071901661,20,"10Days",3,100,"systematic",0.445730105995887,0.971904761904762,1,0.2,-0.217938116069674,3.54365771890413,Inf,0.466792597881922,-0.0593820580269527,-0.0874772961221907,TRUE,2.22647572372375,14.7246975070617,14.3802622745332,TRUE,1.67311525146491,18.0397106542265,215.045241428101,TRUE,2.22647292097694,14.7246975153415,14.3801695506133,TRUE,6180.30809335091,37.3480569467602,5.37617513303249,TRUE,103518.353816689,37.9829188458447,5.19303407318271,-0.0693027885359139,-0.129914038693069,-0.0693030349302911,0.028095238095238,0.028095238095238,-0.0973980266311518,-0.158009276788306,-0.0973982730255291,0,0,0.554269325503157,0.554269894004113,0.554269325450441,0.549665710578182,0.548745456394818
2,2.49798791052625,0.696393590815798,20,"10Days",3,100,"systematic",0.484875810789432,0.961666666666667,1,0.2,-0.0605152177708715,3.22234805057896,Inf,0.439124833806156,-0.0376660220710787,-0.0759993554044117,TRUE,2.26684403666351,6.11688189970823,0.498764408391364,TRUE,2.41574165500155,6.29679908409842,-0.248163852724183,TRUE,2.26686074070265,6.11688191783255,0.498988403113493,TRUE,2.26795539506303,6.01963678174911,0.770813571454594,TRUE,2.26720743881724,6.0655627936347,0.681755923715861,-0.0555730695422523,-0.0436468327488327,-0.0555716482387721,-0.0554785489577879,-0.0555421529461592,-0.0939064028755853,-0.0819801660821657,-0.0939049815721051,-0.0938118822911209,-0.0938754862794922,0.137293107892338,-0.0466003217751904,0.137345761955724,0.198821048507639,0.17925467784952
1,3.03413874244414,1.12353591166882,30,"10Days",3,100,"systematic",0.445730105995887,0.971904761904762,1,0.2,-0.217938116069674,3.54365771890413,Inf,0.508362683869009,-0.017811972039866,-0.0459072101351039,TRUE,2.39106626943604,16.3783485354002,14.7248604154914,TRUE,2.00527371281305,21.6188250852798,2160.9730737403,TRUE,2.39106669813366,16.3783485389445,14.7248862439801,TRUE,1722.92258117544,49.5263932403719,3.86146009963777,TRUE,4889.17492757519,49.815202604831,3.78655370098281,-0.0557612417546237,-0.0905550889202474,-0.0557612088201188,0.028095238095238,0.028095238095238,-0.0838564798498617,-0.118650327015485,-0.0838564469153568,0,0,0.554269491218268,0.554269894004113,0.554269491228671,0.533666081192418,0.532098981187218
2,2.49396852692174,1.1211308595937,30,"10Days",3,100,"systematic",0.484875810789432,0.961666666666667,1,0.2,-0.0605152177708715,3.22234805057896,Inf,0.438842097344139,-0.0379487585330958,-0.0762820918664288,TRUE,2.31766333777667,6.30042693217254,0.545559320845041,TRUE,2.45385060660549,6.41036945748177,-0.00277743737288849,TRUE,2.31764765718102,6.30042693103698,0.545260069687617,TRUE,2.31530552412763,6.20474538439329,0.781305957510752,TRUE,2.31591208354361,6.25057480120386,0.700409702415868,-0.0513372844713752,-0.0408240840532157,-0.0513385644834683,-0.05152993862335,-0.0514803417639853,-0.0896706178047082,-0.0791574173865487,-0.0896718978168013,-0.089863271956683,-0.0898136750973183,0.148228896361175,0.0144298303137121,0.148159382595262,0.201085698616986,0.183402791418461
1,-0.567196558479068,-0.8946640988128,5,"10Days",4,50,"systematic",0.121616041765543,0.855714285714286,1,0.2,-1.97721492485989,1.78014108127419,Inf,0.240267913905439,-0.493830330043304,-0.638116044329018,FALSE,NA,NA,NA,FALSE,NA,NA,NA,TRUE,0.200960411968481,0.809569397274007,-8962.93480869604,TRUE,0.219759029885603,0.974392462948407,0.219758995013115,TRUE,0.200952609975653,0.989357595021066,0,NA,NA,-0.30564258191816,-0.30099457082647,-0.305644512856155,NA,NA,-0.449928296203874,-0.445280285112184,-0.449930227141869,NA,NA,-0.121616041765543,0.433103664508568,0.378383958234457
2,0.111989686538372,-1.04348407338353,5,"10Days",4,50,"systematic",0.148978800822655,0.843095238095238,1,0.2,-1.7426330196996,1.6814409176094,Inf,0.378989396215649,-0.315127041056934,-0.472031802961696,TRUE,5.0171315181574,42.4831793952889,-23.7360125811089,TRUE,6.43787537294156,46.3468773838979,-3808.16955011244,TRUE,5.01719869017635,42.483179175677,-23.7293014987153,TRUE,5.26886395753587,40.5812688807439,2.49075953873358e-15,FALSE,NA,NA,NA,0.150324845104364,0.15530751512832,0.150325284167874,0.151781685713147,NA,-0.00657991680039782,-0.00159724677644169,-0.0065794777368875,-0.00512307619161501,NA,-0.148978800773499,-0.148978800822655,-0.148978800773168,0.351021199177346,NA
1,0.348962453963465,-0.696643464958534,10,"10Days",4,50,"systematic",0.121616041765543,0.855714285714286,1,0.2,-1.97721492485989,1.78014108127419,Inf,0.464749912349832,-0.269348331598911,-0.413634045884625,TRUE,0.322233675219521,1.5852908456236,-3514.67272686158,FALSE,NA,NA,NA,TRUE,0.322233177712405,1.58529059379199,-3617.56128323795,TRUE,0.323559145803238,1.82557406846116,0.00312679828719196,TRUE,0.322494476893836,1.76420859431024,0,-0.27584576645989,NA,-0.275845887663086,-0.275522888193046,-0.275782231013865,-0.420131480745604,NA,-0.4201316019488,-0.41980860247876,-0.420067945299579,-0.121616041765543,NA,-0.121616041765543,0.379165657169375,0.378383958234457
2,0.832033672791122,-1.03602701985688,10,"10Days",4,50,"systematic",0.148978800822655,0.843095238095238,1,0.2,-1.7426330196996,1.6814409176094,Inf,0.547805966627236,-0.146310470645347,-0.303215232550109,TRUE,-962.814019532554,71.8427715541382,4.61007384839513,FALSE,NA,NA,NA,TRUE,-1119.13281219197,71.8414429492756,4.60997156857443,FALSE,NA,NA,NA,FALSE,NA,NA,NA,-0.843095238095238,NA,-0.843095238095238,NA,NA,-1,NA,-1,NA,NA,0.841168164141645,NA,0.841167166254523,NA,NA
1,1.25254979677571,-0.806738025866353,15,"10Days",4,50,"systematic",0.121616041765543,0.855714285714286,1,0.2,-1.97721492485989,1.78014108127419,Inf,0.656124889335766,-0.0779733546129771,-0.222259068898691,TRUE,90.2916296024394,2.40883262599375,-0.0647548384941246,TRUE,700508.1126695,2.40850772983128,-0.0639072930264605,TRUE,84.2569548790678,2.40885600457507,-0.0648156437147898,TRUE,317.254878454408,2.38861827527308,0.111204049141662,TRUE,680.602593015049,2.39044345416195,0.0980896969840598,0.144285714285714,0.144285714285714,0.144285714285714,0.144285714285714,0.144285714285714,0,0,0,0,0,0.362200903099976,0.362412570392662,0.362185717734114,0.406156356172708,0.402886739323518
2,0.554406319560112,-0.566256861967541,15,"10Days",4,50,"systematic",0.148978800822655,0.843095238095238,1,0.2,-1.7426330196996,1.6814409176094,Inf,0.48617848448494,-0.207937952787643,-0.364842714692405,TRUE,-2.05299594524806,75.6997349450509,4.22662733538444,TRUE,-8.14974056756695,75.8556376349302,4.12484059785254,TRUE,-2.0530787022714,75.6997351076128,4.22687352438124,FALSE,NA,NA,NA,FALSE,NA,NA,NA,-0.729345230557884,-0.842806511205868,-0.7293535731048,NA,NA,-0.886249992462646,-0.99971127311063,-0.886258335009562,NA,NA,0.836629782481655,0.835112312090844,0.836633274083739,NA,NA
1,0.968860860386827,-0.536464261456124,20,"10Days",4,50,"systematic",0.121616041765543,0.855714285714286,1,0.2,-1.97721492485989,1.78014108127419,Inf,0.60327634311942,-0.130821900829323,-0.275107615115037,TRUE,5.13325078888827,2.62284809299909,-0.071443891384888,TRUE,9.74581279667615,2.62288616628048,-0.0716839117576505,TRUE,5.13330832338471,2.62284809299864,-0.0714435037319032,TRUE,1.2256880730147,2.62112485099455,0.0766610211915217,TRUE,1.51711957321981,2.63192679354858,0.0515357027465304,0.138422931006043,0.144227178445274,0.138423266331204,-0.082651290446903,-0.0356003542921075,-0.00586278327967149,-5.85358404401326e-05,-0.00586244795450974,-0.226937004732617,-0.179886068577822,0.360530578721328,0.360470650390081,0.360530675511013,0.397539833001646,0.391265033112621
2,0.973299587206658,-0.598040416511468,20,"10Days",4,50,"systematic",0.148978800822655,0.843095238095238,1,0.2,-1.7426330196996,1.6814409176094,Inf,0.576797885930217,-0.117318551342366,-0.274223313247128,TRUE,0.224090114608956,77.7030779097342,4.32734055369921,TRUE,-1.83473914262827,78.6304880672629,4.08119920684577,TRUE,0.224587384341766,77.7030775490319,4.32809841906011,FALSE,NA,NA,NA,TRUE,482.163374514326,77.7133348823987,4.15889759235214,-0.287305975515012,-0.705420564340142,-0.287183209213272,NA,0.156904761904762,-0.444210737419774,-0.862325326244904,-0.444087971118034,NA,0,0.837990624325914,0.834414438644706,0.838000367468566,NA,0.835636803572372
1,1.37962735530615,-0.377236795653794,30,"10Days",4,50,"systematic",0.121616041765543,0.855714285714286,1,0.2,-1.97721492485989,1.78014108127419,Inf,0.677315103445051,-0.0567831405036917,-0.201068854789406,TRUE,1.33303874609383,2.89571977984876,-0.166712850144678,TRUE,1.92948570428544,2.9037449926526,-0.199340484318097,TRUE,1.33304345061074,2.89571977984886,-0.166710386278213,TRUE,1.09984281671488,2.86598556298321,0.068355164445455,TRUE,1.15606745307815,2.88794603748239,0.033629790329982,-0.0643714509198648,0.0174781984808257,-0.064370674114143,-0.105483632690874,-0.0950968693367702,-0.208657165205579,-0.126807515804888,-0.208656388399857,-0.249769346976588,-0.239382583622484,0.336802008980072,0.328713207342603,0.336802620686582,0.395466098607086,0.386790613530687
2,1.11607783735437,-0.236021479837378,30,"10Days",4,50,"systematic",0.148978800822655,0.843095238095238,1,0.2,-1.7426330196996,1.6814409176094,Inf,0.604281670194978,-0.0898347670776054,-0.246739528982367,TRUE,0.865982461989133,80.4196917471618,4.39856516398601,TRUE,0.0968853633315323,83.1697086002439,3.99325910782503,TRUE,0.866060126306262,80.4196919932128,4.39856022600686,TRUE,2828.30814008494,85.3949891969473,3.36030489936367,TRUE,197583.603204129,85.8619474498436,3.2286053810717,-0.139186193272502,-0.318892826181353,-0.13917000664633,0.156904761904762,0.156904761904762,-0.296090955177264,-0.475797588086115,-0.296074768551092,0,0,0.838875560900989,0.832915539151963,0.838875501654371,0.817461866135185,0.812917870192796
1,8.03158160244926,-0.352943901131656,5,"10Days",4,100,"systematic",0.445730105995887,0.971904761904762,1,0.2,-0.217938116069674,3.54365771890413,Inf,0.553944965888674,0.0277703099797995,-0.000324928115438494,FALSE,NA,NA,NA,TRUE,2892627.74541049,29.7734461986449,3.12014163425393,TRUE,2519.93798863153,29.7743455514496,3.12075726268666,TRUE,4748.75259466223,28.757969491991,2.49257528908868,TRUE,19026.0090235972,28.9605555816202,2.59688157875418,NA,0.028095238095238,0.028095238095238,0.028095238095238,0.028095238095238,NA,0,0,0,0,NA,0.51198585816829,0.512010781692682,0.477889572259985,0.48493050751643
2,1.94176256238218,0.00103914262755377,5,"10Days",4,100,"systematic",0.484875810789432,0.961666666666667,1,0.2,-0.0605152177708715,3.22234805057896,Inf,0.389669840901148,-0.0871210149760873,-0.12545434830942,TRUE,4.5486599644922,86.6672052675105,-417399.135120743,TRUE,3.84967937248534,97.3810233906805,-0.184845179471561,TRUE,4.54849805222329,86.6706264562575,-54732.4791277817,FALSE,NA,NA,NA,TRUE,5.80719249518046,85.2191918523618,5.73619528769885,0.0278627521669215,0.017490446305684,0.0278610744693349,NA,0.0353364842379912,-0.0104705811664115,-0.020842887027649,-0.0104722588639981,NA,-0.00299684909534181,-0.484875810789432,-0.030955975720021,-0.484875810789432,NA,0.511907546548436
1,2.65010507762554,0.403638320494365,10,"10Days",4,100,"systematic",0.445730105995887,0.971904761904762,1,0.2,-0.217938116069674,3.54365771890413,Inf,0.488287360620267,-0.037887295288608,-0.065982533383846,TRUE,3.14230429200092,28.0392500315725,80716.7028481686,FALSE,NA,NA,NA,TRUE,3.14230148884235,28.0394641860372,40103.9828965621,TRUE,285.443846665492,33.9571368193535,4.43677760363005,TRUE,145.828037672005,33.9691883318,4.40391035896348,-0.0133003456252747,NA,-0.0133004568603263,0.028095238095238,0.028095238095238,-0.0413955837205127,NA,-0.0413956949555643,0,0,0.554269894004113,NA,0.554269894004113,0.54257428890511,0.542188221074619
2,1.69010875583418,0.573757745071751,10,"10Days",4,100,"systematic",0.484875810789432,0.961666666666667,1,0.2,-0.0605152177708715,3.22234805057896,Inf,0.35936265100154,-0.117428204875695,-0.155761538209028,TRUE,0.000119644822608305,93.0398439131387,5.85735870997894,TRUE,-4.58572480095677,93.2475445832542,5.68459612066897,TRUE,0.00821496610558636,93.0398366363089,5.85915823956646,TRUE,9.39618854872685,92.7494083419347,5.55088672913389,TRUE,157.232322777683,92.9742697486462,5.69995419583589,-0.461636755461051,-0.951573226207035,-0.459612936690036,0.0382503002624578,0.038333333333333,-0.499970088794384,-0.989906559540368,-0.497946270023369,-8.30330708752047e-05,0,0.512273553964052,0.511737790556294,0.51227866456982,0.511255204741557,0.511789229661015
1,2.77405027288273,0.705104745788483,15,"10Days",4,100,"systematic",0.445730105995887,0.971904761904762,1,0.2,-0.217938116069674,3.54365771890413,Inf,0.495527228735184,-0.0306474271736911,-0.058742665268929,TRUE,2.98734594775646,28.7559175221485,64065.8838815639,FALSE,NA,NA,NA,TRUE,2.98734301867808,28.7560374802687,43002.8871941291,TRUE,344.387030575623,34.2266266299849,4.25252611626776,TRUE,321.104052871255,34.2557405895236,4.21879479817911,-0.0199055879182111,NA,-0.0199057217677413,0.028095238095238,0.028095238095238,-0.048000826013449,NA,-0.0480009598629793,0,0,0.554269894004113,NA,0.554269894004113,0.540241250726202,0.539766954609297
2,1.89772884351943,0.73349403973904,15,"10Days",4,100,"systematic",0.484875810789432,0.961666666666667,1,0.2,-0.0605152177708715,3.22234805057896,Inf,0.384758448754365,-0.09203240712287,-0.130365740456203,TRUE,1.64343442520184,94.6356235201893,6.0568962416964,TRUE,0.172235576679282,95.7830329441108,5.67834222518846,TRUE,1.64354556120662,94.6356236783173,6.05695326692251,TRUE,2602.42699100682,96.8603081053264,4.89049574207045,TRUE,34508.4772032058,97.0927335769937,4.78290826544363,-0.123664948009559,-0.41871390318176,-0.123649861325948,0.038333333333333,0.038333333333333,-0.161998281342892,-0.457047236515093,-0.161983194659281,0,0,0.512788002201219,0.511716618404005,0.512788135107809,0.507662588533013,0.506822074684586
1,3.12243396579083,0.844981731765928,20,"10Days",4,100,"systematic",0.445730105995887,0.971904761904762,1,0.2,-0.217938116069674,3.54365771890413,Inf,0.51207859130699,-0.0140960646018846,-0.0421913026971226,TRUE,2.91768808348815,29.284262697626,56668.4329624659,FALSE,NA,NA,NA,TRUE,2.91768744747969,29.2843097249108,47581.1061813326,TRUE,474.899994186523,35.2892325105202,3.98852797776534,TRUE,477.797780188552,35.342692067681,3.95667396877013,-0.0231908343721754,NA,-0.0231908653176917,0.028095238095238,0.028095238095238,-0.0512860724674133,NA,-0.0512861034129296,0,0,0.554269894004113,NA,0.554269894004113,0.536079932639599,0.535502231667059
2,2.38048589579028,0.963312897229932,20,"10Days",4,100,"systematic",0.484875810789432,0.961666666666667,1,0.2,-0.0605152177708715,3.22234805057896,Inf,0.430451289655955,-0.0463395662212798,-0.0846728995546128,TRUE,2.01248735609753,96.1875152128423,6.13270501452486,TRUE,1.26337621865314,98.436914516067,5.64852546781297,TRUE,2.01240847653028,96.1875153472044,6.13263441308594,TRUE,2064.65457596097,102.353300334222,3.95153506668673,TRUE,11140.1141189837,102.577514081733,3.86963686162803,-0.0795647182091793,-0.182059909201707,-0.0795729217816311,0.038333333333333,0.038333333333333,-0.117898051542512,-0.22039324253504,-0.117906255114964,0,0,0.512958189714785,0.511613847823305,0.512958037117971,0.496261657340853,0.49468473252033
1,3.02255118231647,1.11159228150267,30,"10Days",4,100,"systematic",0.445730105995887,0.971904761904762,1,0.2,-0.217938116069674,3.54365771890413,Inf,0.507852472835564,-0.0183221830733106,-0.0464174211685485,TRUE,2.93615985958915,29.4272151877371,63302.582562409,FALSE,NA,NA,NA,TRUE,2.93616060450586,29.4273280123741,42956.290949517,TRUE,452.12935496202,37.6604593854607,3.5149611225755,TRUE,173.410324273487,37.7006461325976,3.49640726702447,-0.0222994884246402,NA,-0.0222994527765901,0.028095238095238,0.028095238095238,-0.0503947265198782,NA,-0.050394690871828,0,0,0.554269894004113,NA,0.554269894004113,0.525380367852861,0.524855266086465
2,2.83628466412422,1.02403076858076,30,"10Days",4,100,"systematic",0.484875810789432,0.961666666666667,1,0.2,-0.0605152177708715,3.22234805057896,Inf,0.459729563364185,-0.0170612925130503,-0.0553946258463833,TRUE,2.29874382936878,98.6151430823987,6.11374991339227,TRUE,1.98704492196614,102.240953076989,5.55429268723594,TRUE,2.29876847045875,98.6151433725923,6.11400601473557,TRUE,439.79135907597,108.186201311767,3.02236868238566,TRUE,352.694902981095,108.243638205082,2.99625761755116,-0.0528937166376796,-0.0822365130503753,-0.0528916737966925,0.038333333333333,0.038333333333333,-0.0912270499710126,-0.120569846383708,-0.0912250071300255,0,0,0.51291683287891,0.511268309200029,0.512917396866095,0.468698689407302,0.467528961054731
1,5.9203612134519,-2.03836330302912,5,"24Hours",2,50,"systematic",0.121616041765543,0.855714285714286,1,0.2,-1.97721492485989,1.78014108127419,Inf,0.875706913617375,0.141608669668632,-0.00267704461708229,FALSE,NA,NA,NA,FALSE,NA,NA,NA,TRUE,6.07038504751108,0.70351693418925,-16391.7744983286,TRUE,6.0703768971237,0.70344029662432,9.64571308808703e-07,FALSE,NA,NA,NA,NA,NA,0.141980755922504,0.141980737179426,NA,NA,NA,-0.00230495836321021,-0.0023049771062883,NA,NA,NA,-0.121616041765543,0.378384199377284,NA
2,-0.173138233879877,-0.869211852013047,5,"24Hours",2,50,"systematic",0.148978800822655,0.843095238095238,1,0.2,-1.7426330196996,1.6814409176094,Inf,0.307844445440241,-0.386271991832342,-0.543176753737104,TRUE,0.109620234956447,1.26443592647482,47069.0549777012,TRUE,-1.51821313128039,5.01525671129002,2873.67589614581,TRUE,0.109632926076301,1.26441234393173,49234.6601837173,FALSE,NA,NA,NA,FALSE,NA,NA,NA,-0.315717589378815,-0.663370442463173,-0.315714426112397,NA,NA,-0.472622351283577,-0.820275204367935,-0.472619188017159,NA,NA,0.851021199177345,0.851021199177345,0.851021199177345,NA,NA
1,0.77453089231889,-0.993252277660557,10,"24Hours",2,50,"systematic",0.121616041765543,0.855714285714286,1,0.2,-1.97721492485989,1.78014108127419,Inf,0.562884158984485,-0.171214084964258,-0.315499799249972,TRUE,-558.784020445291,19.9636944359466,7.02017458167893,FALSE,NA,NA,NA,TRUE,-481.583742198745,19.9651770327623,7.02102873369178,TRUE,6.67996772818129,18.6418457105296,6.33732715767736,TRUE,7.59453482791503,19.2096098211809,6.46864718529898,-0.855714285714286,NA,-0.855714285714286,0.14303147088832,0.143782773388496,-1,NA,-1,-0.00125424339739411,-0.000502940897217696,0.877491086705561,NA,0.877491848347883,0.876618057908645,0.87683503814323
2,1.38624348957496,-1.09859743988319,10,"24Hours",2,50,"systematic",0.148978800822655,0.843095238095238,1,0.2,-1.7426330196996,1.6814409176094,Inf,0.651013059605936,-0.043103377666647,-0.200008139571409,TRUE,0.735425880948203,6.42274823690006,103362.180673375,FALSE,NA,NA,NA,TRUE,859.19156713805,19.8648245300173,1.61508235070937,FALSE,NA,NA,NA,FALSE,NA,NA,NA,-0.167100424452388,NA,0.156904761904762,NA,NA,-0.32400518635715,NA,0,NA,NA,0.851021199177345,NA,0.685137007982181,NA,NA
1,7.54318941116308,-1.17959084235297,15,"24Hours",2,50,"systematic",0.121616041765543,0.855714285714286,1,0.2,-1.97721492485989,1.78014108127419,Inf,0.877854533197599,0.143756289248856,-0.000529425036858377,TRUE,2.83561263087188,74.6100666932322,7.43171875070247,TRUE,1.63581258979731,76.2054064306782,7.27289704545131,TRUE,2.83573859729216,74.6100666698461,7.43180395600841,TRUE,2357.99198662514,79.0764974591564,5.84404777804498,TRUE,9099.03476127131,79.3815030665545,5.74153790731692,0.0888559130774823,-0.0187499355291419,0.0888625079746405,0.144285714285714,0.144285714285714,-0.0554298012082317,-0.163035649814856,-0.0554232063110736,0,0,0.877792139844748,0.877690341428618,0.877792190238828,0.875495235057127,0.875184400206169
2,0.956897101104195,-0.606136100175593,15,"24Hours",2,50,"systematic",0.148978800822655,0.843095238095238,1,0.2,-1.7426330196996,1.6814409176094,Inf,0.57352132234146,-0.120595114931123,-0.277499876835885,TRUE,1.26240865593723,17.3259467256326,132493.335081354,TRUE,641075.104944419,27.5788746111006,1.08570003738685,TRUE,548.53937605081,27.5791960862424,1.08577342438697,TRUE,263.504893599767,27.4693494048653,1.07693714591871,TRUE,746.836266814508,27.4812053933378,1.07242140193716,-0.0636547722904061,0.156904761904762,0.156904761904762,0.156904761904762,0.156904761904762,-0.220559534195168,0,0,0,0,0.851021199177345,0.598592345315304,0.59860619381643,0.596935128342116,0.596078325905727
1,1.69588958930058,-0.810925483935354,20,"24Hours",2,50,"systematic",0.121616041765543,0.855714285714286,1,0.2,-1.97721492485989,1.78014108127419,Inf,0.723381087091779,-0.0107171568569637,-0.155002871142678,TRUE,2.79298269394462,102.973460586832,7.42112180079183,TRUE,1.80382765712552,104.574534849675,7.30151691605443,TRUE,2.79319134523488,102.97346091007,7.42194513098187,TRUE,2008.7811196536,108.614573526688,5.41811533147532,TRUE,5534.84441159298,108.90943970046,5.32590655213311,0.0865811563422171,0.00289994912779623,0.0865925006553228,0.144285714285714,0.144285714285714,-0.0577045579434969,-0.141385765157918,-0.0576932136303913,0,0,0.877785838799036,0.877709898081611,0.877786330751975,0.873968046782566,0.873543562029117
2,0.989556353368034,-0.53062872287855,20,"24Hours",2,50,"systematic",0.148978800822655,0.843095238095238,1,0.2,-1.7426330196996,1.6814409176094,Inf,0.580021484104561,-0.114094953168022,-0.270999715072784,TRUE,1.0842502852723,19.4404650257006,119566.706936791,FALSE,NA,NA,NA,TRUE,-277.490307303972,31.3244066159303,1.54502088848574,TRUE,1.48276149619327,30.1942115621185,1.48272687665251,TRUE,1.33225279067635,37.3265076376483,1.91289703811349e-09,-0.0957977707241701,NA,-0.843095238095238,-0.0281059119924217,-0.0518822094671902,-0.252702532628932,NA,-1,-0.185010673897184,-0.208786971371952,0.851021199177345,NA,0.675214628821675,0.666005305229183,0.351021199655569
1,1.76168343405168,-0.510943174304848,30,"24Hours",2,50,"systematic",0.121616041765543,0.855714285714286,1,0.2,-1.97721492485989,1.78014108127419,Inf,0.731804331315441,-0.00229391263330214,-0.146579626919016,TRUE,3.54892282332279,221.321458309754,7.48490091405636,TRUE,3.37498431674241,225.494438222526,8.66988206364731,TRUE,3.54896632409,221.321458995691,7.48387261966348,TRUE,8.69142876390718,232.332831789879,3.81700453428299,TRUE,9.36279513834867,232.332893265621,3.81782758867797,0.116333887926448,0.111199234165593,0.11633506984072,0.144117722717595,0.144199861883925,-0.027951826359266,-0.0330864801201207,-0.0279506444449941,-0.000167991568119197,-8.58524017891549e-05,0.877822774534579,0.87821230835293,0.877822197500068,0.856863682859101,0.856881007217957
2,1.23795649228317,-0.432863629687891,30,"24Hours",2,50,"systematic",0.148978800822655,0.843095238095238,1,0.2,-1.7426330196996,1.6814409176094,Inf,0.626229311059592,-0.0678871262129912,-0.224791888117753,TRUE,675.853824934225,169.150020196025,0.469288328674907,TRUE,4283612.16577315,169.137856954844,0.469976654380848,TRUE,742.285228069142,169.148908932601,0.469348583947057,TRUE,5.88292746228574,166.173757963021,0.552070627292012,TRUE,22.805897319091,167.010400556736,0.665505259830858,0.156904761904762,0.156904761904762,0.156904761904762,0.154125889942178,0.15690476178016,0,0,0,-0.00277887196258353,-1.24601884365916e-10,0.466236498684492,0.466399429958683,0.46625076254096,0.485637057982675,0.511517181432418
1,1.04389079549691,0.328504119991055,5,"24Hours",2,100,"systematic",0.445730105995887,0.971904761904762,1,0.2,-0.217938116069674,3.54365771890413,Inf,0.293869933739343,-0.232304722169532,-0.26039996026477,TRUE,3.29471481633379,43.6805613127703,88627.6814217901,TRUE,2.45128922254389,47.3873922415,2462.39488800139,TRUE,3.29471012680733,43.6808093877107,45624.7367838034,TRUE,909.156130609741,50.0681976785038,5.41336211089265,TRUE,1017.58923555093,50.100134178093,5.33633719395337,-0.00765770977281877,-0.0512490838401605,-0.00765787144306929,0.028095238095238,0.028095238095238,-0.0357529478680567,-0.0793443219353984,-0.0357531095383072,0,0,0.554269894004113,0.554269894004113,0.554269894004113,0.549833036137755,0.549479483234217
2,2.07873902241245,-0.200514435623552,5,"24Hours",2,100,"systematic",0.484875810789432,0.961666666666667,1,0.2,-0.0605152177708715,3.22234805057896,Inf,0.403943674522118,-0.0728471813551166,-0.11118051468845,TRUE,301.71704457322,0.383002938050023,-0.600821246953728,FALSE,NA,NA,NA,TRUE,346.807196837833,0.382859508235674,-0.60059139820047,TRUE,1122.33497748155,0.154138190598393,0.064770004982693,TRUE,12254.8985635326,0.164421538533257,0.045462896706658,0.038333333333333,NA,0.038333333333333,0.038333333333333,0.038333333333333,0,NA,0,0,0,-0.130719982892726,NA,-0.130667407945307,0.0313110319942902,0.0264879561641904
1,2.03170657426302,0.333137490283445,10,"24Hours",2,100,"systematic",0.445730105995887,0.971904761904762,1,0.2,-0.217938116069674,3.54365771890413,Inf,0.438355972720254,-0.0878186831886208,-0.115913921283859,TRUE,-541.202946441416,70.1682856993194,4.86499984209763,TRUE,-649962.281419317,70.1665439462432,4.86473798644452,TRUE,3.43451425304374,65.2607233479385,42170.4006393596,TRUE,4.23655949475317,67.0550538687621,4.23652420955723,TRUE,4.22890479161909,67.3798889810796,4.2285704562363,-0.971904761904762,-0.971904761904762,-0.00313881027444751,0.0138440247922237,0.0137360898294276,-1,-1,-0.0312340483696855,-0.0142512133030143,-0.0143591482658103,0.546617081777327,0.546615092924501,0.554269894004113,0.540018185002069,0.539906013133584
2,1.77941948735673,0.613104106203835,10,"24Hours",2,100,"systematic",0.484875810789432,0.961666666666667,1,0.2,-0.0605152177708715,3.22234805057896,Inf,0.370749358767717,-0.106041497109518,-0.144374830442851,TRUE,1.72926467674583,0.877063010036817,-1.08003570215392,TRUE,2.29104688227374,0.941678226408483,-1.56385120438491,TRUE,1.72926891108712,0.877063009846047,-1.08002230173341,TRUE,1.63811736422847,0.699888635389095,0.0145308867028867,TRUE,1.64776868687379,0.777028518874909,5.36476694552609e-05,-0.112348326484138,-0.0535338404011606,-0.112347784587926,-0.124388062622056,-0.12307741266957,-0.150681659817471,-0.0918671737344936,-0.150681117921259,-0.162721395955389,-0.161410746002903,-0.231376550368813,-0.311781092149194,-0.231374014499895,0.0187568469678827,0.0151376011279286
1,1.44699020914884,0.988612012118499,15,"24Hours",2,100,"systematic",0.445730105995887,0.971904761904762,1,0.2,-0.217938116069674,3.54365771890413,Inf,0.363804686012442,-0.162369969896433,-0.190465207991671,TRUE,-299.017990040235,70.4185347819646,4.92612340908897,TRUE,-732480.781110258,70.4139748806424,4.92314317567774,TRUE,-313.33797354841,70.4183362667147,4.92598544540515,TRUE,4.71898000125835,70.0313757046527,4.47255873719772,TRUE,5.26563414736266,70.1392921767319,4.57373425423654,-0.971904761904762,-0.971904761904762,-0.971904761904762,0.0192498996837784,0.022955673769711,-1,-1,-1,-0.00884533841145951,-0.00513956432552698,0.547067571918815,0.547046230585669,0.547066585349506,0.542980731746439,0.544055942776259
2,1.69185565275188,1.07755879247236,15,"24Hours",2,100,"systematic",0.484875810789432,0.961666666666667,1,0.2,-0.0605152177708715,3.22234805057896,Inf,0.359592229623794,-0.117198626253441,-0.155531959586774,TRUE,1.89795424951207,1.62446867361047,-0.82898818428569,TRUE,2.39093424215792,1.61705728182933,-1.35040704978756,TRUE,1.89795670248524,1.62446867365075,-0.828979464531063,TRUE,1.76093391845054,1.59187868559961,0.0189089897169667,TRUE,1.78793372732417,1.63622924003457,0.0010814102506797,-0.0920068548586536,-0.0455332900127747,-0.0920065768104136,-0.108340078358832,-0.104992908090412,-0.130340188191987,-0.0838666233461077,-0.130339910143747,-0.146673411692165,-0.143326241423745,-0.181016755005738,-0.27907197867979,-0.181014910523962,0.0198512957926117,0.015394541746891
1,2.29463782542671,0.79077034486504,20,"24Hours",2,100,"systematic",0.445730105995887,0.971904761904762,1,0.2,-0.217938116069674,3.54365771890413,Inf,0.46270186528176,-0.0634727906271153,-0.0915680287223533,TRUE,0.81086494207476,72.2885887089974,5.12366973597334,TRUE,-1.44583873029263,72.375365341257,5.1403802946704,TRUE,0.810899740178565,72.2885887138037,5.12367993982537,TRUE,337.598282282649,72.3645949766218,4.96977264250035,TRUE,962.300275003577,72.418953702828,4.89472241819197,-0.279610974322474,-0.781261946162657,-0.279603561572156,0.028095238095238,0.028095238095238,-0.307706212417712,-0.809357184257895,-0.307698799667394,0,0,0.548351003206049,0.548448518362133,0.548351063243758,0.547373063814516,0.546839530697257
2,1.71114082705025,1.33122693707371,20,"24Hours",2,100,"systematic",0.484875810789432,0.961666666666667,1,0.2,-0.0605152177708715,3.22234805057896,Inf,0.362108385410626,-0.114682470466609,-0.153015803799942,TRUE,1.91006127141277,1.92138569846873,-0.825935076985897,TRUE,2.26837507402358,1.97072203466003,-1.67158343562612,TRUE,1.91006229092909,1.92138569848306,-0.825929330373043,TRUE,1.81395879295219,1.95610708030341,0.0229868202853471,TRUE,1.84289139414392,1.9692689697838,0.00386574768171491,-0.0906406354452645,-0.0554428776216338,-0.0906405209131672,-0.101827016798185,-0.0983763578817234,-0.128973968778597,-0.0937762109549668,-0.1289738542465,-0.140160350131518,-0.136709691215056,-0.180370548624211,-0.326662630851241,-0.180369331594787,0.0208706412516128,0.016090624927462
1,1.79009353970923,1.5347152151066,30,"24Hours",2,100,"systematic",0.445730105995887,0.971904761904762,1,0.2,-0.217938116069674,3.54365771890413,Inf,0.411208638382568,-0.114966017526307,-0.143061255621545,TRUE,1.86533573037913,73.7730126883988,5.39446688860442,TRUE,1.22238066229512,74.1973990597985,5.89917223471003,TRUE,1.86543909312498,73.7730127282064,5.39469748351245,TRUE,1717.17199330916,77.0172792226028,4.34528901921275,TRUE,6595.38420504819,77.3135701841284,4.27455273797189,-0.105987102367163,-0.199422531508484,-0.105975101965272,0.028095238095238,0.028095238095238,-0.134082340462401,-0.227517769603722,-0.13407034006051,0,0,0.549748786297951,0.551535677068366,0.549749824010343,0.541468144245295,0.54054268065756
2,1.82930406339288,1.66853123122266,30,"24Hours",2,100,"systematic",0.484875810789432,0.961666666666667,1,0.2,-0.0605152177708715,3.22234805057896,Inf,0.376802989312126,-0.0999878665651086,-0.138321199898442,TRUE,2.01161795265893,2.37052858022045,-0.637075818022162,TRUE,2.29961088750831,2.32076296589339,-1.57696316976853,TRUE,2.01161608938603,2.37052857971303,-0.637089623943243,TRUE,1.92346155397528,2.67957038500201,0.0468798622350471,TRUE,1.96917066057954,2.55772149006466,0.0452354042712112,-0.0796551645564311,-0.0528218589371546,-0.0796553584621846,-0.0891427217568986,-0.0841446606105213,-0.117988497889764,-0.0911551922704876,-0.117988691795518,-0.127476055090232,-0.122477993943854,-0.138967957272521,-0.313649809476405,-0.138971080932976,0.026842008805944,0.0264311122859037
1,0.0387008665776531,-1.25194645351174,5,"24Hours",3,50,"systematic",0.121616041765543,0.855714285714286,1,0.2,-1.97721492485989,1.78014108127419,Inf,0.38805796746603,-0.346040276482713,-0.490325990768427,TRUE,-1405.58878965906,6.73270183171662,9.15308625678517,FALSE,NA,NA,NA,TRUE,-949.769416966107,6.73734501759999,9.15528858707371,TRUE,6.07163807581702,4.15939703611015,6.07163807581702,FALSE,NA,NA,NA,-0.855714285714286,NA,-0.855714285714286,0.141983635647199,NA,-1,NA,-1,-0.00230207863851539,NA,0.878278076959978,NA,0.87827830986432,0.876081879595942,NA
2,0.585894016934398,-1.40407502238676,5,"24Hours",3,50,"systematic",0.148978800822655,0.843095238095238,1,0.2,-1.7426330196996,1.6814409176094,Inf,0.493443688120057,-0.200672749152526,-0.357577511057288,TRUE,3.28290295522609,37.9367271956503,2.45666062636942,TRUE,-2430952.56734361,38.3102623775269,2.85076916379696,TRUE,1.55329436708416,38.4908973150836,-30354.2365219182,TRUE,3.09109994549491,29.8282602975927,3.09104674933779,TRUE,3.24312835767341,27.2499158262909,3.24312835767285,0.120742363457207,-0.843095238095238,-0.0177062064903245,0.113428891949768,0.119330165203355,-0.0361623984475552,-1,-0.174610968395086,-0.0434758699549938,-0.0375745967014071,0.772068366333087,0.796379627399808,-0.148978800822655,0.807543116968201,0.813446602475918
1,0.925259909057332,-1.11627769165226,10,"24Hours",3,50,"systematic",0.121616041765543,0.855714285714286,1,0.2,-1.97721492485989,1.78014108127419,Inf,0.594496593315253,-0.13960165063349,-0.283887364919204,TRUE,1.50484259206684,37.1391051219123,11.4546242045998,TRUE,0.0302319161445119,38.2425558237407,15.0986450152279,TRUE,1.5046455715635,37.139105101541,11.453633360369,TRUE,6586.74091732239,40.1796474429795,8.9410443268194,TRUE,201030.277075931,40.6987150199438,8.59712689862521,-0.037418664541393,-0.348156882271941,-0.0374479609429119,0.144285714285714,0.144285714285714,-0.181704378827107,-0.492442596557655,-0.181733675228626,0,0,0.878373358003884,0.878383681067365,0.878373347495613,0.878253071106198,0.87819935680956
2,0.356966730926631,-0.539564562795865,10,"24Hours",3,50,"systematic",0.148978800822655,0.843095238095238,1,0.2,-1.7426330196996,1.6814409176094,Inf,0.439327166523916,-0.254789270748667,-0.411694032653429,TRUE,0.784338838899734,42.9644689691838,-116179.72661129,TRUE,-1.81810465223877,40.1456455725079,2.47362716569495,TRUE,-0.278417133733428,39.9191761055738,2.67641291676816,TRUE,2.81697834110637,33.4065311176579,2.81363393173609,FALSE,NA,NA,NA,-0.156480759259044,-0.703433782974969,-0.412253358638797,0.100491197609569,NA,-0.313385521163806,-0.86033854487973,-0.569158120543559,-0.0564135642951931,NA,-0.148978800822655,0.773293380372972,0.786641592602572,0.794429344044831,NA
1,0.867862583818392,-0.767134202644333,15,"24Hours",3,50,"systematic",0.121616041765543,0.855714285714286,1,0.2,-1.97721492485989,1.78014108127419,Inf,0.582684709834168,-0.151413534114575,-0.295699248400289,TRUE,1.28984130302974,38.6706316374226,11.0616738280367,TRUE,0.127363276212071,39.3964022629818,15.3919288318011,TRUE,1.28984711042364,38.6706316406279,11.06171866656,TRUE,9358.99906309235,43.7530554076479,7.99983288637179,TRUE,545385.716287087,44.5453705923136,7.63147315244406,-0.0715939588567335,-0.323916438855149,-0.0715929758080377,0.144285714285714,0.144285714285714,-0.215879673142447,-0.468202153140863,-0.215878690093752,0,0,0.878368255717311,0.878383751520332,0.878368256421362,0.878048552076529,0.877899247360437
2,0.550296386181662,-0.563556930864499,15,"24Hours",3,50,"systematic",0.148978800822655,0.843095238095238,1,0.2,-1.7426330196996,1.6814409176094,Inf,0.485225551313471,-0.208890885959112,-0.365795647863874,TRUE,0.28879568696496,41.129552334666,2.71182649690822,TRUE,-0.187807586826738,41.8212279479124,2.37160297213877,TRUE,0.288953232774306,41.1295522874551,2.71180557002503,TRUE,2.65800045524334,37.90045445669,2.62134898211762,TRUE,3.23814605813268,29.8050495673921,3.23814592906107,-0.27139396646489,-0.389909613780605,-0.271355390402802,0.0914071472688599,0.119149575874906,-0.428298728369652,-0.546814375685367,-0.428260152307564,-0.0654976146359021,-0.0377551860298555,0.78874210128834,0.765657298059587,0.788740879138548,0.783244188437565,0.813266008458352
1,1.33063235982698,-0.54661619190231,20,"24Hours",3,50,"systematic",0.121616041765543,0.855714285714286,1,0.2,-1.97721492485989,1.78014108127419,Inf,0.669329173513791,-0.0647690704349525,-0.209054784720667,TRUE,2.31222442478292,189.207170857287,12.7530793156054,TRUE,1.87933028844145,193.733236000396,2066.89108720256,TRUE,2.31221253875925,189.207171089251,12.7527226596291,TRUE,1360.28252008451,216.296400966076,4.17142329104178,TRUE,24485.958750816,216.602070357719,4.06220789866828,0.0541701271498781,0.0118198973545457,0.0541691525533755,0.144285714285714,0.144285714285714,-0.0901155871358359,-0.132465816931168,-0.0901165617323385,0,0,0.878381064845835,0.878383958234457,0.878381063813709,0.863188151129662,0.861464186987931
2,0.902172204496802,-0.393131061946648,20,"24Hours",3,50,"systematic",0.148978800822655,0.843095238095238,1,0.2,-1.7426330196996,1.6814409176094,Inf,0.562416885865713,-0.13169955140687,-0.288604313311632,TRUE,0.565307530447981,43.2330262955535,2.61021509326369,TRUE,0.417032195687772,44.2549938007179,2.17247034442573,TRUE,0.565273938477353,43.2330264623436,2.60995986464425,TRUE,1.23427397613336,45.3909310665394,0.77215799580761,TRUE,3.24309570403147,35.3569753806888,3.24309570403069,-0.205415529308903,-0.240322375387487,-0.205423290578062,-0.0685294935873045,0.119328984340152,-0.362320291213665,-0.397227137292249,-0.362328052482824,-0.225434255492067,-0.0375757775646097,0.782537318351684,0.748771153852893,0.782521034544922,0.535008725757663,0.813445421612707
1,21.7723922884901,-0.58986138171563,30,"24Hours",3,50,"systematic",0.121616041765543,0.855714285714286,1,0.2,-1.97721492485989,1.78014108127419,Inf,0.878383957884213,0.14428571393547,-3.50243611890733e-10,TRUE,2.88660595099266,563.988866078776,13.5544338257465,TRUE,1088255.61944784,580.849098297679,2.2364875251632,TRUE,2.88652443137889,563.98886562657,13.5496594704288,TRUE,9094.06259786342,572.853546542373,1.54924601251836,TRUE,125218.065909645,574.320076342796,1.66844150481736,0.0914660499272755,0.144285714285714,0.0914619713729122,0.144285714285714,0.144285714285714,-0.0528196643584385,0,-0.0528237429128018,0,0,0.878382659908857,0.781862544848117,0.878382653695377,0.703188764174439,0.719751880894118
2,0.995779327985563,-0.192941491661144,30,"24Hours",3,50,"systematic",0.148978800822655,0.843095238095238,1,0.2,-1.7426330196996,1.6814409176094,Inf,0.581249134494079,-0.112867302778504,-0.269772064683266,TRUE,0.728613156760238,44.8662988828018,2.47853282498296,TRUE,43187.4226981372,46.1857227805883,0.666517155752298,TRUE,379.398748589708,46.1858208203698,0.666559035064278,TRUE,247.33398089159,46.1333138191032,0.644415703469255,TRUE,293.055216945413,46.1423251344224,0.646375686299393,-0.16859437246363,0.156904761904762,0.156904761904762,0.156904761904762,0.156904761904762,-0.325499134368392,0,0,0,0,0.773644320785206,0.511744053161376,0.511753441106669,0.506772152333907,0.507214466906902
1,1.26587163906002,-0.016987387336664,5,"24Hours",3,100,"systematic",0.445730105995887,0.971904761904762,1,0.2,-0.217938116069674,3.54365771890413,Inf,0.334305115578703,-0.191869540330172,-0.21996477842541,TRUE,8.97712445798814,210.996686218844,3.68180251489964,TRUE,11.2049252675265,211.726859241855,4.13957964319539,TRUE,8.97701192549797,210.996686462108,3.68277972711215,TRUE,9.01207844476868,209.682794081053,3.36729699904086,TRUE,8.96643913678587,210.439766920063,3.59222815136302,0.0279689886287209,0.0280816312678102,0.0279689744225485,0.0279733247883991,0.0279676325526096,-0.00012624946651707,-1.36068274277923e-05,-0.00012626367268942,-0.000121913306838861,-0.000127605542628362,0.529710683774012,0.53859011950577,0.529734083050616,0.520936598340289,0.527470948416564
2,1.69593108808937,0.00393884642428268,5,"24Hours",3,100,"systematic",0.484875810789432,0.961666666666667,1,0.2,-0.0605152177708715,3.22234805057896,Inf,0.360126753376147,-0.116664102501088,-0.154997435834421,TRUE,1.58645968466158,0.0264135460042871,30.8048009326527,TRUE,0.531430668002713,0.558305224316798,1135.29160895889,TRUE,1.58645977091124,0.0264135460038967,30.8048302222649,TRUE,4464.3562952162,1.81445629647116,5.65661351788789,TRUE,74579.5901095085,1.92853301148491,5.37894550221829,-0.131549244337251,-0.331849935960222,-0.13154923217411,0.038333333333333,0.038333333333333,-0.169882577670584,-0.370183269293555,-0.169882565507443,0,0,0.515124189210526,0.515124189210568,0.515124189210526,0.511642026665746,0.510532684935493
1,2.07339493421656,0.391534436572223,10,"24Hours",3,100,"systematic",0.445730105995887,0.971904761904762,1,0.2,-0.217938116069674,3.54365771890413,Inf,0.442560181331266,-0.0836144745776092,-0.111709712672847,TRUE,-1228.93678925982,242.019483629769,8.82895770073083,TRUE,-9169062.40413528,241.999329086608,8.82562698442702,TRUE,-1103.55850148431,242.022070654403,8.82929487462705,TRUE,8.88299498397983,188.563342117323,8.88299498397983,FALSE,NA,NA,NA,-0.971904761904762,-0.971904761904762,-0.971904761904762,0.0279565292835924,NA,-1,-1,-1,-0.000138708811645571,NA,0.554123484658277,0.554122996269025,0.554123534008141,0.554131185192467,NA
2,1.49300417167579,0.597163880848194,10,"24Hours",3,100,"systematic",0.484875810789432,0.961666666666667,1,0.2,-0.0605152177708715,3.22234805057896,Inf,0.331652943418411,-0.145137912458824,-0.183471245792157,TRUE,1.53541804851443,0.114525104990464,26.6031725234195,TRUE,0.957122370130719,1.01214514740628,1833.50251449549,TRUE,865.086894073635,4.92836510776876,2.86614646807114,TRUE,2919.57464659957,4.16151265282134,3.48515132998437,TRUE,28822.4501265698,4.26344311455471,3.37528755871763,-0.138869009846811,-0.239121380746868,0.038333333333333,0.038333333333333,0.038333333333333,-0.177202343180144,-0.277454714080201,0,0,0,0.515124189207773,0.515124189210568,0.461271527145598,0.485386503169595,0.482047408962985
1,2.3571308441982,0.698072300324848,15,"24Hours",3,100,"systematic",0.445730105995887,0.971904761904762,1,0.2,-0.217938116069674,3.54365771890413,Inf,0.467769252560991,-0.0584054033478842,-0.0865006414431222,TRUE,0.401177623463053,258.889863190152,8.54551084976391,TRUE,-4.85932274189873,259.532283143046,8.36779608125686,TRUE,0.400272195846684,258.889862593895,8.54522967782956,TRUE,16.228934240937,258.540567335055,8.07187619142508,TRUE,1784.2510453598,258.892144247762,8.28160675737325,-0.37293419801177,-0.964208715651074,-0.373151705572299,0.0280951485869247,0.028095238095238,-0.401029436107008,-0.992303953746312,-0.401246943667537,-8.9508313205755e-08,0,0.554075515888596,0.554037721121723,0.554075461237869,0.553957794450729,0.554016827908404
2,1.58622093748547,0.899134841556068,15,"24Hours",3,100,"systematic",0.484875810789432,0.961666666666667,1,0.2,-0.0605152177708715,3.22234805057896,Inf,0.345207940165695,-0.13158291571154,-0.169916249044873,TRUE,1.56079795570049,0.170936524985305,28.5371210873183,FALSE,NA,NA,NA,TRUE,627.496769909585,6.23213707598642,2.40174979137418,TRUE,1327.64303784958,5.81820508394732,2.67277684557619,TRUE,6642.7395141503,5.88157015892227,2.62123152169902,-0.135198842054406,NA,0.038333333333333,0.038333333333333,0.038333333333333,-0.173532175387739,NA,0,0,0,0.515124189210164,NA,0.432084825774297,0.450525217128339,0.447339756558588
1,2.46938812023799,0.906310807124833,20,"24Hours",3,100,"systematic",0.445730105995887,0.971904761904762,1,0.2,-0.217938116069674,3.54365771890413,Inf,0.476237649642847,-0.0499370062660281,-0.0780322443612661,TRUE,2.10420649408941,262.690020879418,8.83641270638917,TRUE,-0.122684003998073,265.033041482779,8.64656756223212,TRUE,2.10347171521085,262.690021844949,8.83518555445692,TRUE,3496.42987996032,267.130383189054,7.57348597717538,TRUE,37344.9903313434,267.815367260749,7.40297778170999,-0.0805934059297334,-0.502537350683383,-0.0806646084136303,0.028095238095238,0.028095238095238,-0.108688644024971,-0.530632588778621,-0.108759846508868,0,0,0.554124571924339,0.55409419588638,0.554124393508566,0.553756260073278,0.553660829898079
2,2.15616712612637,0.808435200700762,20,"24Hours",3,100,"systematic",0.484875810789432,0.961666666666667,1,0.2,-0.0605152177708715,3.22234805057896,Inf,0.411367856076478,-0.0654229998007572,-0.10375633313409,TRUE,1.63759226541495,0.647640611893894,36.6389758091541,FALSE,NA,NA,NA,TRUE,641.059076444352,7.61293090126301,2.09356324523642,TRUE,434.907169767067,7.48437895703482,2.18934941637147,TRUE,558.822516161956,7.51111173453046,2.16612284106494,-0.124459616405789,NA,0.038333333333333,0.038333333333333,0.038333333333333,-0.162792949739122,NA,0,0,0,0.515124189210568,NA,0.405400173587376,0.414413188700932,0.412290002150421
1,3.22582846929883,1.20489779652197,30,"24Hours",3,100,"systematic",0.445730105995887,0.971904761904762,1,0.2,-0.217938116069674,3.54365771890413,Inf,0.51606465648695,-0.0101099994219247,-0.0382052375171626,TRUE,2.53436860733528,264.818249609234,9.01463848822862,FALSE,NA,NA,NA,TRUE,2.534692248036,264.818249101453,9.01621560497066,TRUE,5693.63611648965,282.6400441713,6.19245394180654,TRUE,36099.3405280598,283.691087337152,6.03342330928029,-0.0453884223079333,NA,-0.04536639065669,0.028095238095238,0.028095238095238,-0.0734836604031712,NA,-0.073461628751928,0,0,0.554148292363576,NA,0.554148483969143,0.552229263925619,0.5518783538717
2,2.04300340270098,1.05532510343507,30,"24Hours",3,100,"systematic",0.484875810789432,0.961666666666667,1,0.2,-0.0605152177708715,3.22234805057896,Inf,0.400362929398393,-0.0764279264788416,-0.114761259812175,TRUE,1.84522333101024,3.06914707448229,190.600229785148,TRUE,618643.918515315,9.43449946118439,1.78464942751195,TRUE,481.315262565329,9.43459936511634,1.78470777691859,TRUE,125.778310451857,9.40775123612161,1.77015967741971,TRUE,55.8038692359781,9.41583820975602,1.7735455537264,-0.0981013754208917,0.038333333333333,0.038333333333333,0.038333333333333,0.038333333333333,-0.136434708754225,0,0,0,0,0.515124189210568,0.371394216299532,0.371401397309039,0.369601716595216,0.370022230585897
1,6.09592299225543,-2.22291708779701,5,"24Hours",4,50,"systematic",0.121616041765543,0.855714285714286,1,0.2,-1.97721492485989,1.78014108127419,Inf,0.876136987905965,0.142038743957222,-0.00224697032849175,TRUE,2055.11090732377,17.5951384466879,-1.39292704371428,FALSE,NA,NA,NA,TRUE,2091.51394169551,17.5950682046877,-1.39296281552958,FALSE,NA,NA,NA,FALSE,NA,NA,NA,0.144285714285714,NA,0.144285714285714,NA,NA,0,NA,0,NA,NA,0.0773248403399675,NA,0.0773191396829818,NA,NA
2,0.421307476605455,-1.31792328261341,5,"24Hours",4,50,"systematic",0.148978800822655,0.843095238095238,1,0.2,-1.7426330196996,1.6814409176094,Inf,0.454817274339756,-0.239299162932827,-0.396203924837589,TRUE,0.808253765330113,5.97705072050845,-110794.813231832,FALSE,NA,NA,NA,TRUE,0.808209302031173,5.97744301567112,-18698.5663069036,TRUE,1.11311693505069,6.54605312494904,1.11311693440959,TRUE,1.11764216483088,6.52743294444027,1.1176421526447,-0.1513579705956,NA,-0.151367451888913,-0.0903854903888751,-0.0895441377292857,-0.308262732500362,NA,-0.308272213793675,-0.247290252293637,-0.246448899634048,-0.148978800822655,NA,-0.148978800822655,0.603730946764376,0.604572297280179
1,2.1646099062781,-1.45326677414241,10,"24Hours",4,50,"systematic",0.121616041765543,0.855714285714286,1,0.2,-1.97721492485989,1.78014108127419,Inf,0.775410104947326,0.0413118609985833,-0.102973853287131,TRUE,1.90720011153298,27.7425907797838,-0.0704176772922422,TRUE,2.64431453177238,27.822567243954,0.0133460760584732,TRUE,1.90691870667334,27.7425908189608,-0.0709013968257475,TRUE,2.08192868302213,23.0810863984991,3.88007704535231e-17,TRUE,2.08505181254292,22.9866428753075,0,0.0149899823569705,0.0779454181566902,0.0149582989584798,0.0334200092753717,0.0337274962637261,-0.129295731928744,-0.0663402961290238,-0.129327415327234,-0.110865705010342,-0.110558218021988,0.36078680981779,0.38172042772552,0.360666030753263,0.378383958234457,0.378383958234457
2,1.23092346916258,-1.1758779451152,10,"24Hours",4,50,"systematic",0.148978800822655,0.843095238095238,1,0.2,-1.7426330196996,1.6814409176094,Inf,0.625001361277634,-0.0691150759949489,-0.226019837899711,TRUE,29.0508953724141,8.10678216836041,0.38231552424141,FALSE,NA,NA,NA,TRUE,36.7988583375967,8.10676534016866,0.382772547721017,TRUE,11.0918499743338,8.10731694293626,0.453507376803527,TRUE,48.3800199456893,8.10715062452416,0.443108915646355,0.15690476190452,NA,0.156904761904762,0.156889526143978,0.156904761904762,-2.41806574763359e-13,NA,0,-1.52357607835496e-05,0,0.445452656786516,NA,0.445562832484044,0.462494019056924,0.460020772449398
1,17.4042245230039,-1.22244984987578,15,"24Hours",4,50,"systematic",0.121616041765543,0.855714285714286,1,0.2,-1.97721492485989,1.78014108127419,Inf,0.878383930600612,0.144285686651869,-2.7633844879027e-08,TRUE,3239.83780978829,220.905810642177,-1.00954373515833,FALSE,NA,NA,NA,TRUE,2919.45796229607,220.908249298796,-1.00949496273628,TRUE,2010.23553365896,53.1808806403571,2.78918544759907e-16,TRUE,10861.1840890533,53.3762063170036,0,0.144285714285714,NA,0.144285714285714,0.144285714285714,0.144285714285714,0,NA,0,0,0,0.145453110252585,NA,0.145462657231985,0.378383958234457,0.378383958234457
2,0.606799610527799,-0.629495476799723,15,"24Hours",4,50,"systematic",0.148978800822655,0.843095238095238,1,0.2,-1.7426330196996,1.6814409176094,Inf,0.498231603956605,-0.195884833315978,-0.35278959522074,TRUE,-232.369588720997,9.18253059988607,0.587028987839801,FALSE,NA,NA,NA,TRUE,0.947878007020336,7.08556200100974,-19934.6944336213,TRUE,0.991497461286745,9.03434296381659,0.371314906745011,TRUE,0.972260141333256,9.02090804914911,0.290673986493547,-0.843095238095238,NA,-0.122407010168997,-0.113711640590284,-0.117525475483484,-1,NA,-0.279311772073759,-0.270616402495046,-0.274430237388246,0.493704366743409,NA,-0.148978800822655,0.442797867185974,0.423182327149038
1,17.5455498598121,-1.19424829283537,20,"24Hours",4,50,"systematic",0.121616041765543,0.855714285714286,1,0.2,-1.97721492485989,1.78014108127419,Inf,0.878383934242565,0.144285690293822,-2.39918923616855e-08,TRUE,3547.20727996199,487.94890780101,-2.62544429778336,FALSE,NA,NA,NA,TRUE,3238.0160127254,487.963642460847,-2.6255582466049,FALSE,NA,NA,NA,FALSE,NA,NA,NA,0.144285714285714,NA,0.144285714285714,NA,NA,0,NA,0,NA,NA,-0.0540973289616096,NA,-0.054104502818606,NA,NA
2,0.995641967559373,-0.504086173292026,20,"24Hours",4,50,"systematic",0.148978800822655,0.843095238095238,1,0.2,-1.7426330196996,1.6814409176094,Inf,0.581222074307773,-0.11289436296481,-0.269799124869572,TRUE,0.911630184158317,7.36228374882617,-133253.329923283,FALSE,NA,NA,NA,TRUE,0.911622513893235,7.36267988673267,-20527.7140300659,TRUE,0.903826249427835,9.32469983493879,0.351490897497919,TRUE,0.911592901344363,7.78604646433114,0,-0.129761605106031,NA,-0.129763173591601,-0.131360075137497,-0.129769229083102,-0.286666367010793,NA,-0.286667935496363,-0.288264837042259,-0.286673990987864,-0.148978800822655,NA,-0.148978800822655,0.438000270104876,0.351021199177345
1,1.16646408566034,-0.487993658268695,30,"24Hours",4,50,"systematic",0.121616041765543,0.855714285714286,1,0.2,-1.97721492485989,1.78014108127419,Inf,0.640889246249762,-0.0932089976989807,-0.237494711984695,TRUE,4.46531164614989,797.758313880572,-1.5698366568855,TRUE,5.25524870476074,807.658497398593,-1.95284479053356,TRUE,4.46554583957966,797.758315827578,-1.57035151594024,FALSE,NA,NA,NA,FALSE,NA,NA,NA,0.132915374895806,0.1390927738039,0.132918007175743,NA,NA,-0.0113703393899082,-0.00519294048181385,-0.0113677071099707,NA,NA,0.0506236370674892,0.00262745214137199,0.0505502443656571,NA,NA
2,1.3240675384069,-0.450210661591153,30,"24Hours",4,50,"systematic",0.148978800822655,0.843095238095238,1,0.2,-1.7426330196996,1.6814409176094,Inf,0.640878842085631,-0.0532375951869518,-0.210142357091714,TRUE,0.929089140445037,7.72120014752615,-131237.453326157,FALSE,NA,NA,NA,TRUE,0.929084422128653,7.72157763781683,-21584.3121888319,TRUE,0.932894031721053,9.68390303320897,0.36210484277154,TRUE,0.92890187254363,8.15995470864885,0,-0.126204782791711,NA,-0.12620574041525,-0.125433185337519,-0.126242791953464,-0.283109544696473,NA,-0.283110502320012,-0.282337947242281,-0.283147553858226,-0.148978800822655,NA,-0.148978800822655,0.440571060653769,0.351021199177345
1,1.73055222652699,-0.0576584233647523,5,"24Hours",4,100,"systematic",0.445730105995887,0.971904761904762,1,0.2,-0.217938116069674,3.54365771890413,Inf,0.403752936455103,-0.122421719453772,-0.15051695754901,TRUE,5.63018054259835,156.388008324505,-729719.289671921,TRUE,4.66721869062046,176.111559594975,1.6937846092879,TRUE,5.62995487681474,156.39369127449,-83129.9736488798,FALSE,NA,NA,NA,FALSE,NA,NA,NA,0.0245201378007817,0.0187843720945647,0.0245193338172202,NA,NA,-0.00357510029445629,-0.00931086600067321,-0.00357590427801779,NA,NA,-0.445730105995887,0.398991118671066,-0.445730105995887,NA,NA
2,1.52468958977986,0.106702539747121,5,"24Hours",4,100,"systematic",0.484875810789432,0.961666666666667,1,0.2,-0.0605152177708715,3.22234805057896,Inf,0.336352197974688,-0.140438657902548,-0.178771991235881,FALSE,NA,NA,NA,FALSE,NA,NA,NA,TRUE,70.0025701318362,0.365342164348265,1.50274205657563,TRUE,17.597920053021,0.365310798764161,1.50438543136982,TRUE,6.2195874095312,0.365331885700386,1.50316717914797,NA,NA,0.038333333333333,0.038333310565567,0.0363472197005835,NA,NA,0,-2.2767766005849e-08,-0.00198611363274948,NA,NA,0.333107277335614,0.333351826229239,0.333170563900026
1,1.82548590255143,0.421292987524857,10,"24Hours",4,100,"systematic",0.445730105995887,0.971904761904762,1,0.2,-0.217938116069674,3.54365771890413,Inf,0.415492984692791,-0.110681671216084,-0.138776909311322,TRUE,-0.830569680746036,167.671780504359,7.42107622025938,TRUE,-7.48350852202324,168.032578563046,7.19513823243016,TRUE,-0.832590520320847,167.671780874068,7.42043400698463,TRUE,8.90559052469541,166.12026460334,6.98677903336816,TRUE,29.3999655086966,167.184578378866,7.18257301249,-0.668380134250786,-0.971342796712338,-0.66880716484365,0.0279596279196505,0.0280952380950674,-0.696475372346024,-0.999438034807576,-0.696902402938888,-0.000135610175587497,-1.70530256582424e-13,0.553671747321776,0.553520232045977,0.553671363290653,0.553346729050419,0.553510760145748
2,1.69864651003053,0.544541103537061,10,"24Hours",4,100,"systematic",0.484875810789432,0.961666666666667,1,0.2,-0.0605152177708715,3.22234805057896,Inf,0.360482067873816,-0.116308788003419,-0.154642121336752,TRUE,18.5401628042219,0.583230959934249,1.41953689565255,TRUE,165.784729889988,0.583229778046685,1.42029389350119,TRUE,15.1197606772398,0.583231961207206,1.41929777965591,TRUE,2.61192309717604,0.582854590986802,1.4138457354679,TRUE,3.43067685565557,0.583063472807205,1.41703020969101,0.0383333244595339,0.038333333333333,0.0383330619574482,-0.0300416676402346,0.00698296203784654,-8.87379913994124e-09,0,-2.71375884763891e-07,-0.0683750009735676,-0.0313503712954865,0.3203899952015,0.320508674713634,0.320352496018451,0.319495997764146,0.319996613976504
1,2.14982906383576,0.559804722182749,15,"24Hours",4,100,"systematic",0.445730105995887,0.971904761904762,1,0.2,-0.217938116069674,3.54365771890413,Inf,0.449922696466496,-0.0762519594423788,-0.104347197537617,TRUE,1.52708494620872,170.472587776559,7.72709129175318,TRUE,-0.595007644801449,172.638618053531,7.23052483099783,TRUE,1.52689875739217,170.472587824677,7.7269994183563,TRUE,3718.74466613208,173.388058385354,6.53680896270414,TRUE,103389.663965988,173.822407660208,6.36600051111536,-0.150325355268984,-0.616418067158591,-0.150352649704591,0.028095238095238,0.028095238095238,-0.178420593364222,-0.644513305253829,-0.178447887799829,0,0,0.553829363963749,0.553546277292525,0.553829323506731,0.552822885593704,0.552553823265829
2,1.82224361658767,0.685889958264591,15,"24Hours",4,100,"systematic",0.484875810789432,0.961666666666667,1,0.2,-0.0605152177708715,3.22234805057896,Inf,0.375959314718036,-0.100831541159199,-0.139164874492532,TRUE,2.55847722550604,0.657523444575706,1.3859200141101,TRUE,3.67967635704691,0.658224466662034,1.39153205264861,TRUE,2.55770788166809,0.657523445217809,1.38587905322574,TRUE,2.23035181547751,0.655015334497272,1.38102350372515,TRUE,2.34478892450316,0.656270363500861,1.3832297501403,-0.0335257046665017,0.0137231372273876,-0.0335770332018439,-0.0587244710225355,-0.0491475354076099,-0.0718590379998347,-0.0246101961059454,-0.0719103665351769,-0.0970578043558685,-0.0874808687409429,0.315064286962433,0.315960903207393,0.315057731668357,0.314279518341049,0.314633400615115
1,2.42410971782474,0.793171612422264,20,"24Hours",4,100,"systematic",0.445730105995887,0.971904761904762,1,0.2,-0.217938116069674,3.54365771890413,Inf,0.472917304528289,-0.0532573513805856,-0.0813525894758236,TRUE,2.03041866260764,173.08324765511,7.84498309903865,TRUE,0.922551265431096,177.322110310852,7.21552322210855,TRUE,2.03045709818593,173.083247925647,7.84564782036724,TRUE,4736.3145511625,183.556645062712,5.20351912782439,TRUE,65252.1968250908,184.128675593362,5.04788166314235,-0.0879507309516928,-0.256343103610573,-0.0879467883150796,0.028095238095238,0.028095238095238,-0.116045969046931,-0.284438341705811,-0.116042026410318,0,0,0.553878335154122,0.553535348078502,0.553878595243341,0.548802762791389,0.547887959724961
2,2.30533823076956,0.762191866408277,20,"24Hours",4,100,"systematic",0.484875810789432,0.961666666666667,1,0.2,-0.0605152177708715,3.22234805057896,Inf,0.424442374228325,-0.05234848164891,-0.090681814982243,TRUE,48.7514438387579,0.803171528158177,1.42441930262128,TRUE,568960.947619589,0.802998882432902,1.42548491935247,TRUE,44.2965696089038,0.80318956569538,1.42430785808928,TRUE,44.5914516287975,0.800757906085122,1.45246835223958,TRUE,20.9179320301834,0.801374427596324,1.44249625654226,0.038333333333333,0.038333333333333,0.038333333333333,0.038333333333333,0.0383333325102236,0,0,0,0,-8.23109358449869e-10,0.321154478120551,0.32132102813144,0.321137053679428,0.325502214351204,0.323965102657894
1,3.29648866551136,1.05359267460992,30,"24Hours",4,100,"systematic",0.445730105995887,0.971904761904762,1,0.2,-0.217938116069674,3.54365771890413,Inf,0.518578048674997,-0.00759660723387823,-0.0356918453291162,TRUE,2.4427240798523,178.071006171815,7.84281541956731,TRUE,1.98897553745539,185.292728909161,7.13197285275402,TRUE,2.93502575028106,195.631330739756,-42537.4185330586,TRUE,1166.1136665342,197.53181732622,3.57179378329714,TRUE,1630.13193460884,197.690013115921,3.52004793807982,-0.0518770158249673,-0.0922700497120847,-0.0223537890189242,0.028095238095238,0.028095238095238,-0.0799722539202052,-0.120365287807323,-0.0504490271141621,0,0,0.553877485792868,0.553471390877616,-0.445730105995887,0.526932819779849,0.525522736575354
2,2.68055976031531,0.937443372246256,30,"24Hours",4,100,"systematic",0.484875810789432,0.961666666666667,1,0.2,-0.0605152177708715,3.22234805057896,Inf,0.450993916463213,-0.0257969394140224,-0.0641302727473554,TRUE,100.441876795154,1.09599096186419,1.41837926572215,FALSE,NA,NA,NA,TRUE,92.4142646952087,1.09607331887176,1.4182958582373,TRUE,106.333107094162,1.06495047247449,1.46824023720459,TRUE,60.9758458143448,1.07195642236096,1.45504434125886,0.038333333333333,NA,0.038333333333333,0.038333333333333,0.038333333333333,0,NA,0,0,0,0.320208399872243,NA,0.32019531093436,0.327913952601828,0.325897738491931
1,-0.705131503102975,-0.628814651454095,5,"none",2,50,"systematic",0.121616041765543,0.855714285714286,1,0.2,-1.97721492485989,1.78014108127419,Inf,0.209059449330972,-0.525038794617771,-0.669324508903485,TRUE,-1008.9740339353,30.4071256509957,4.58197224644357,FALSE,NA,NA,NA,TRUE,-971.712411346821,30.4073575582841,4.5820140762415,TRUE,3.39159196644194,21.1018471913902,3.39159196543921,TRUE,3.41589287524538,20.1932990507597,3.41589287524538,-0.855714285714286,NA,-0.855714285714286,0.111726441927436,0.112483266104093,-1,NA,-1,-0.0325592723582785,-0.0318024481816206,0.868252954878708,NA,0.868253374354641,0.845824685844593,0.846581510052836
2,0.0833806345314689,-1.15267918432255,5,"none",2,50,"systematic",0.148978800822655,0.843095238095238,1,0.2,-1.7426330196996,1.6814409176094,Inf,0.371854289331698,-0.322262147940885,-0.479166909845647,TRUE,1.42008832145302,10.5861035179899,132380.792237842,TRUE,0.470814343389975,13.9618099459637,2598.52027062562,TRUE,1.42008963477565,10.5866135786549,46731.534839343,TRUE,4559.15054440271,16.0229582380145,4.70500248089368,TRUE,37915.3256974606,16.1093762820144,4.45560253943666,-0.0377429760427918,-0.227518755664577,-0.0377427701664245,0.156904761904762,0.156904761904762,-0.194647737947554,-0.384423517569339,-0.194647532071186,0,0,0.851021199177345,0.851021199177345,0.851021199177345,0.842052473408774,0.839541199804292
1,-0.312521578592596,-0.154144905960825,10,"none",2,50,"systematic",0.121616041765543,0.855714285714286,1,0.2,-1.97721492485989,1.78014108127419,Inf,0.300883328000221,-0.433214915948522,-0.577500630234236,TRUE,3.33632266337332,67.8008799064571,2.94022703571139,TRUE,-3639630.66320414,69.1308023813731,3.69721630578844,TRUE,-698.349961542075,69.1369924739906,3.69868665522966,FALSE,NA,NA,NA,FALSE,NA,NA,NA,0.109939801676868,-0.855714285714286,-0.855714285714286,NA,NA,-0.0343459126088457,-1,-1,NA,NA,0.828183511294648,0.854191308096975,0.854225994900868,NA,NA
2,-0.351952311551995,-0.356913628748522,10,"none",2,50,"systematic",0.148978800822655,0.843095238095238,1,0.2,-1.7426330196996,1.6814409176094,Inf,0.263930269990393,-0.43018616728219,-0.587090929186952,TRUE,674.212011964343,18.9652739104619,3.16712989204643,TRUE,-0.531654040176306,16.439180114391,422.012829670005,TRUE,-0.657102678671052,17.3231794046181,5.06695541015821,TRUE,5912.62946140753,17.7203618540961,6.20686890509804,FALSE,NA,NA,NA,0.156904761904762,-0.472964045981211,-0.501704483499302,0.156904761904762,NA,0,-0.629868807885973,-0.658609245404064,0,NA,0.810599605626549,0.851021199177345,0.844759083697772,0.849009714964516,NA
1,-0.151287948140576,-0.139761934370214,15,"none",2,50,"systematic",0.121616041765543,0.855714285714286,1,0.2,-1.97721492485989,1.78014108127419,Inf,0.340633945741088,-0.393464298207655,-0.537750012493369,TRUE,-2.21452736139762,71.4522291852324,3.80316096369546,TRUE,-5.99584813560298,71.5695899116952,3.77140016171825,TRUE,-2.21285010534809,71.4522292317406,3.80355647830506,TRUE,2.54286654603716,65.7568709297869,2.5428652230203,FALSE,NA,NA,NA,-0.757260794135873,-0.853231400762838,-0.757111819916711,0.0713785330205624,NA,-0.901546508421587,-0.997517115048552,-0.901397534202425,-0.0729071812651516,NA,0.856570237617383,0.85588213661957,0.856578675465577,0.805476687544264,NA
2,0.368698803877266,-0.276277628861396,15,"none",2,50,"systematic",0.148978800822655,0.843095238095238,1,0.2,-1.7426330196996,1.6814409176094,Inf,0.442165725375503,-0.25195071189708,-0.408855473801842,TRUE,0.0211760700183772,18.3096631822217,6.26232461868362,TRUE,-0.345022718086966,17.2530920295079,1177.71142203748,TRUE,0.0211794699761922,18.309663183398,6.26235817509464,TRUE,5295.18373615594,18.3130518977784,6.18699583596653,FALSE,NA,NA,NA,-0.337801418413005,-0.428505321031373,-0.337800568518849,0.156904761904762,NA,-0.494706180317767,-0.585410082936135,-0.494705330423611,0,NA,0.849118020135451,0.851021199177345,0.8491180838767,0.848969423587507,NA
1,-0.286644849739198,0.530853291532651,20,"none",2,50,"systematic",0.121616041765543,0.855714285714286,1,0.2,-1.97721492485989,1.78014108127419,Inf,0.307209419329234,-0.426888824619509,-0.571174538905223,TRUE,1002.40656338485,77.4250841701632,2.48462356328719,TRUE,-2.3167181508099,73.1678961629713,4.17218119209326,TRUE,-0.758462143323278,72.5815591278947,4.092595637971,TRUE,2.53602047375915,66.1346186736171,2.53601973275548,FALSE,NA,NA,NA,0.144285714285714,-0.765966482558642,-0.536734041094765,0.0709144400386894,NA,0,-0.910252196844356,-0.681019755380479,-0.0733712742470246,NA,0.801440778087178,0.863199488872568,0.861962290871681,0.80501263360811,NA
2,0.368698803925887,-0.276277628884283,20,"none",2,50,"systematic",0.148978800822655,0.843095238095238,1,0.2,-1.7426330196996,1.6814409176094,Inf,0.442165725387254,-0.251950711885329,-0.408855473790091,TRUE,0.0553174405484594,18.636322363916,6.37858420867957,TRUE,-0.275256354283783,17.6998017805653,1527.73663899096,TRUE,0.0553367352068639,18.6363223546705,6.37889918575415,TRUE,5332.65477425399,18.6713176155871,6.18470505933718,TRUE,11355.8311487368,18.7388585525007,5.5440723670649,-0.329269403388334,-0.41147811247819,-0.329264583413264,0.156904761904762,0.156904761904762,-0.486174165293096,-0.568382874382952,-0.486169345318026,0,0,0.84932655128712,0.851021199177345,0.849327084074166,0.84896472771714,0.847125863063686
1,-0.041594805390048,0.50210199144902,30,"none",2,50,"systematic",0.121616041765543,0.855714285714286,1,0.2,-1.97721492485989,1.78014108127419,Inf,0.367986755884488,-0.366111488064255,-0.510397202349969,TRUE,1069.34053929364,86.6730176282755,1.65896854375501,TRUE,-0.964198475633376,75.6455710623052,4.88278188402042,TRUE,-0.283759443509137,73.929541337057,4.33788188362402,TRUE,2.64801634351642,63.5328158939681,2.64801634351642,FALSE,NA,NA,NA,0.144285714285714,-0.579675907657346,-0.426181945316546,0.0781743378890135,NA,0,-0.72396162194306,-0.57046765960226,-0.0661113763967005,NA,0.718483451966644,0.870865011707417,0.865488259488063,0.812272581837757,NA
2,0.366686741719714,0.270289832141972,30,"none",2,50,"systematic",0.148978800822655,0.843095238095238,1,0.2,-1.7426330196996,1.6814409176094,Inf,0.441679335655519,-0.252437101617064,-0.409341863521826,TRUE,0.124521105379247,19.1857985530286,6.64365499774422,TRUE,-0.138434651929401,18.7249934810117,2494.7488311334,TRUE,0.124515964318924,19.1857985616912,6.64349116004267,TRUE,2923.97030572184,19.5199360674611,6.18045716155066,FALSE,NA,NA,NA,-0.312005123701509,-0.377648736318141,-0.31200640399747,0.156904761904762,NA,-0.468909885606271,-0.534553498222903,-0.468911165902232,0,NA,0.849720634067804,0.851021199177345,0.849720421245944,0.848955991535504,NA
1,0.532760300930807,0.254886596457944,5,"none",2,100,"systematic",0.445730105995887,0.971904761904762,1,0.2,-0.217938116069674,3.54365771890413,Inf,0.184396571913252,-0.341778083995623,-0.369873322090861,TRUE,0.420118861131315,0.120375377549742,100.554219879309,TRUE,-0.739232570012973,1.11795240971402,1593.34635579383,TRUE,0.420119960143907,0.120375377507164,100.558617963869,TRUE,739.902444758489,0.600343461754633,19.8444149832579,TRUE,1811.68504348609,0.622653835324798,14.3188344793043,-0.368393069965145,-0.648732779545266,-0.368392806987584,0.028095238095238,0.028095238095238,-0.396488308060382,-0.676828017640503,-0.396488045082822,0,0,0.554269894004113,0.554269894004113,0.554269894004113,0.554269891595982,0.554269289486532
2,1.49447522806777,0.430786881436115,5,"none",2,100,"systematic",0.484875810789432,0.961666666666667,1,0.2,-0.0605152177708715,3.22234805057896,Inf,0.331873219104168,-0.144917636773067,-0.1832509701064,TRUE,1.25918125524127,0.172847818032211,1.64600344935328,FALSE,NA,NA,NA,TRUE,1.25912758612633,0.172847817730859,1.64597905071368,TRUE,37.6049497531932,0.175126734221126,1.5830991534089,TRUE,18.6988444526956,0.175324334753805,1.57981107472584,-0.18278153343555,NA,-0.182790776634303,0.038333333333333,0.0383333257616045,-0.221114866768883,NA,-0.221124109967636,0,-7.57172846643783e-09,0.353474362558744,NA,0.353471056048299,0.344767175184567,0.344301949098224
1,0.754033411711402,1.13789548590283,10,"none",2,100,"systematic",0.445730105995887,0.971904761904762,1,0.2,-0.217938116069674,3.54365771890413,Inf,0.234326817514579,-0.291847838394296,-0.319943076489534,TRUE,0.520366971510984,0.515924598541581,944.447987522786,FALSE,NA,NA,NA,TRUE,968.452187468409,7.25569240388893,1.49799692983332,TRUE,983.826352550396,2.64337448744541,19.8683136544449,FALSE,NA,NA,NA,-0.344671189383392,NA,0.028095238095238,0.028095238095238,NA,-0.37276642747863,NA,0,0,NA,0.554269894004113,NA,0.371545429325651,0.554269891652851,NA
2,1.31272481205991,1.26851151339939,10,"none",2,100,"systematic",0.484875810789432,0.961666666666667,1,0.2,-0.0605152177708715,3.22234805057896,Inf,0.303092947533869,-0.173697908343366,-0.212031241676699,TRUE,1.04410988416045,0.254087909004641,1.69132956729228,TRUE,0.722293692477683,0.256770300157966,1.68483035983311,TRUE,1.04408895176398,0.254087909508603,1.69131670540215,TRUE,78.9363281778765,0.26629363978459,1.57900819672292,TRUE,50.4481690328872,0.267717260292798,1.57106229574847,-0.222024434461781,-0.288554762987413,-0.222028465467093,0.038333333333333,0.038333333333333,-0.260357767795114,-0.326888096320746,-0.260361798800426,0,0,0.359523120106407,0.358667280661165,0.359521430183198,0.344188197793036,0.343059183407015
1,0.750080626011375,1.5988829034902,15,"none",2,100,"systematic",0.445730105995887,0.971904761904762,1,0.2,-0.217938116069674,3.54365771890413,Inf,0.23346616092995,-0.292708494978925,-0.320803733074163,TRUE,0.617094993317951,0.861957642398387,9970.78346369357,FALSE,NA,NA,NA,TRUE,630.399737972801,8.22905382755377,1.11223137522782,TRUE,2898.07735160288,7.87148721102947,1.57305739529571,TRUE,1904.61767402924,5.89713347712328,14.364206242624,-0.322347199727121,NA,0.028095238095238,0.028095238095238,0.028095238095238,-0.350442437822359,NA,0,0,0,0.554269894004113,NA,0.306814768681874,0.382488921441246,0.554269316301621
2,1.2533909390217,1.7226727570756,15,"none",2,100,"systematic",0.484875810789432,0.961666666666667,1,0.2,-0.0605152177708715,3.22234805057896,Inf,0.293010486170762,-0.183780369706473,-0.222113703039806,TRUE,1.25191065683155,0.444027512266492,1.77387482891019,TRUE,1.20051068998765,0.467550115266435,1.89795747872791,TRUE,178.149018504537,0.537946473130875,1.38457232385748,TRUE,47.361225487438,0.536037528014804,1.39186243922196,TRUE,15.5429169091493,0.536805465428202,1.38854674214396,-0.184036236892167,-0.193051046716594,0.038333333333333,0.038333333333333,0.0383331555885444,-0.2223695702255,-0.231384380049927,0,0,-1.77744788554257e-07,0.370063071536814,0.384784367055003,0.314848520903376,0.316013593726869,0.31548432667213
1,1.18557301426287,1.48939426669794,20,"none",2,100,"systematic",0.445730105995887,0.971904761904762,1,0.2,-0.217938116069674,3.54365771890413,Inf,0.320218260585113,-0.205956395323762,-0.234051633419,TRUE,0.756876873162852,1.9999805275827,21160.906574031,TRUE,0.548861098672546,5.66512370140193,1003.5369618316,TRUE,387.170802829459,9.15255469446093,0.859833659956211,TRUE,94.4028002862875,9.14919973992852,0.84443568447599,TRUE,1490.65100535652,12.5881659031609,14.1841202211362,-0.291229476469821,-0.338033445050667,0.028095238095238,0.028095238095238,0.028095238095238,-0.319324714565059,-0.366128683145905,0,0,0,0.554269894004113,0.554269894004113,0.256895793975017,0.253668493210344,0.554269202309239
2,1.52219910704954,1.66254765388615,20,"none",2,100,"systematic",0.484875810789432,0.961666666666667,1,0.2,-0.0605152177708715,3.22234805057896,Inf,0.335986271256588,-0.140804584620647,-0.17913791795398,TRUE,1.31162393405702,0.565735992689517,1.77129173481961,TRUE,49034.4777767203,0.631219941490743,1.30670563932754,TRUE,153.164489407261,0.631223292920278,1.30672134521806,TRUE,25.3884045993903,0.630839105451297,1.30477903106817,TRUE,7.04928097228337,0.631064183800508,1.30594966565627,-0.173881894736972,0.038333333333333,0.038333333333333,0.038333333323915,0.0374660532882537,-0.212215228070305,0,0,-9.4180219178952e-12,-0.000867280045079299,0.369742426564948,0.302085557201418,0.302088190331935,0.301762376638733,0.301958788321913
1,1.49069009618929,1.52242653350879,30,"none",2,100,"systematic",0.445730105995887,0.971904761904762,1,0.2,-0.217938116069674,3.54365771890413,Inf,0.370451723652326,-0.155722932256549,-0.183818170351787,TRUE,0.966882681640903,4.59408808328268,37452.4933801204,TRUE,1384427.02459132,9.60035600812238,0.692181374455913,TRUE,373.142941978766,9.6009173281599,0.692234024224928,TRUE,376.966413307,9.40311512357677,0.688549727638758,TRUE,862.156177922055,9.42791317635078,0.686063772306887,-0.247407047632538,0.028095238095238,0.028095238095238,0.028095238095238,0.028095238095238,-0.275502285727776,0,0,0,0,0.554269894004113,0.220721902555772,0.22073360616668,0.219914122832002,0.219360616027366
2,1.78138720910374,2.40486390784463,30,"none",2,100,"systematic",0.484875810789432,0.961666666666667,1,0.2,-0.0605152177708715,3.22234805057896,Inf,0.370992262833145,-0.10579859304409,-0.144131926377423,TRUE,161.406551107474,0.838998679558012,1.21709884530949,FALSE,NA,NA,NA,TRUE,175.957763672657,0.838981803745117,1.21709855870716,TRUE,90.110948883631,0.818016065354122,1.21786111449012,TRUE,41.1447040838925,0.823857552229017,1.21674552497987,0.038333333333333,NA,0.038333333333333,0.038333333333333,0.038333333333333,0,NA,0,0,0,0.286676786365103,NA,0.286676735848805,0.286811115499019,0.286614504436065
1,-0.383186989985712,-0.567475076212765,5,"none",3,50,"systematic",0.121616041765543,0.855714285714286,1,0.2,-1.97721492485989,1.78014108127419,Inf,0.283742422612263,-0.45035582133648,-0.594641535622193,TRUE,2279.56212702538,24.0427909638741,4.76932435077151,TRUE,-2.99446834105674,8.46539360675031,4020.23105068519,TRUE,-0.432694881754287,0.792281594777771,47554.802195319,FALSE,NA,NA,NA,FALSE,NA,NA,NA,0.144285714285714,-0.80803788410738,-0.462231283083294,NA,NA,0,-0.952323598393094,-0.606516997369008,NA,NA,0.869969254493303,0.878383958234457,0.878383958234457,NA,NA
2,-0.0582559715350396,-0.772836848565075,5,"none",3,50,"systematic",0.148978800822655,0.843095238095238,1,0.2,-1.7426330196996,1.6814409176094,Inf,0.336461323785427,-0.357655113487156,-0.514559875391918,TRUE,0.127800216511178,0.15023620065335,-8.87624971143341,TRUE,0.343478071826894,0.174321748751587,-247.846988136131,TRUE,0.127797975673586,0.150236200507759,-8.87824293832374,TRUE,0.189221501067564,0.332635147950204,1.37587191423472e-13,TRUE,0.126764577402334,0.347784124651019,3.04848193466512e-83,-0.311188599466258,-0.25806009810257,-0.311189157394448,-0.295930505812997,-0.311446463425818,-0.46809336137102,-0.414964860007332,-0.46809391929921,-0.452835267717759,-0.46835122533058,-0.148839153350728,-0.148978800822655,-0.148839431383847,0.351021199177379,0.351021199177345
1,0.0440731569997251,-0.333175386673182,10,"none",3,50,"systematic",0.121616041765543,0.855714285714286,1,0.2,-1.97721492485989,1.78014108127419,Inf,0.389400464297372,-0.344697779651371,-0.488983493937085,TRUE,1377.16514823276,35.1619564841747,2.13181291729074,FALSE,NA,NA,NA,TRUE,-0.193435653825873,1.30820182874252,60011.9874543091,FALSE,NA,NA,NA,FALSE,NA,NA,NA,0.144285714285714,NA,-0.403922972712073,NA,NA,0,NA,-0.548208686997787,NA,NA,0.772340950076104,NA,0.878383958234457,NA,NA
2,0.260816336418735,-0.424703874816149,10,"none",3,50,"systematic",0.148978800822655,0.843095238095238,1,0.2,-1.7426330196996,1.6814409176094,Inf,0.415858153954656,-0.278258283317927,-0.435163045222689,TRUE,0.406428038979245,0.406786685136366,-1.12415510890527,TRUE,0.519846317166717,0.409400512340112,-14.4927893856433,TRUE,0.406428145884214,0.40678668513681,-1.12415411096419,TRUE,0.416913424434929,0.579405604488281,0.00142482565234603,TRUE,0.410011535264936,0.574673984601395,2.33464438554896e-25,-0.242864156955551,-0.215983408670618,-0.242864131303305,-0.240350814054791,-0.242004593309955,-0.399768918860313,-0.37288817057538,-0.399768893208067,-0.397255575959553,-0.398909355214717,0.0962625663310543,-0.148978292825451,0.0962627510480398,0.351377405530169,0.351021199177345
1,0.395447769701569,-0.329559550529767,15,"none",3,50,"systematic",0.121616041765543,0.855714285714286,1,0.2,-1.97721492485989,1.78014108127419,Inf,0.475977406416647,-0.258120837532096,-0.40240655181781,TRUE,-0.0489312982284956,2.11886095712193,65853.4772938956,FALSE,NA,NA,NA,TRUE,1376.26139268405,39.8976375390783,1.24979950910085,FALSE,NA,NA,NA,FALSE,NA,NA,NA,-0.367944670129923,NA,0.144285714285714,NA,NA,-0.512230384415637,NA,0,NA,NA,0.878383958234457,NA,0.655649111545252,NA,NA
2,0.655261387144046,-0.321371932225564,15,"none",3,50,"systematic",0.148978800822655,0.843095238095238,1,0.2,-1.7426330196996,1.6814409176094,Inf,0.509216322047313,-0.18490011522527,-0.341804877130032,TRUE,0.588979809705368,0.553808299061996,-0.728324032030938,TRUE,0.76530200869518,0.534888795629961,-1.32750076385006,TRUE,0.588978393771596,0.553808299004259,-0.728329704484673,TRUE,0.550180574879375,0.7320192089584,0.00198864236253553,TRUE,0.574174742435353,0.720997174513459,5.63010390345837e-05,-0.199964205647996,-0.160591489311957,-0.199964530623989,-0.208917753347092,-0.203369322031057,-0.356868967552758,-0.317496251216719,-0.356869292528751,-0.365822515251854,-0.360274083935819,0.17658381392273,0.0605942678507399,0.176582568414228,0.351518359604136,0.3510352744371
1,0.426356914762014,0.00549842011655852,20,"none",3,50,"systematic",0.121616041765543,0.855714285714286,1,0.2,-1.97721492485989,1.78014108127419,Inf,0.48338735684396,-0.250710887104784,-0.394996601390498,TRUE,0.075300475662634,3.07447422878736,81193.6621043654,FALSE,NA,NA,NA,TRUE,953.334648333532,42.0629650873929,0.84416946294313,FALSE,NA,NA,NA,FALSE,NA,NA,NA,-0.336898056880096,NA,0.144285714285714,NA,NA,-0.48118377116581,NA,0,NA,NA,0.878383958234457,NA,0.577726584001764,NA,NA
2,1.02684670289079,-0.281541460993747,20,"none",3,50,"systematic",0.148978800822655,0.843095238095238,1,0.2,-1.7426330196996,1.6814409176094,Inf,0.587325306053799,-0.106791131218784,-0.263695893123546,TRUE,0.739654882423953,0.804020514763448,-0.496868655035778,TRUE,0.941865097921272,0.761534338503473,-0.83181338117993,TRUE,0.739655995899382,0.804020514694146,-0.496866290865232,TRUE,0.709291021582571,1.03562315307535,0.0409574669721319,TRUE,0.730368595457527,0.978702545879052,0.00826018169806427,-0.166174854177862,-0.123618993588476,-0.166174610661749,-0.172850755521458,-0.168209084989176,-0.323079616082624,-0.280523755493238,-0.323079372566511,-0.32975551742622,-0.325113846893938,0.229298027354193,0.154282976021503,0.229298583368184,0.36125913477028,0.353086232860333
1,0.714372949579138,0.105254691390682,30,"none",3,50,"systematic",0.121616041765543,0.855714285714286,1,0.2,-1.97721492485989,1.78014108127419,Inf,0.549750659028994,-0.184347584919749,-0.328633299205463,TRUE,0.298001963512635,6.07727880199106,103965.825510268,TRUE,4344.8046674604,44.1960587063268,0.472781781495997,TRUE,243.516033884174,44.1960729213023,0.472824454205037,TRUE,301.690355044879,44.1745933546313,0.414320209487964,TRUE,774.273364626785,44.1806967966923,0.429118058984226,-0.281760278026801,0.144285714285714,0.144285714285714,0.144285714285714,0.144285714285714,-0.426045992312515,0,0,0,0,0.878383958234457,0.49442591331055,0.494436006818421,0.480507288460493,0.484047007642442
2,0.662833649502817,0.203060573679129,30,"none",3,50,"systematic",0.148978800822655,0.843095238095238,1,0.2,-1.7426330196996,1.6814409176094,Inf,0.510917840124123,-0.18319859714846,-0.340103359053222,TRUE,0.622764891380272,0.991532383616189,-0.68622644320258,TRUE,0.717464678422778,1.0050928639575,-1.84508421769094,TRUE,0.622764616987296,0.991532383593445,-0.686229163589992,TRUE,0.605042247319432,1.19135729770827,0.00543768417398914,TRUE,0.619532128255134,1.15914497306828,0.000486847818291187,-0.192248119612762,-0.171046760249303,-0.192248181967236,-0.196286194199591,-0.192983107122619,-0.349152881517524,-0.327951522154065,-0.349152943871998,-0.353190956104353,-0.349887869027381,0.185894243989866,-0.01252770086935,0.185893638069848,0.352380616871192,0.351142911129514
1,1.33662629757364,0.292230379407248,5,"none",3,100,"systematic",0.445730105995887,0.971904761904762,1,0.2,-0.217938116069674,3.54365771890413,Inf,0.346204483834912,-0.179970172073963,-0.208065410169201,TRUE,1.38786858428197,0.066256167613591,-5.85537673848875,TRUE,1.70694180433139,0.128688526781359,-447.921221893887,TRUE,1.38787389012611,0.0662561676177459,-5.85431699625631,TRUE,1.39262663192601,0.0624735428564103,0.0411170480031017,TRUE,1.39032483684626,0.0643414669621272,9.55350802925051e-06,-0.171653005147216,-0.125465560564769,-0.171652157015311,-0.170893522986411,-0.171260665464995,-0.199748243242454,-0.153560798660007,-0.199747395110549,-0.198988761081649,-0.199355903560232,-0.442873831422539,-0.445730105995887,-0.442870811562733,0.0645477080630159,0.0542722823811203
2,0.950800149257751,0.466893836987074,5,"none",3,100,"systematic",0.484875810789432,0.961666666666667,1,0.2,-0.0605152177708715,3.22234805057896,Inf,0.236400255239091,-0.240390600638144,-0.278723933971477,TRUE,-46.6302312717873,0.122544484516211,0.66674558485321,TRUE,1.9793398940642,0.12127894116322,0.609716222761641,TRUE,1.36604308302191,0.121022444439105,0.602679883109256,TRUE,1.20597725291606,0.120115988217504,0.610498217906144,TRUE,1.26296734493784,0.120586361727716,0.60717050302802,-0.961666666666667,-0.0830558898239748,-0.164926564883819,-0.19208027019614,-0.182130169939984,-1,-0.121389223157308,-0.203259898217152,-0.230413603529473,-0.220463503273317,0.175898247846663,0.163000255149408,0.161393370860291,0.163178633152534,0.162419274914901
1,1.35536363031611,1.01372079443783,10,"none",3,100,"systematic",0.445730105995887,0.971904761904762,1,0.2,-0.217938116069674,3.54365771890413,Inf,0.349275026821484,-0.176899629087391,-0.204994867182629,TRUE,1.36031574078736,0.197838850686281,-7.3216240070917,FALSE,NA,NA,NA,TRUE,1.36031525950116,0.197838850560149,-7.32199062860807,TRUE,1.36231657164922,0.194930844485632,0.034725129119441,TRUE,1.36134479754613,0.19636503045277,8.97458129585273e-07,-0.176093752830174,NA,-0.176093831037193,-0.175768818551288,-0.175926586281944,-0.204188990925412,NA,-0.204189069132431,-0.203864056646526,-0.204021824377182,-0.445069455016336,NA,-0.445069697020878,0.0629503040399446,0.0542701183686454
2,1.50048078975703,0.952330074952119,10,"none",3,100,"systematic",0.484875810789432,0.961666666666667,1,0.2,-0.0605152177708715,3.22234805057896,Inf,0.332770362542094,-0.144020493335141,-0.182353826668474,TRUE,2.19759982692156,0.185040239394947,0.61406009410221,TRUE,3.30245349020253,0.185083094566113,0.611488607587585,TRUE,2.19760008420002,0.185040239394948,0.614060111907083,TRUE,1.66395015414324,0.184945499033653,0.639903255372328,TRUE,1.81256622284989,0.184866934993089,0.628084524836528,-0.0616328992728626,0.00284621735928814,-0.0616328761247543,-0.120899114816614,-0.10199492709087,-0.0999662326061956,-0.0354871159740449,-0.0999662094580873,-0.159232448149947,-0.140328260424203,0.163990596405144,0.163404487977929,0.163990600461785,0.169855780234202,0.167179196458519
1,1.50257164677145,1.30401812556903,15,"none",3,100,"systematic",0.445730105995887,0.971904761904762,1,0.2,-0.217938116069674,3.54365771890413,Inf,0.372227608991437,-0.153947046917438,-0.182042285012676,TRUE,1.42999514884909,0.313797886850233,-4.26991549696941,TRUE,1.57069430970614,0.343335936582812,-587.955360573668,TRUE,1.42999521331783,0.313797886854833,-4.26988961568061,TRUE,1.43015481997169,0.309368132776852,0.0488217344481896,TRUE,1.42996691707911,0.311594969757867,8.99472076034594e-05,-0.165004202004604,-0.144022196825609,-0.165004191959598,-0.164979324539379,-0.165008600892568,-0.193099440099842,-0.172117434920847,-0.193099430054836,-0.193074562634617,-0.193103838987806,-0.431939968298298,-0.445730105995887,-0.431939616309123,0.0664729038268209,0.0542923808059987
2,1.52691460592373,1.1457849173286,15,"none",3,100,"systematic",0.484875810789432,0.961666666666667,1,0.2,-0.0605152177708715,3.22234805057896,Inf,0.33667862486081,-0.140112231016425,-0.178445564349758,TRUE,1.49986612166351,0.27956181099969,0.553011855561873,TRUE,1.81803854448709,0.281105260739168,0.518254842981201,TRUE,1.49986613847784,0.27956181099969,0.553011874600381,TRUE,1.43673697106831,0.277961985646718,0.607136955136942,TRUE,1.46105949563415,0.278395042832548,0.584804254965434,-0.144112158800871,-0.101336065227964,-0.144112156292859,-0.153717822593381,-0.149971998269816,-0.182445492134204,-0.139669398561297,-0.182445489626192,-0.192051155926714,-0.188305331603149,0.14995827101579,0.141863788979449,0.149958275429293,0.162411615754038,0.15729630373803
1,1.70348758426374,1.43518677436815,20,"none",3,100,"systematic",0.445730105995887,0.971904761904762,1,0.2,-0.217938116069674,3.54365771890413,Inf,0.400259578755681,-0.125915077153194,-0.154010315248432,TRUE,1.78730855032891,0.676882000147145,0.789799820690098,TRUE,1.67197429279886,0.56356191608629,-11.4753768431097,TRUE,1.78721742237049,0.67688199992162,0.789721752896817,TRUE,1.8147812332361,0.703685855748179,0.918274621553972,TRUE,1.809492134905,0.692998154552563,0.873780854714872,-0.115307782072325,-0.130065893746774,-0.115318976466374,-0.111966024624961,-0.112604278931459,-0.143403020167562,-0.158161131842012,-0.143414214561612,-0.140061262720199,-0.140699517026697,0.242058240591338,-0.445719723478904,0.242041476416076,0.268960311554816,0.259801699750133
2,1.4991957507951,1.33140468090618,20,"none",3,100,"systematic",0.484875810789432,0.961666666666667,1,0.2,-0.0605152177708715,3.22234805057896,Inf,0.332578683850817,-0.144212172026418,-0.182545505359751,TRUE,1.50681540202777,0.313822502078288,0.558589944248601,TRUE,1.75308600956087,0.316376417640972,0.492641414130654,TRUE,1.50681571964317,0.31382250207866,0.558590471818563,TRUE,1.46905222565105,0.315339759768022,0.630413455242603,TRUE,1.48408773968079,0.313807094683583,0.600770634386244,-0.143077896702416,-0.109325051313866,-0.143077849536154,-0.148753380410853,-0.146477450817522,-0.181411230035749,-0.147658384647199,-0.181411182869487,-0.187086713744186,-0.184810784150855,0.151250407067119,0.13585267351309,0.151250529183547,0.167707395212635,0.160956784642297
1,1.83420792982468,1.83261612083528,30,"none",3,100,"systematic",0.445730105995887,0.971904761904762,1,0.2,-0.217938116069674,3.54365771890413,Inf,0.416532142335581,-0.109642513573294,-0.137737751668532,TRUE,2.12949805459666,0.825676362058614,0.892256682218065,TRUE,2.50533515747154,0.814897239040549,0.818704652115584,TRUE,2.12949186851386,0.825676362085405,0.892253985631464,TRUE,2.04628244306114,0.842257506436604,0.964064405601837,TRUE,2.08174421269008,0.835516413418052,0.935452516057856,-0.0781674143667989,-0.0473897728746395,-0.0781680018660885,-0.0863333209271749,-0.0827886522912987,-0.106262652462037,-0.0754850109698775,-0.106263239961326,-0.114428559022413,-0.110883890386537,0.26362554693663,0.248231198548233,0.263624990980488,0.278204722427796,0.272450066308472
2,1.68323828785504,1.67241650181817,30,"none",3,100,"systematic",0.484875810789432,0.961666666666667,1,0.2,-0.0605152177708715,3.22234805057896,Inf,0.358457047013977,-0.118333808863259,-0.156667142196592,TRUE,1.63208640324926,0.391417568272212,0.651255931617441,TRUE,1.86415711955208,0.377360415404017,0.554036971613718,TRUE,1.63208102175149,0.391417568289524,0.651247858455273,TRUE,1.59909698249455,0.413968795007866,0.736189187778519,TRUE,1.61181953219917,0.40213459456372,0.699725994164454,-0.125211411993665,-0.0958859079005255,-0.125212148172387,-0.129774528526081,-0.128002815356018,-0.163544745326998,-0.134219241233859,-0.16354548150572,-0.168107861859414,-0.166336148689351,0.17241761736736,0.150195880320241,0.17241579881441,0.191286164297834,0.183251207958229
1,0.0272885836426526,-1.013167439791,5,"none",4,50,"systematic",0.121616041765543,0.855714285714286,1,0.2,-1.97721492485989,1.78014108127419,Inf,0.385205680824515,-0.348892563124228,-0.493178277409942,TRUE,0.093308217755301,0.00735034091497965,-25.7261698086406,TRUE,0.754226800454035,0.242966322341307,-720.50329612004,TRUE,0.0933082667572016,0.00735034091507819,-25.7261309527394,FALSE,NA,NA,NA,FALSE,NA,NA,NA,-0.332404141154404,-0.175615286242319,-0.332404128930554,NA,NA,-0.476689855440118,-0.319901000528033,-0.476689843216269,NA,NA,-0.121616041758825,-0.121616041765543,-0.121616041758824,NA,NA
2,-0.0739797962943585,-0.817290244110342,5,"none",4,50,"systematic",0.148978800822655,0.843095238095238,1,0.2,-1.7426330196996,1.6814409176094,Inf,0.332534680743524,-0.361581756529059,-0.518486518433821,TRUE,1805.66490953874,14.3328700532839,5.1080594496907,TRUE,-2.68462373065086,2.62113919703002,2520.11326536005,TRUE,-0.299647372216498,0.0836476563740516,65.2672357215898,TRUE,6.15708040274491,0.314240360149201,6.15708040274457,FALSE,NA,NA,NA,0.156904761904762,-0.779208443393354,-0.417451549852254,0.154790810948392,NA,0,-0.936113205298116,-0.574356311757016,-0.00211395095637046,NA,0.84500974766094,0.851021199177345,0.851021199177345,0.848907248220974,NA
1,10.5563434656184,-1.26574137676981,10,"none",4,50,"systematic",0.121616041765543,0.855714285714286,1,0.2,-1.97721492485989,1.78014108127419,Inf,0.878357931062571,0.144259687113828,-2.60271718856009e-05,TRUE,2044.93949595786,61.2191593459685,-2.80445881546052,FALSE,NA,NA,NA,TRUE,2423.26170912443,61.2153337881053,-2.80440623320807,TRUE,417.220746357413,3.91604477485816,2.48671174526499e-14,FALSE,NA,NA,NA,0.144285714285714,NA,0.144285714285714,0.144285714285714,NA,0,NA,0,0,NA,-0.0645323368059081,NA,-0.0645295064920728,0.378383958234463,NA
2,0.451784871040561,-0.814925828814784,10,"none",4,50,"systematic",0.148978800822655,0.843095238095238,1,0.2,-1.7426330196996,1.6814409176094,Inf,0.462084718309642,-0.232031718962941,-0.388936480867703,TRUE,-0.00482137871842857,0.797488968755542,117.567150240249,TRUE,-1.17216115840347,8.0348626433573,4656.00764461639,TRUE,1495.41253980055,27.4615848562612,2.26828014169713,TRUE,6.15711399971335,0.784485345011418,6.1571139996977,FALSE,NA,NA,NA,-0.344300580439928,-0.606630671180921,0.156904761904762,0.154790881819412,NA,-0.50120534234469,-0.763535433085683,0,-0.00211388008535018,NA,0.851021199177345,0.851021199177345,0.757236920350151,0.848907319091962,NA
1,0.766479704388156,-0.564903465841239,15,"none",4,50,"systematic",0.121616041765543,0.855714285714286,1,0.2,-1.97721492485989,1.78014108127419,Inf,0.561142849834018,-0.172955394114725,-0.317241108400439,TRUE,-1270.49542274197,94.9514855586785,-0.420631566309112,TRUE,2.56306103153215,89.9490434469188,-3.83047343835376,TRUE,1.86391042806651,89.3275109828717,-2.67300345260803,FALSE,NA,NA,NA,TRUE,2.12655573630816,87.0072262433545,0,-0.855714285714286,0.0727317953452754,0.0100378038199588,NA,0.0377433033057544,-1,-0.0715539189404386,-0.134247910465755,NA,-0.10654241097996,0.274749589980606,-0.100377562840824,-0.0570307612763923,NA,0.378383958234457
2,0.252655736989955,-0.314671116152772,15,"none",4,50,"systematic",0.148978800822655,0.843095238095238,1,0.2,-1.7426330196996,1.6814409176094,Inf,0.413851259148458,-0.280265178124125,-0.437169940028887,TRUE,0.12444533014367,1.17169094270495,181.63182928812,FALSE,NA,NA,NA,TRUE,1251.5483507614,31.2163367085643,1.47175306392495,TRUE,6.15708422081202,1.35957030165306,6.15708422081108,TRUE,13.7005287194398,1.35957080845378,11.4963116662504,-0.312023994310871,NA,0.156904761904762,0.154790819002521,0.156903640052958,-0.468928756215633,NA,0,-0.00211394290224143,-1.1218518043421e-06,0.851021199177345,NA,0.664344896066473,0.848907256275102,0.851011031754969
1,1.08740564597151,-0.345401618216296,20,"none",4,50,"systematic",0.121616041765543,0.855714285714286,1,0.2,-1.97721492485989,1.78014108127419,Inf,0.626276831326841,-0.107821412621902,-0.252107126907616,TRUE,1.41454766399542,91.8487579692751,-3.00759531496773,TRUE,1.66960597638253,92.8401562210872,-12.2597078971775,TRUE,1.41441795591789,91.848758001003,-3.00867328289896,TRUE,1.59164233208574,91.3270954004958,1.7036019299163e-08,TRUE,1.57019312564452,91.4923249867901,0,-0.0512320468280179,-0.0141910052063838,-0.0512524494907241,-0.0248672434802476,-0.0279031476034753,-0.195517761113732,-0.158476719492098,-0.195538163776438,-0.169152957765962,-0.172188861889189,-0.0745321224569677,-0.121611302899281,-0.0745804640633932,0.378383962493462,0.378383958234457
2,-0.00205672005386057,0.223198344135158,20,"none",4,50,"systematic",0.148978800822655,0.843095238095238,1,0.2,-1.7426330196996,1.6814409176094,Inf,0.350507019345133,-0.343609417927451,-0.500514179832213,TRUE,0.137926767592329,1.22098145162798,192.64426773921,FALSE,NA,NA,NA,TRUE,798.306499382458,32.2657580449305,1.18738580266806,TRUE,6.1571389502777,1.55004370168842,6.15713895023593,TRUE,12.9758484626276,1.55004379708703,11.1161867704846,-0.308668106785944,NA,0.156904761904762,0.154790934449768,0.156902446325726,-0.465572868690706,NA,0,-0.00211382745499422,-2.31557903584978e-06,0.851021199177345,NA,0.617294390304355,0.848907371722263,0.851006329725184
1,0.882739161930782,-0.035041559766007,30,"none",4,50,"systematic",0.121616041765543,0.855714285714286,1,0.2,-1.97721492485989,1.78014108127419,Inf,0.585773479236978,-0.148324764711765,-0.292610478997479,TRUE,1.21443358714174,93.0790744293493,-3.18407322351502,TRUE,1.36199737412301,94.3615726839781,-906.095166295119,TRUE,1.21443686026543,93.0790743796733,-3.18400066825868,TRUE,1.29931632697268,93.5227950303974,2.66143533248687e-07,TRUE,-10.0805388492151,129.072206423763,-5.71207557853946,-0.0846318047694574,-0.0596301541345955,-0.0846312270168696,-0.0699943862075625,-0.855672400628205,-0.228917519055171,-0.20391586842031,-0.228916941302584,-0.214280100493277,-0.999958114913919,-0.081846547514987,-0.121616041765543,-0.0818437766909276,0.37838402477034,-0.11832113013401
2,0.639886714425163,-0.0449907555765862,30,"none",4,50,"systematic",0.148978800822655,0.843095238095238,1,0.2,-1.7426330196996,1.6814409176094,Inf,0.505749050975746,-0.188367386296837,-0.345272148201599,TRUE,0.23061375985415,1.80405259826699,331.692772519262,FALSE,NA,NA,NA,TRUE,623.617374440938,34.6197884675489,0.77557616566764,TRUE,6.20775581582444,3.28226913900376,6.20772498772418,TRUE,14.2635830691036,3.28210677087126,11.7788448665418,-0.285695960343884,NA,0.156904761904762,0.154895057324226,0.156904123046812,-0.442600722248646,NA,0,-0.00200970458053551,-6.3885794987506e-07,0.851021199177345,NA,0.535747093274799,0.849011432764998,0.851013534227059
1,1.60041157280746,0.103265213898324,5,"none",4,100,"systematic",0.445730105995887,0.971904761904762,1,0.2,-0.217938116069674,3.54365771890413,Inf,0.386345794254027,-0.139828861654848,-0.167924099750086,FALSE,NA,NA,NA,FALSE,NA,NA,NA,TRUE,321.242746570234,0.298097068215881,0.930207865544936,TRUE,240.374898910973,0.284410650434967,0.920680891468481,TRUE,342.912320640308,0.286897427489358,0.921904821859032,NA,NA,0.028095238095238,0.028095238095238,0.028095238095238,NA,NA,0,0,0,NA,NA,0.271387349006773,0.269450715718834,0.269699961255476
2,1.41755095819476,0.174478044480838,5,"none",4,100,"systematic",0.484875810789432,0.961666666666667,1,0.2,-0.0605152177708715,3.22234805057896,Inf,0.320078386005391,-0.156712469871844,-0.195045803205177,FALSE,NA,NA,NA,FALSE,NA,NA,NA,TRUE,242.786863944796,0.453217648719227,1.56588268780841,TRUE,114.531045606505,0.44867354140597,1.5997137204104,TRUE,70.6985504317941,0.449901062177887,1.58928771661472,NA,NA,0.038333333333333,0.038333333333333,0.038333333333333,NA,NA,0,0,0,NA,NA,0.342320049684945,0.34710255902031,0.34564005539486
1,1.80029303805919,0.788447584708276,10,"none",4,100,"systematic",0.445730105995887,0.971904761904762,1,0.2,-0.217938116069674,3.54365771890413,Inf,0.412454496689636,-0.113720159219239,-0.141815397314477,TRUE,46.4664085203471,0.371620786236271,0.978440618464937,TRUE,606001.412175762,0.371523838769471,0.979950079894428,TRUE,43.7560740975449,0.371626570681933,0.978343102562838,TRUE,3.13868177715786,0.370013065878572,0.99283557137025,TRUE,5.79697945958721,0.370452316163338,0.996184797862078,0.028095238095238,0.028095238095238,0.028095238095238,-0.0134443332701704,0.0250677183830341,0,0,0,-0.0415395713654083,-0.00302751971220383,0.281068585408588,0.281368204992842,0.281049221993321,0.283917530828969,0.284577697442003
2,1.56550878497231,0.82437622093306,10,"none",4,100,"systematic",0.484875810789432,0.961666666666667,1,0.2,-0.0605152177708715,3.22234805057896,Inf,0.342266596402045,-0.13452425947519,-0.172857592808523,FALSE,NA,NA,NA,TRUE,340001.106250732,0.581664825391835,1.3387085227309,TRUE,195.595414170569,0.581680062655111,1.33873908605181,TRUE,52.8091651143747,0.579611769839884,1.33475803607602,TRUE,21.8368221670392,0.580346049697036,1.33577216004902,NA,0.038333333333333,0.038333333333333,0.038333333333333,0.0383333330049439,NA,0,0,0,-3.28389093695591e-10,NA,0.307401667459319,0.307406697338563,0.306750769854813,0.306918004124116
1,1.75397829367681,1.19913031487404,15,"none",4,100,"systematic",0.445730105995887,0.971904761904762,1,0.2,-0.217938116069674,3.54365771890413,Inf,0.406723772817003,-0.119450883091872,-0.14754612118711,TRUE,2.31115071862018,0.444050684998274,0.91084330730829,TRUE,3.23425683657329,0.449013524603895,0.920011561583193,TRUE,2.31103920022009,0.444050684751952,0.910819209054095,TRUE,2.0480400019989,0.428823865878055,0.925196706261971,TRUE,2.13551875013443,0.435769061622402,0.916883191861111,-0.0621084260822511,-0.00980149660527863,-0.0621175784769341,-0.086155339940146,-0.0775969774712671,-0.090203664177489,-0.0378967347005166,-0.0902128165721721,-0.114250578035384,-0.105692215566505,0.267442592513838,0.269314355451513,0.267437663012278,0.270369680076336,0.268676503139419
2,1.70821352143172,0.860703692154779,15,"none",4,100,"systematic",0.484875810789432,0.961666666666667,1,0.2,-0.0605152177708715,3.22234805057896,Inf,0.361728615370564,-0.115062240506671,-0.153395573840004,TRUE,114.231863241952,0.597476713459043,1.30523536509402,TRUE,670059.180485107,0.597400367805745,1.30530420876903,TRUE,112.637105193656,0.597477450423867,1.30523383457967,TRUE,66.8613103168001,0.592319329310356,1.31112325778134,TRUE,28.5315164543635,0.593817561938862,1.30870230345789,0.038333333333333,0.038333333333333,0.038333333333333,0.038333333333333,0.0383333333329267,0,0,0,0,-4.06341627012807e-13,0.301838957061464,0.301850508433247,0.301838700249243,0.302825246057517,0.302420112479078
1,1.91323044221668,1.38912786716862,20,"none",4,100,"systematic",0.445730105995887,0.971904761904762,1,0.2,-0.217938116069674,3.54365771890413,Inf,0.425651530438468,-0.100523125470407,-0.128618363565645,TRUE,2.43325244781595,0.621909102916874,0.919388115268745,TRUE,3.26149393259625,0.626783254086457,0.91646125002966,TRUE,2.43325489547438,0.621909102924187,0.919388811697167,TRUE,2.19854530954349,0.611844368910193,0.956335724429623,TRUE,2.27817675913743,0.615433870312861,0.937879224475331,-0.0525766854818457,-0.0088208202621558,-0.0525765039539799,-0.0717859587862192,-0.0648513138465682,-0.0806719235770836,-0.0369160583573938,-0.0806717420492179,-0.0998811968814571,-0.0929465519418061,0.269187307570302,0.268590406641797,0.26918744950971,0.276657450627026,0.272940965660541
2,1.75503046766604,1.18206312474225,20,"none",4,100,"systematic",0.484875810789432,0.961666666666667,1,0.2,-0.0605152177708715,3.22234805057896,Inf,0.367710357465383,-0.109080498411852,-0.147413831745185,TRUE,22.3777684124347,0.609672936981836,1.32618054449685,TRUE,74042.9794919461,0.609627839424411,1.32721101549112,TRUE,24.1643137035795,0.609668984193226,1.32626189099381,TRUE,2.96576228936559,0.608901066520493,1.32562150770236,TRUE,4.62625930336913,0.60926024593515,1.32831036539977,0.0383333331421459,0.038333333333333,0.038333333301302,-0.0106634735720983,0.0286369566016758,-1.911870661786e-10,0,-3.20310444834604e-11,-0.0489968069054313,-0.00969637673165724,0.305332339445197,0.30550311904575,0.305345824686429,0.305239647720506,0.30568520127929
1,2.21286109205238,1.39589861759925,30,"none",4,100,"systematic",0.445730105995887,0.971904761904762,1,0.2,-0.217938116069674,3.54365771890413,Inf,0.455668404700724,-0.0705062512081513,-0.0986014893033893,TRUE,2.50967120718452,1.13534303578926,0.92762922401314,TRUE,3.16509792235138,1.14294093268478,0.901353446034616,TRUE,2.50967101298954,1.13534303578918,0.927629122369012,TRUE,2.36155343991659,1.13549015071898,1.00217666667838,TRUE,2.4140355778514,1.13221610472169,0.967676150056123,-0.0470877293191426,-0.0124052445061251,-0.0470877428216159,-0.0580565759223973,-0.0540134179656381,-0.0751829674143806,-0.0405004826013631,-0.0751829809168538,-0.0861518140176353,-0.082108656060876,0.270863953015265,0.26549745077586,0.270863932372662,0.28575621598072,0.278925956972721
2,1.91057194641579,1.46441487870698,30,"none",4,100,"systematic",0.484875810789432,0.961666666666667,1,0.2,-0.0605152177708715,3.22234805057896,Inf,0.386207578631398,-0.0905832772458371,-0.12891661057917,TRUE,2.34824686579084,0.679051111361972,1.30280446116329,TRUE,3.18868514300923,0.680864122130904,1.30744616129534,TRUE,2.34819425960826,0.679051111030283,1.30279982480586,TRUE,2.12083163560371,0.674247141284405,1.30096449490873,TRUE,2.20421536368277,0.676577713089849,1.30160400670059,-0.0488718884627931,-0.00126041482241723,-0.0488760760306427,-0.0687551896934084,-0.0610392528969215,-0.0872052217961261,-0.0395937481557502,-0.0872094093639757,-0.107088523026741,-0.0993725862302545,0.301430780118369,0.302209681676932,0.301430001076984,0.301121450416415,0.301229000185331
