"simulation","psi","p","surveyLength","intervalLength","nSurveys","radius","placement","instOcc","dailyOcc","seasonOcc","density","logitInstOcc","logitDailyOcc","logitSeasonOcc","Initial_InstantBias","Initial_DailyBias","Initial_SeasonBias","ExponentialDecay_success","ExponentialDecay_predicted_asymptote","ExponentialDecay_sse","ExponentialDecay_predicted_yIntercept","MichaelisMenten_success","MichaelisMenten_predicted_asymptote","MichaelisMenten_sse","MichaelisMenten_predicted_yIntercept","AsymptoticRegression_success","AsymptoticRegression_predicted_asymptote","AsymptoticRegression_sse","AsymptoticRegression_predicted_yIntercept","LogisticGrowth_success","LogisticGrowth_predicted_asymptote","LogisticGrowth_sse","LogisticGrowth_predicted_yIntercept","Gompertz_success","Gompertz_predicted_asymptote","Gompertz_sse","Gompertz_predicted_yIntercept","ExpDec_DailyBias","MichaelisMenten_DailyBias","AsymptoticRegression_DailyBias","LogisticGrowth_DailyBias","Gompertz_DailyBias","ExpDec_SeasonBias","MichaelisMenten_SeasonBias","AsymptoticRegression_SeasonBias","LogisticGrowth_SeasonBias","Gompertz_SeasonBias","ExpDec_InstBias","MichaelisMenten_InstBias","AsymptoticRegression_InstBias","LogisticGrowth_InstBias","Gompertz_InstBias"
1,-3.05505082208624,0.693143106663397,5,"10Days",2,50,"systematic",0.0304611612086695,0.384285714285714,0.91,0.05,-3.4603680653688,-0.47139671050191,2.31363492918063,0.0145387540715302,-0.339285799005514,-0.8650000847198,TRUE,-2024.69179512615,10.019141051789,6.59823337737976,FALSE,NA,NA,NA,TRUE,-1312.36352507279,10.0265975564431,6.60012224519782,TRUE,3.48295902501176,13.2279090805821,3.48295902501176,TRUE,3.68668485101378,13.6875654585445,3.68663914770427,-0.384285714285714,NA,-0.384285714285714,0.585913279061768,0.591271765897938,-0.91,NA,-0.91,0.0601989933474821,0.0655574801836522,0.968177919996719,NA,0.96818048467772,0.939737832138813,0.945095229152086
2,-2.7080771628004,-0.404973656245443,5,"10Days",2,50,"systematic",0.029561778199652,0.35952380952381,0.89,0.05,-3.49126549465506,-0.577431542786913,2.09074109693377,0.0329366420319793,-0.297025389292179,-0.827501579768369,TRUE,85.4197912416053,11.8996131230056,3.12433177906365,TRUE,206.226661725006,11.8999730304448,3.13543944062886,TRUE,-249.350843406774,11.9034567475805,3.21179264793563,TRUE,2.02280617163846,22.89665145531,2.02275040116858,TRUE,2.10808533452114,21.745613531423,2.10806103092029,0.64047619047619,0.64047619047619,-0.35952380952381,0.52364705211658,0.532162740804296,0.11,0.11,-0.89,-0.00682913835961008,0.00168655032810594,0.928323545409995,0.928769367870599,0.931713873460798,0.853603328915622,0.862122424824328
1,-2.39789823483596,0.405464532170595,10,"10Days",2,50,"systematic",0.0304611612086695,0.384285714285714,0.91,0.05,-3.4603680653688,-0.47139671050191,2.31363492918063,0.0528719458581828,-0.300952607218862,-0.826666892933148,TRUE,2223.1073223128,28.6905140721882,3.43691121653228,TRUE,-6.92927858237646,19.3080928619886,7.78366149816384,TRUE,-3.48265139239565,17.6557017100503,7.60602731664443,TRUE,3.58331624699424,43.4444836529101,3.58331624558367,FALSE,NA,NA,NA,0.615714285714286,-0.38330796454589,-0.354475811793382,0.588681928086671,NA,0.09,-0.909022250260176,-0.880190097507668,0.0629676423723851,NA,0.938377237462378,0.969122527755953,0.969041641992671,0.942506481126615,NA
2,5.81957584538034,-3.17495457369048,10,"10Days",2,50,"systematic",0.029561778199652,0.35952380952381,0.89,0.05,-3.49126549465506,-0.577431542786913,2.09074109693377,0.967478145728837,0.637516114404679,0.107039923928489,TRUE,1468.85293539058,97.346276204777,-0.892580419498017,TRUE,8727620.79495734,97.339849107998,-0.892186524665861,TRUE,1245.04500069341,97.3474415744769,-0.892646848271495,TRUE,3.62534830799673,72.8325666890169,1.2609405721973e-10,TRUE,3.62312068873449,70.1760635981847,0,0.64047619047619,0.64047619047619,0.64047619047619,0.614527638295077,0.614471275220964,0.11,0.11,0.11,0.0840514478188867,0.0839950847447738,0.261015828408649,0.261097033477592,0.261002134821585,0.470438221831872,0.470438221800348
1,-1.80838570091331,-0.154150724935563,15,"10Days",2,50,"systematic",0.0304611612086695,0.384285714285714,0.91,0.05,-3.4603680653688,-0.47139671050191,2.31363492918063,0.110372180374466,-0.243452372702578,-0.769166658416864,FALSE,NA,NA,NA,TRUE,-3.82549465460956,26.5239705180574,10.7896064284519,TRUE,-2.41901833673053,21.5769783897099,8.43170926184716,FALSE,NA,NA,NA,FALSE,NA,NA,NA,NA,-0.362943492289349,-0.30255181183287,NA,NA,NA,-0.888657778003635,-0.828266097547156,NA,NA,NA,0.969518226583424,0.969321037427782,NA,NA
2,-1.96900775795903,-0.916210588171022,15,"10Days",2,50,"systematic",0.029561778199652,0.35952380952381,0.89,0.05,-3.49126549465506,-0.577431542786913,2.09074109693377,0.0929337251279055,-0.237028306196253,-0.767504496672442,TRUE,1.8061029032611,173.776046762878,-0.279226939775456,TRUE,2.21922082513246,174.77371305781,-0.019547263193659,TRUE,1.80616565997238,173.77604776119,-0.279976557854319,TRUE,2.25819607008589,156.162365838268,7.49501926130387e-06,TRUE,2.34324902749029,151.540101666988,0,0.499366405411595,0.542438508207838,0.499374011216486,0.545831360836733,0.552872316775336,-0.0311097850645948,0.0119623177316477,-0.031102179259704,0.0153551703605427,0.0223961262991463,0.401081534055118,0.465551561598514,0.400897745024816,0.470440095555163,0.470438221800348
1,6.47675593573886,-2.84226794042711,20,"10Days",2,50,"systematic",0.0304611612086695,0.384285714285714,0.91,0.05,-3.4603680653688,-0.47139671050191,2.31363492918063,0.968002408502526,0.614177855425482,0.0884635697111956,FALSE,NA,NA,NA,TRUE,-1.97965870396043,102.332477568822,49.3022780415326,TRUE,3045.36534155893,135.645608340252,-0.268262746428202,FALSE,NA,NA,NA,TRUE,3.48295880308615,114.219235462716,3.48295880308615,NA,-0.262930489336676,0.615714285714286,NA,0.585913272645253,NA,-0.788644775050962,0.09,NA,0.060198986930967,NA,0.969538838791331,0.402872476654457,NA,0.939737825722298
2,5.81957215717518,-3.17495456237325,20,"10Days",2,50,"systematic",0.029561778199652,0.35952380952381,0.89,0.05,-3.49126549465506,-0.577431542786913,2.09074109693377,0.967478134843766,0.637516103519608,0.107039913043418,TRUE,1.08533257678859,222.116821579291,-8947.42015388864,TRUE,0.839072337706783,195.345179279631,0.750311586165878,TRUE,1.51517000958433,221.066839350781,1.3744249359854,TRUE,1.79350155440808,205.527036338871,1.79350155366449,TRUE,1.83312167792155,203.971427826612,1.83312167432595,0.387977987357596,0.33874599411472,0.460302328970304,0.497832231480485,0.502609378171516,-0.142498203118594,-0.19173019636147,-0.070173861505886,-0.0326439589957045,-0.0278668123046742,-0.029561778199652,0.649684810250631,0.76853234967227,0.827794262713705,0.832571409068303
1,-1.12546098868229,-0.916291116778643,30,"10Days",2,50,"systematic",0.0304611612086695,0.384285714285714,0.91,0.05,-3.4603680653688,-0.47139671050191,2.31363492918063,0.214538570581751,-0.139285982495294,-0.66500026820958,FALSE,NA,NA,NA,TRUE,-1.7727517719315,103.58564137733,382.005410321698,TRUE,-1.45995309797109,92.95026145615,9.08621274236791,TRUE,-1.37124804690982,125.031442096706,-0.16062378201788,TRUE,3.48308858307901,133.203763391665,3.48308858307901,NA,-0.239085261367099,-0.195811215424052,-0.181867433772589,0.585917024733888,NA,-0.764799547081385,-0.721525501138338,-0.707581719486875,0.0602027390196024,NA,0.969538838791331,0.969425635571854,0.429469006402508,0.939741577810933
2,-1.12546098869964,-0.916291116690522,30,"10Days",2,50,"systematic",0.029561778199652,0.35952380952381,0.89,0.05,-3.49126549465506,-0.577431542786913,2.09074109693377,0.215437953587559,-0.114524077736599,-0.645000268212789,TRUE,0.319149522418757,253.810302078476,3.29817967679634,TRUE,-2336302.83423328,232.658256745365,1.90808475641642,TRUE,0.319185759332477,253.810302756517,3.29651358772733,FALSE,NA,NA,NA,FALSE,NA,NA,NA,0.219593160749697,-0.35952380952381,0.219601993128024,NA,NA,-0.310883029726493,-0.89,-0.310874197348166,NA,NA,0.934804531917335,0.841242049072956,0.934747234232578,NA,NA
1,-1.49114475054687,0.28768238098153,5,"10Days",2,100,"systematic",0.12811817750356,0.583571428571429,0.99,0.05,-1.91770079034243,0.337451908509512,4.59511985013459,0.0556317912919914,-0.399821459775878,-0.806250031204448,TRUE,-252.192396341488,0.853674005556423,-1.08280950886129,TRUE,-1.56083979007704,0.133768239370547,-1.62606492489528,TRUE,-282.091398182691,0.853668594229128,-1.0828002292676,TRUE,-111.044659564185,0.844816859631792,-1.07679887609255,TRUE,-91.1310876239102,0.846751443223711,-1.07661852221019,-0.583571428571429,-0.410045252936136,-0.583571428571429,-0.583571428571429,-0.583571428571429,-0.99,-0.816473824364707,-0.99,-0.99,-0.99,0.124856533982435,0.0362519629078093,0.124858287630215,0.125994099996725,0.126028285648273
2,6.29706963378458,-1.6937638684139,5,"10Days",2,100,"systematic",0.154723936086062,0.574761904761905,0.93,0.05,-1.69802080541689,0.301306640221033,2.58668934409794,0.843437755800004,0.423399787124161,0.068161691886066,TRUE,55.123682598052,0.928875496727308,-3.71046408307188,TRUE,112.885211173247,0.930031378142898,-3.70074280562449,TRUE,55.1231093627544,0.928875496717023,-3.71046721362567,TRUE,6.39001103849006,2.03467485778797,0.00272518711744436,TRUE,7.0045928954006,2.17763102279105,1.32898379531802e-19,0.425238095238095,0.425238095238095,0.425238095238095,0.423562669324909,0.424331215026044,0.07,0.07,0.07,0.0683245740868138,0.069093119787949,-0.13084206755033,-0.13061439777792,-0.130842140528203,0.345957360271654,0.345276063913938
1,-0.735414061430929,0.22307555543977,10,"10Days",2,100,"systematic",0.12811817750356,0.583571428571429,0.99,0.05,-1.91770079034243,0.337451908509512,4.59511985013459,0.195889597638504,-0.259563653429365,-0.665992224857936,TRUE,133.871814917758,1.36194088964614,-1.48729843647661,TRUE,-2.4963646710086,1.34629089137437,-1.41603256775,TRUE,128.700226355998,1.36194750826335,-1.48731137594651,FALSE,NA,NA,NA,FALSE,NA,NA,NA,0.416428571428571,-0.507458005199664,0.416428571428571,NA,NA,0.01,-0.913886576628235,0.01,NA,NA,0.0562093861103133,0.0671661278523625,0.0562074406571471,NA,NA
2,1.18345125307998,-1.21629815846142,10,"10Days",2,100,"systematic",0.154723936086062,0.574761904761905,0.93,0.05,-1.69802080541689,0.301306640221033,2.58668934409794,0.610843844642721,0.190805875966878,-0.164432219271217,TRUE,2.42499239127824,35.5041007444275,-13.0783854446501,FALSE,NA,NA,NA,TRUE,2.42498484822112,35.5041007584605,-13.0779092732227,TRUE,2.32455061741968,44.8500449918151,0.693505645551009,TRUE,2.48263844260992,36.1328816949089,0,0.34395144741362,NA,0.343950884102908,0.3361280981202,0.348153807551087,-0.0112866478244746,NA,-0.0112872111351869,-0.0191099971178951,-0.00708428768700775,-0.154721846171839,NA,-0.154721845176447,0.512022384707785,0.345276063913938
1,-0.559618213413884,0.200664058820211,15,"10Days",2,100,"systematic",0.12811817750356,0.583571428571429,0.99,0.05,-1.91770079034243,0.337451908509512,4.59511985013459,0.235517624865246,-0.219935626202623,-0.626364197631194,TRUE,3.55629583211207,1.53941003060231,-1.50955073558062,TRUE,-519790.008672143,1.54184419619415,-1.47878245404439,TRUE,3.55667740562857,1.53941003079591,-1.50954807360504,TRUE,-1.65909519041321,1.50347849606815,-1.42704631535239,TRUE,-2.3279764345891,1.52169459136208,-1.46831112007885,0.388676377855701,-0.583571428571429,0.388686671620848,-0.423687934312079,-0.49473911185268,-0.0177521935728697,-0.99,-0.0177418998077227,-0.83011650574065,-0.901167683281251,0.0528872061555545,0.0574932153524632,0.0528876007736316,0.0654411422349055,0.0590812736244283
2,0.693147306395441,-0.84729786638559,15,"10Days",2,100,"systematic",0.154723936086062,0.574761904761905,0.93,0.05,-1.69802080541689,0.301306640221033,2.58668934409794,0.511942758544047,0.0919047898682045,-0.263333305369891,TRUE,1.78272442490764,44.502263744346,-16.4051260217404,FALSE,NA,NA,NA,TRUE,1.78276656146109,44.5022638602997,-16.3927407557446,TRUE,2.25218362447083,48.3237139220359,2.24328187746672,TRUE,2.2092148175406,48.9564278523415,2.1798064726513,0.281271046527742,NA,0.281276239381338,0.330076818938145,0.326312053184481,-0.0739670487103528,NA,-0.0739618558567574,-0.0251612762999499,-0.0289260420536142,-0.154723861037174,NA,-0.154723860101894,0.749345530129003,0.743697475998969
1,0.0946159455202834,-0.167053936641801,20,"10Days",2,100,"systematic",0.12811817750356,0.583571428571429,0.99,0.05,-1.91770079034243,0.337451908509512,4.59511985013459,0.3955181784364,-0.059935072631469,-0.46636364406004,TRUE,33.8942651631805,1.8581550782524,-1.45990634585031,TRUE,105472.918936441,1.85796795800164,-1.45442361226802,TRUE,38.282144451779,1.85812455840487,-1.45929191881695,FALSE,NA,NA,NA,FALSE,NA,NA,NA,0.416428571428569,0.416428571428571,0.416428571428571,NA,NA,0.00999999999999801,0.01,0.01,NA,NA,0.0603634722861826,0.0612035237047149,0.0604574707714174,NA,NA
2,0.944462786617347,-0.693147590019089,20,"10Days",2,100,"systematic",0.154723936086062,0.574761904761905,0.93,0.05,-1.69802080541689,0.301306640221033,2.58668934409794,0.565276301353618,0.145238332677775,-0.20999976256032,TRUE,-484.143621077941,52.0212217726185,2.30258480826188,TRUE,-2174774.95116526,52.0185203333414,2.30226848755407,TRUE,1.43621218070223,50.716494295752,-19.9254786733886,TRUE,2.231759327713,49.8011749459464,2.20674062106557,TRUE,2.24165336476021,50.6421977037073,2.15762383521499,-0.574761904761905,-0.574761904761905,0.233105495737189,0.328303571919466,0.329166231051872,-0.93,-0.93,-0.122132599500906,-0.0269345233186291,-0.0260718641862232,0.754366949473261,0.754340803876788,-0.15472393386544,0.746129253814239,0.741655113382925
1,-0.0685989047473197,0.154150990322608,30,"10Days",2,100,"systematic",0.12811817750356,0.583571428571429,0.99,0.05,-1.91770079034243,0.337451908509512,4.59511985013459,0.354738818425361,-0.100714432642508,-0.507143004071079,TRUE,0.0445528410986025,2.22856945927965,-1.63632668064206,TRUE,0.713577063319505,2.28251736554852,-1.64649059806167,TRUE,0.0445237925656903,2.2285694592667,-1.63634831511915,FALSE,NA,NA,NA,TRUE,-21.9006203232413,2.20436296566519,-1.56755219098188,-0.0724350603355939,0.0876196491450855,-0.0724423188686083,NA,-0.583571428263336,-0.478863631764165,-0.318808922283486,-0.478870890297179,NA,-0.989999999691907,0.0348473341829404,0.0334656420454601,0.0348443830940361,NA,0.0444474487931596
2,0.166381855462082,0.105361105171829,30,"10Days",2,100,"systematic",0.154723936086062,0.574761904761905,0.93,0.05,-1.69802080541689,0.301306640221033,2.58668934409794,0.386775835676553,-0.0332621329992905,-0.388500228237386,TRUE,-0.312692391461748,57.0178860642366,2.13202841561017,TRUE,-2.64182184579825,57.0923307391309,2.0840222781533,TRUE,1.19463490648053,57.2248194407614,-24.5771077646166,TRUE,2.91645819953639,56.6810291992412,2.07964878734462,TRUE,9.39858322092465,56.9076056359401,2.09800859279436,-0.152304211700126,-0.508267046507001,0.192807083742933,0.373892148734379,0.42515526074987,-0.507542306938221,-0.863505141745096,-0.162431011495162,0.0186540534962839,0.0699171655117753,0.739253482806983,0.734616565927771,-0.154723936064864,0.734185419860833,0.735985537757725
1,-1.950554036792,-0.627495826275778,5,"10Days",3,50,"systematic",0.0304611612086695,0.384285714285714,0.91,0.05,-3.4603680653688,-0.47139671050191,2.31363492918063,0.0940317974724659,-0.259792755604579,-0.785507041318865,TRUE,1834.64760388035,12.7284350736314,2.55345421533161,TRUE,-4.08462874987481,3.41638963344428,2546.53016546695,TRUE,-1.91565512569105,0.0732988941527126,14872.31434927,FALSE,NA,NA,NA,FALSE,NA,NA,NA,0.615714285714286,-0.367734868786352,-0.255938854152314,NA,NA,0.09,-0.893449154500638,-0.7816531398666,NA,NA,0.897344068231425,0.969538838791331,0.969538838791331,NA,NA
2,5.18076466200399,-3.72972577756119,5,"10Days",3,50,"systematic",0.029561778199652,0.35952380952381,0.89,0.05,-3.49126549465506,-0.577431542786913,2.09074109693377,0.96484596645541,0.634883935131252,0.104407744655062,TRUE,9.61202744455712,5.90168456190464,-9.5577230128571,TRUE,18.9948071061665,6.22016813801975,-9.70559445035153,TRUE,9.61194132578658,5.90168456370548,-9.55777240466894,TRUE,5.18076457076332,17.3255168687298,2.39310876446792e-26,TRUE,5.18076463467457,17.3255168111783,0,0.640409275941958,0.640476184844223,0.640409270179498,0.634883934623864,0.634883934979274,0.109933085465768,0.109999994368033,0.109933079703308,0.104407744147674,0.104407744503084,-0.0294911296984773,-0.0295008403084864,-0.0294911331876021,0.470438221800348,0.470438221800348
1,-1.01812663632744,-1.38029972012096,10,"10Days",3,50,"systematic",0.0304611612086695,0.384285714285714,0.91,0.05,-3.4603680653688,-0.47139671050191,2.31363492918063,0.23493130845107,-0.118893244625975,-0.644607530340261,FALSE,NA,NA,NA,FALSE,NA,NA,NA,TRUE,1567.35690154641,22.6253883174336,0.136199734195091,TRUE,-1.80451963281849,15.215191390698,-0.000643432666249431,FALSE,NA,NA,NA,NA,NA,0.615714285714286,-0.242983931248068,NA,NA,NA,0.09,-0.768698216962354,NA,NA,NA,0.503536233234598,0.469377980630318,NA
2,-1.45915365160564,-1.42154897485755,10,"10Days",3,50,"systematic",0.029561778199652,0.35952380952381,0.89,0.05,-3.49126549465506,-0.577431542786913,2.09074109693377,0.159035027926145,-0.170927003398013,-0.701403193874203,TRUE,1.85757294816411,90.497547490444,-19.1356182914659,FALSE,NA,NA,NA,TRUE,1.85774491111204,90.4975474579298,-19.1341952300886,TRUE,1.90643939916189,104.657960252663,0.00728105611587495,TRUE,2.01914284541987,99.6416485721399,0,0.505489994982548,NA,0.505510072962519,0.511094794654177,0.52326853889667,-0.0249861954936416,NA,-0.0249661175136712,-0.0193813958220129,-0.00720765157951953,-0.0295617733074254,NA,-0.0295617733004585,0.47225847778777,0.470438221800348
1,-1.26466548430152,-1.05966046907374,15,"10Days",3,50,"systematic",0.0304611612086695,0.384285714285714,0.91,0.05,-3.4603680653688,-0.47139671050191,2.31363492918063,0.189710639481454,-0.164113913595591,-0.689828199309877,FALSE,NA,NA,NA,FALSE,NA,NA,NA,TRUE,1208.53789008575,25.5599099807805,-0.518659706060508,TRUE,-1.77248870017457,16.9295566121533,-0.00987088312189963,FALSE,NA,NA,NA,NA,NA,0.615714285714286,-0.239052606568082,NA,NA,NA,0.09,-0.764766892282368,NA,NA,NA,0.342704531399315,0.467071138047388,NA
2,-1.01292883356411,-1.63855896749782,15,"10Days",3,50,"systematic",0.029561778199652,0.35952380952381,0.89,0.05,-3.49126549465506,-0.577431542786913,2.09074109693377,0.236845286440367,-0.0931167448837911,-0.623592935359981,TRUE,1.76746334500732,149.034037841336,-19.366708937835,FALSE,NA,NA,NA,TRUE,1.76741865115614,149.03403813298,-19.3690907703923,TRUE,1.71752190828096,167.413919696795,0.0629414878986487,TRUE,1.86249367823829,159.25670871098,0,0.494618120009062,NA,0.494612551804801,0.488285557520026,0.506063532340937,-0.035858070467128,NA,-0.0358636386713886,-0.0421906329561635,-0.0244126581352534,-0.0295617743168506,NA,-0.0295617743260878,0.48616840102086,0.470438221800348
1,-1.56308691378073,-0.308872086679632,20,"10Days",3,50,"systematic",0.0304611612086695,0.384285714285714,0.91,0.05,-3.4603680653688,-0.47139671050191,2.31363492918063,0.142742979924433,-0.211081573152611,-0.736795858866897,FALSE,NA,NA,NA,FALSE,NA,NA,NA,TRUE,804.759048121028,27.2737297033167,-0.851807496461131,FALSE,NA,NA,NA,FALSE,NA,NA,NA,NA,NA,0.615714285714286,NA,NA,NA,NA,0.09,NA,NA,NA,NA,0.268592670194517,NA,NA
2,-1.01812663631845,-1.38029972014897,20,"10Days",3,50,"systematic",0.029561778199652,0.35952380952381,0.89,0.05,-3.49126549465506,-0.577431542786913,2.09074109693377,0.23583069146184,-0.0941313398623181,-0.624607530338508,TRUE,1.26274960331583,184.750780038487,1.25815187589056,FALSE,NA,NA,NA,TRUE,1.13300283480163,169.096210927029,-21.0851225818668,TRUE,1.26799883871513,184.290356416392,1.2679988328098,TRUE,1.39049373326195,179.64500344408,1.39049373326195,0.41997526399222,NA,0.396868826276862,0.420876180125354,0.441147243632188,-0.11050092648397,NA,-0.133607364199328,-0.109600010350836,-0.0893289468440024,0.749146021253589,NA,-0.0295617775032699,0.750838210437482,0.771109274956346
1,-1.51536689032655,0.0722722347608733,30,"10Days",3,50,"systematic",0.0304611612086695,0.384285714285714,0.91,0.05,-3.4603680653688,-0.47139671050191,2.31363492918063,0.149683620629598,-0.204140932447446,-0.729855218161732,FALSE,NA,NA,NA,FALSE,NA,NA,NA,TRUE,574.934558924503,29.4782674671178,-1.23372665862222,TRUE,-1.58407390762668,20.3538010131042,-0.0630965638398279,FALSE,NA,NA,NA,NA,NA,0.615714285714286,-0.214066423371994,NA,NA,NA,0.09,-0.73978070908628,NA,NA,NA,0.195068677754175,0.453769929051844,NA
2,0.0484549506621187,-1.78897688988854,30,"10Days",3,50,"systematic",0.029561778199652,0.35952380952381,0.89,0.05,-3.49126549465506,-0.577431542786913,2.09074109693377,0.482549589886428,0.15258755856227,-0.37788863191392,TRUE,0.883635396601176,194.696762341626,-21.8398335709493,TRUE,-4.22844280187706,214.840876439725,1.18587545547677,TRUE,0.883666900210731,194.696763172129,-21.8432673637814,TRUE,1.30430449385406,207.206888992667,1.30430449385389,FALSE,NA,NA,NA,0.348051188235692,-0.345158121267013,0.348057706687467,0.427034721433234,NA,-0.182425002240498,-0.875634311743203,-0.182418483788723,-0.103441469042956,NA,-0.0295617778722504,0.736440803100132,-0.0295617778733727,0.756996752757363,NA
1,-0.711251910091763,-0.260513707345557,5,"10Days",3,100,"systematic",0.12811817750356,0.583571428571429,0.99,0.05,-1.91770079034243,0.337451908509512,4.59511985013459,0.201204095356578,-0.254249155711291,-0.660677727139863,TRUE,-0.164097873932443,0.167842114426509,-0.369918809241222,FALSE,NA,NA,NA,TRUE,-88.616123022752,0.170999991768908,-0.31572881361652,FALSE,NA,NA,NA,TRUE,-48.0984483437845,0.168236916789363,-0.344255422210311,-0.124504084988224,NA,-0.583571428571429,NA,-0.583571428571429,-0.530932656416795,NA,-0.99,NA,-0.99,0.280442462759052,NA,0.293598842408537,NA,0.286657978392372
2,0.126294052778924,-0.842414550527815,5,"10Days",3,100,"systematic",0.154723936086062,0.574761904761905,0.93,0.05,-1.69802080541689,0.301306640221033,2.58668934409794,0.376807676983559,-0.0432302916922841,-0.398468386930379,TRUE,0.20582440830123,0.656483309231296,35533.7745925814,TRUE,-2.11353024415166,5.80108772806182,3121.10837346353,TRUE,0.205859953784966,0.656262660195234,43174.9827098268,FALSE,NA,NA,NA,FALSE,NA,NA,NA,-0.0234866922607345,-0.466973212979546,-0.0234778993601441,NA,NA,-0.37872478749883,-0.822211308217641,-0.378715994598239,NA,NA,0.845276063913938,0.845276063913938,0.845276063913938,NA,NA
1,-0.00812670823889076,-0.627487674566042,10,"10Days",3,100,"systematic",0.12811817750356,0.583571428571429,0.99,0.05,-1.91770079034243,0.337451908509512,4.59511985013459,0.369850156618213,-0.085603094449656,-0.492031665878227,TRUE,213.335377320519,0.625101496175814,-0.700790656921754,FALSE,NA,NA,NA,TRUE,217.241119358282,0.625098575005978,-0.700791379304358,FALSE,NA,NA,NA,FALSE,NA,NA,NA,0.416428571428571,NA,0.416428571428571,NA,NA,0.01,NA,0.01,NA,NA,0.203518774827424,NA,0.203518614708533,NA,NA
2,0.234570563736793,-0.770461317136344,10,"10Days",3,100,"systematic",0.154723936086062,0.574761904761905,0.93,0.05,-1.69802080541689,0.301306640221033,2.58668934409794,0.403651283317954,-0.0163866853578887,-0.371624780595984,TRUE,0.118703030866519,0.829462147694441,32395.2034342528,TRUE,-1.12595142746204,8.01953873463708,4030.25818888941,TRUE,0.118705937180493,0.829278080532548,38792.7884050709,FALSE,NA,NA,NA,FALSE,NA,NA,NA,-0.0451209433150238,-0.329852880471803,-0.0451202192900412,NA,NA,-0.400359038553119,-0.685090975709898,-0.400358314528136,NA,NA,0.845276063913938,0.845276063913938,0.845276063913938,NA,NA
1,-0.0253926609697308,-0.300640124825174,15,"10Days",3,100,"systematic",0.12811817750356,0.583571428571429,0.99,0.05,-1.91770079034243,0.337451908509512,4.59511985013459,0.365533998333339,-0.0899192527345299,-0.496347824163101,TRUE,34.4221586026509,0.68051617819907,-0.650448609561536,TRUE,146258.84078368,0.680438770493609,-0.64928068813762,TRUE,35.1840051252876,0.680514304686728,-0.650423249794565,FALSE,NA,NA,NA,FALSE,NA,NA,NA,0.41642857142857,0.416428571428571,0.416428571428571,NA,NA,0.0099999999999989,0.01,0.00999999999999956,NA,NA,0.214770273805326,0.215033473409257,0.214775987788365,NA,NA
2,0.218069148244004,-0.294251833046927,15,"10Days",3,100,"systematic",0.154723936086062,0.574761904761905,0.93,0.05,-1.69802080541689,0.301306640221033,2.58668934409794,0.399578329812624,-0.0204596388632191,-0.375697734101314,TRUE,0.145764489135501,0.866937530135355,40080.574061097,FALSE,NA,NA,NA,TRUE,0.145770990369783,0.8669535336972,39144.543508933,FALSE,NA,NA,NA,FALSE,NA,NA,NA,-0.0383851685916372,NA,-0.0383835518863174,NA,NA,-0.393623263829732,NA,-0.393621647124412,NA,NA,0.845276063913938,NA,0.845276063913938,NA,NA
1,-0.261460085479364,-0.00768496769389343,20,"10Days",3,100,"systematic",0.12811817750356,0.583571428571429,0.99,0.05,-1.91770079034243,0.337451908509512,4.59511985013459,0.306886643275591,-0.148566607792278,-0.554995179220849,TRUE,0.130247903213359,0.842849328032403,-0.684590639368781,TRUE,0.647432583363963,0.849082278339066,-0.672349072544393,TRUE,0.130251795388782,0.842849328190654,-0.684589413300372,TRUE,-0.568816160321017,0.737597400199401,-0.568816160321017,FALSE,NA,NA,NA,-0.0510554079896027,0.0728602396300407,-0.051054439061034,-0.22206139404338,NA,-0.457483979418174,-0.33356833179853,-0.457483010489605,-0.628489965471951,NA,0.207119313310499,0.209852866371838,0.207119586543964,0.233391857024489,NA
2,0.0908050605266693,-0.163696568717277,20,"10Days",3,100,"systematic",0.154723936086062,0.574761904761905,0.93,0.05,-1.69802080541689,0.301306640221033,2.58668934409794,0.367961743178447,-0.0520762254973959,-0.407314320735491,TRUE,0.152516245696014,0.898880773862065,41775.7366361208,FALSE,NA,NA,NA,TRUE,899.539164283246,32.7559886983811,1.38595235797599,FALSE,NA,NA,NA,FALSE,NA,NA,NA,-0.0367065824766858,NA,0.425238095238095,NA,NA,-0.391944677714781,NA,0.07,NA,NA,0.845276063913938,NA,0.645221337796496,NA,NA
1,0.206164654277864,-0.113878963012917,30,"10Days",3,100,"systematic",0.12811817750356,0.583571428571429,0.99,0.05,-1.91770079034243,0.337451908509512,4.59511985013459,0.42324120046576,-0.0322120506021087,-0.43864062203068,TRUE,0.583290838472763,0.964323933205095,-0.628378964579941,TRUE,1.27768512298058,0.963177001087603,-0.635855520493629,TRUE,0.58328840150024,0.96432393320669,-0.628379284375827,TRUE,0.22276404248975,2.83997695728258,1.58757785581278e-139,TRUE,0.248552330534131,2.84252147872942,0,0.0582528476079871,0.198484046936854,0.0582522873822332,-0.0281095808730513,-0.0217512804951649,-0.348175723820584,-0.207944524491717,-0.348176284046338,-0.434538152301622,-0.428179851923736,0.219760015964196,0.218065827068226,0.219759943415639,0.37188182249644,0.37188182249644
2,0.285011600592687,-0.0845232805548172,30,"10Days",3,100,"systematic",0.154723936086062,0.574761904761905,0.93,0.05,-1.69802080541689,0.301306640221033,2.58668934409794,0.416050517851295,-0.00398745082454754,-0.359225546062643,TRUE,0.193687478417698,1.06974170262707,48931.3074897059,FALSE,NA,NA,NA,TRUE,791.695796878762,35.5540536925038,0.93279141687679,FALSE,NA,NA,NA,FALSE,NA,NA,NA,-0.0264908476335416,NA,0.425238095238095,NA,NA,-0.381728942871637,NA,0.07,NA,NA,0.845276063913938,NA,0.562917324055993,NA,NA
1,-1.89033487381292,-1.32746661286866,5,"10Days",4,50,"systematic",0.0304611612086695,0.384285714285714,0.91,0.05,-3.4603680653688,-0.47139671050191,2.31363492918063,0.100745130847217,-0.253079422229828,-0.778793707944114,TRUE,0.0813374309126929,30.4553437476714,-0.177433191294555,FALSE,NA,NA,NA,TRUE,-0.700407971758978,29.5166330604424,-32925.1104339093,FALSE,NA,NA,NA,FALSE,NA,NA,NA,0.136037440221724,NA,-0.0525639328374745,NA,NA,-0.389676845492562,NA,-0.578278218551761,NA,NA,0.42529655173081,NA,-0.0304611612086695,NA,NA
2,-0.262760535048424,-2.69514924573395,5,"10Days",4,50,"systematic",0.029561778199652,0.35952380952381,0.89,0.05,-3.49126549465506,-0.577431542786913,2.09074109693377,0.405123450829578,0.0751614195054204,-0.45531477097077,TRUE,12.5673213099052,65.4104541267459,6.55740067040398,TRUE,-14435468.2383904,66.0456111628412,7.39195495136405,TRUE,-827.892867786296,66.0612831731176,7.40095450736708,FALSE,NA,NA,NA,TRUE,6.60235388316542,34.7928097147484,6.60235388316481,0.640472706459798,-0.35952380952381,-0.35952380952381,NA,0.639120860233359,0.109996515983608,-0.89,-0.89,NA,0.108644669757169,0.969020663273761,0.969822411103364,0.969827924895882,NA,0.969082891557516
1,-1.53799230772286,-0.929643611098373,10,"10Days",4,50,"systematic",0.0304611612086695,0.384285714285714,0.91,0.05,-3.4603680653688,-0.47139671050191,2.31363492918063,0.146366162507876,-0.207458390569168,-0.733172676283454,TRUE,463.299494733319,32.5037461529366,-0.649141264419143,TRUE,-3.57337856665843,32.279127804027,-0.293253816009082,TRUE,-2.22528186807832,32.1940007458676,-0.171417810169161,TRUE,-1.94504316849244,25.8089569900382,-5.74766432275296e-06,FALSE,NA,NA,NA,0.615714285714286,-0.35699074751828,-0.286782683375978,-0.259190857452955,NA,0.09,-0.882705033232566,-0.812496969090264,-0.784905143167241,NA,0.312721916301654,0.396746305097084,0.426789015320924,0.46953740187525,NA
2,-0.191269482382757,-2.33293956005405,10,"10Days",4,50,"systematic",0.029561778199652,0.35952380952381,0.89,0.05,-3.49126549465506,-0.577431542786913,2.09074109693377,0.422766099135705,0.0928040678115468,-0.437672122664643,TRUE,473.819167999077,109.588840480515,4.79984882740467,TRUE,-5.86754355479056,108.75141894528,5.97143769701388,TRUE,-1.69730229424492,108.741036595027,5.9624385747909,TRUE,8.19716559974291,108.616316637615,5.93981770865644,TRUE,45.2287986813911,108.974076298341,6.11124287454957,0.64047619047619,-0.356701978694644,-0.204705880042431,0.640200833166298,0.64047619047619,0.11,-0.887178169170834,-0.735182070518621,0.109724642690108,0.11,0.962274426671382,0.967894138834459,0.96787120003188,0.967812624219929,0.96822533685925
1,-1.42143288918271,-0.806670767230891,15,"10Days",4,50,"systematic",0.0304611612086695,0.384285714285714,0.91,0.05,-3.4603680653688,-0.47139671050191,2.31363492918063,0.163975888840074,-0.18984866423697,-0.715562949951257,FALSE,NA,NA,NA,TRUE,-2.23748900519226,33.2705240946,-0.383057862392243,TRUE,-1.79143432860787,32.9768337125474,-0.149992616834814,TRUE,-1.80614411678831,27.9009270548197,-0.000331475208987436,FALSE,NA,NA,NA,NA,-0.287851599712867,-0.241388753668052,-0.243180924136628,NA,NA,-0.813565885427153,-0.767103039382338,-0.768895209850914,NA,NA,0.374928428849371,0.43211082889562,0.469455969989842,NA
2,0.592667582085033,-2.53033231967339,15,"10Days",4,50,"systematic",0.029561778199652,0.35952380952381,0.89,0.05,-3.49126549465506,-0.577431542786913,2.09074109693377,0.614415200343103,0.284453169018945,-0.246023021457245,TRUE,1.43416541628737,156.181453433489,7.18651086488876,TRUE,0.704316125587944,158.80196302138,7.11891003053534,TRUE,1.43435733814525,156.181453691734,7.1875230883009,TRUE,5356.99137115722,162.940236059931,4.12750599812446,TRUE,358251.089904988,163.253229701712,3.96801435934024,0.448025696780305,0.309620207608556,0.448055522229252,0.64047619047619,0.64047619047619,-0.0824504936958852,-0.220855982867634,-0.0824206682469375,0.11,0.11,0.969682069164998,0.969629228038364,0.969682833595275,0.954571009874503,0.951878261979611
1,-1.54074004923961,-0.726730818665349,20,"10Days",4,50,"systematic",0.0304611612086695,0.384285714285714,0.91,0.05,-3.4603680653688,-0.47139671050191,2.31363492918063,0.145966557941075,-0.207857995135969,-0.733572280850255,TRUE,-1.72425822477467,33.1718198446521,-0.155535152907702,TRUE,-2.0035258379432,33.5599581269101,-0.428778980193965,TRUE,-1.72420768401363,33.1718199562849,-0.155569537873515,TRUE,-1.74972933179069,28.9449915520569,-0.00170364108043163,FALSE,NA,NA,NA,-0.232962224158778,-0.265452485886517,-0.232955733362753,-0.23620437383022,NA,-0.758676509873064,-0.791166771600803,-0.758670019077039,-0.761918659544506,NA,0.430733248472143,0.363956776275549,0.430724704021512,0.469112928624236,NA
2,0.4955052996334,-2.28309422385225,20,"10Days",4,50,"systematic",0.029561778199652,0.35952380952381,0.89,0.05,-3.49126549465506,-0.577431542786913,2.09074109693377,0.591840701800129,0.261878670475971,-0.268597520000219,TRUE,1.62113836137988,185.06307690197,7.20865083359171,TRUE,1.147247141452,188.049364983412,7.3267787509221,TRUE,1.62121068959115,185.063077895001,7.21021760034006,TRUE,2129.51720561565,193.564586953781,3.18074375190511,TRUE,8007.19542475957,193.71133157274,3.10650016003049,0.475428254404499,0.399483927416434,0.475438221505145,0.64047619047619,0.64047619047619,-0.0550479360716911,-0.130992263059756,-0.0550379689710452,0.11,0.11,0.969698614150208,0.969780965312695,0.969699771180535,0.930541387072952,0.927598297207947
1,-1.20770983158154,-0.175204496679478,30,"10Days",4,50,"systematic",0.0304611612086695,0.384285714285714,0.91,0.05,-3.4603680653688,-0.47139671050191,2.31363492918063,0.199645359480143,-0.154179193596902,-0.679893479311187,TRUE,-1.23807334879318,35.4690556404278,-1.46215249844499,TRUE,7.37193709196802,35.4690431382517,-1.46297681257318,TRUE,-1.54994475000589,34.2939109804238,-0.224896631607853,TRUE,-1.51095445554109,35.2889441290025,-1.51075911040651,TRUE,-1.51021285530459,35.290802423387,-1.50998920888986,-0.159514188986369,0.615086031418397,-0.209191466162831,-0.203488328320065,-0.203378464135952,-0.685228474700655,0.0893717457041109,-0.734905751877117,-0.729202614034351,-0.729092749850238,0.157677165725129,0.157551290457978,0.413550466168363,0.150365159068636,0.150479231190921
2,1.03556415355068,-2.21694237926929,30,"10Days",4,50,"systematic",0.029561778199652,0.35952380952381,0.89,0.05,-3.49126549465506,-0.577431542786913,2.09074109693377,0.708431421937162,0.378469390613004,-0.152006799863186,TRUE,1.11478131375086,195.496580921464,6.82880043520431,TRUE,0.393749628460068,195.00203871907,6.28929246914005,TRUE,1.11476074858744,195.496580907452,6.82844678716282,TRUE,2617.28624363753,197.974464111902,3.52072577012516,FALSE,NA,NA,NA,0.393495611622966,0.237661209672462,0.393491786869859,0.64047619047619,NA,-0.136980578853224,-0.292814980803728,-0.136984403606331,0.11,NA,0.969357236139962,0.96858558771281,0.969356854197362,0.941709983912143,NA
1,-0.593929479813623,-0.643931754292249,5,"10Days",4,100,"systematic",0.12811817750356,0.583571428571429,0.99,0.05,-1.91770079034243,0.337451908509512,4.59511985013459,0.227615580459895,-0.227837670607974,-0.634266242036545,TRUE,-0.360744575401505,0.693261964455042,-18.8338636853735,FALSE,NA,NA,NA,TRUE,-0.360737536270609,0.69326196117777,-18.789650823316,FALSE,NA,NA,NA,TRUE,-124.555412271675,0.895510097591922,-0.576571260758287,-0.172792091381584,NA,-0.172790387631571,NA,-0.583571428571429,-0.579220662810155,NA,-0.579218959060142,NA,-0.99,-0.128118170888148,NA,-0.128118170589099,NA,0.231603750030472
2,0.543176831851616,-1.25795583730645,5,"10Days",4,100,"systematic",0.154723936086062,0.574761904761905,0.93,0.05,-1.69802080541689,0.301306640221033,2.58668934409794,0.477827183755415,0.0577892150795718,-0.297448880158523,TRUE,0.362387587779247,0.566905750991804,8095.8611090537,TRUE,-2.21461566635026,6.3149690574205,3684.36565001194,TRUE,0.362388775056388,0.566905182347675,8102.74544152939,TRUE,7.16245104626445,0.992090914485021,7.16245104618588,FALSE,NA,NA,NA,0.014856373851225,-0.47631625088863,0.0148566611349396,0.424463543344989,NA,-0.34038172138687,-0.831554346126726,-0.340381434103155,0.0692254481068936,NA,0.845276063913938,0.845276063913938,0.845276063913938,0.844501512020771,NA
1,-0.317876741270457,-0.365820744722233,10,"10Days",4,100,"systematic",0.12811817750356,0.583571428571429,0.99,0.05,-1.91770079034243,0.337451908509512,4.59511985013459,0.293075111743605,-0.162378139324264,-0.568806710752835,TRUE,-0.343926782980943,0.734928312416663,-14.4817266468103,FALSE,NA,NA,NA,TRUE,-0.343923573638799,0.734928308501919,-14.4746798259634,FALSE,NA,NA,NA,TRUE,-110.093337717439,0.917799673678636,-0.582785707265303,-0.168715497575311,NA,-0.168714718505728,NA,-0.583571428571429,-0.575144069003882,NA,-0.575143289934299,NA,-0.99,-0.128117663855318,NA,-0.12811766022295,NA,0.230173677163612
2,0.505018843874204,-0.69588562193064,10,"10Days",4,100,"systematic",0.154723936086062,0.574761904761905,0.93,0.05,-1.69802080541689,0.301306640221033,2.58668934409794,0.468914115136629,0.0488761464607863,-0.306361948777309,TRUE,0.393995685251387,0.685210206283148,11700.9340916604,TRUE,-0.914254899401385,10.1521245177285,4877.62484011003,TRUE,0.394016227382963,0.685179981252104,12318.982384904,TRUE,7.16251754134701,1.9810381519814,7.16251754114238,FALSE,NA,NA,NA,0.0224823032278476,-0.288631961845952,0.0224872444955185,0.42446359480728,NA,-0.332755792010247,-0.643870057084047,-0.332750850742576,0.069225499569185,NA,0.845276063913938,0.845276063913938,0.845276063913938,0.844501563482964,NA
1,-0.0921676835015418,-0.456220389797039,15,"10Days",4,100,"systematic",0.12811817750356,0.583571428571429,0.99,0.05,-1.91770079034243,0.337451908509512,4.59511985013459,0.348856199309515,-0.106597051758354,-0.513025623186925,TRUE,29.7616112785785,0.972547616433302,-0.591757886573109,TRUE,315963.518536109,0.972467068458774,-0.59079866603734,TRUE,28.1675982419625,0.972552418295746,-0.591811117153016,FALSE,NA,NA,NA,FALSE,NA,NA,NA,0.416428571428452,0.416428571428571,0.416428571427986,NA,NA,0.00999999999988122,0.01,0.00999999999941537,NA,NA,0.228113437722721,0.228333446716759,0.228101230412573,NA,NA
2,0.530788812827992,-0.535510500175748,15,"10Days",4,100,"systematic",0.154723936086062,0.574761904761905,0.93,0.05,-1.69802080541689,0.301306640221033,2.58668934409794,0.474943135151285,0.0549051664754424,-0.300332928762653,TRUE,0.441108327922727,0.81567193851772,15952.157984137,FALSE,NA,NA,NA,TRUE,1129.21430180254,36.5350907581242,2.10184580768777,TRUE,7.16250926786874,3.43776272179418,7.16250926766166,TRUE,18.8952813007286,3.43776262704695,14.9964254993499,0.0337611866316317,NA,0.425238095238095,0.424463588404404,0.42523808901676,-0.321476908606463,NA,0.07,0.0692254931663088,0.0699999937786647,0.845276063913938,NA,0.736358516049296,0.844501557080086,0.845275756916307
1,0.246646329876871,-0.476814283249287,20,"10Days",4,100,"systematic",0.12811817750356,0.583571428571429,0.99,0.05,-1.91770079034243,0.337451908509512,4.59511985013459,0.433232699477838,-0.0222205515900304,-0.428649123018601,TRUE,52.6590935232212,1.00000113614222,-0.603043213945476,TRUE,1005108.88972922,0.999752508569272,-0.60207447213454,TRUE,51.9227249947567,1.00000348207142,-0.603057155691211,TRUE,0.251845617222434,2.6795048349538,3.09542460372327e-18,FALSE,NA,NA,NA,0.416428571428571,0.416428571428571,0.416428571428571,-0.0209407106356686,NA,0.01,0.01,0.01,-0.42736928206424,NA,0.22552958589707,0.225751053272862,0.225526399085072,0.37188182249644,NA
2,0.493176792322141,-0.327786788001818,20,"10Days",4,100,"systematic",0.154723936086062,0.574761904761905,0.93,0.05,-1.69802080541689,0.301306640221033,2.58668934409794,0.466130581281541,0.0460926126056982,-0.309145482632397,TRUE,0.462308451060927,0.879393697357206,17929.3842995409,FALSE,NA,NA,NA,TRUE,0.462297548398055,0.879458097855347,16455.7852798642,TRUE,7.16274517102512,4.83804803306539,7.16274516977713,TRUE,20.8149203155049,4.83804786031915,15.8418880127027,0.0387997570593641,NA,0.0387971719939231,0.424463770950003,0.425238094325675,-0.316438338178731,NA,-0.316440923244172,0.0692256757119075,0.0699999990875796,0.845276063913938,NA,0.845276063913938,0.84450173962488,0.845275932101803
1,0.508587639066183,-0.354262431710876,30,"10Days",4,100,"systematic",0.12811817750356,0.583571428571429,0.99,0.05,-1.91770079034243,0.337451908509512,4.59511985013459,0.496357148274802,0.0409038972069328,-0.365524674221638,TRUE,1.29675411925712,1.20174577247419,-0.602874157709217,TRUE,2.62693658806731,1.20152405529151,-0.606062953127975,TRUE,1.29674878873919,1.20174577247414,-0.60287440145952,TRUE,0.674101298996929,2.89967180556147,0.000112329646470336,TRUE,1.70886783789639,2.88685792199776,2.90434476317047e-08,0.201716771239423,0.349003752510368,0.201715872456,0.0788494709173263,0.263117951369892,-0.204711800189148,-0.0574248189182026,-0.204712698972571,-0.327579100511245,-0.143310620058679,0.225568229900501,0.224839636270502,0.225568174181052,0.371909904908028,0.371881829757302
2,0.544900960828484,-0.247576911140498,30,"10Days",4,100,"systematic",0.154723936086062,0.574761904761905,0.93,0.05,-1.69802080541689,0.301306640221033,2.58668934409794,0.478227831737993,0.0581898630621497,-0.297048232175945,TRUE,0.466093371439475,0.935018718897482,18183.041504169,FALSE,NA,NA,NA,TRUE,0.466096926258615,0.934993312880587,18781.6034270903,TRUE,13.3738080975985,7.13566800243852,13.1335272730899,TRUE,60.2348995990746,7.13290910903449,25.3231745197546,0.0396967892357435,NA,0.0396976313692373,0.425236539887622,0.425238095238095,-0.315541306002352,NA,-0.315540463868858,0.0699984446495265,0.07,0.845276063913938,NA,0.845276063913938,0.845274086121471,0.845276063903885
1,5.81957698036634,-3.17495457707515,5,"24Hours",2,50,"systematic",0.0304611612086695,0.384285714285714,0.91,0.05,-3.4603680653688,-0.47139671050191,2.31363492918063,0.966578766069518,0.612754212992473,0.0870399272781874,TRUE,1.78681391427256,0.348844325175587,2.93778166398093,FALSE,NA,NA,NA,TRUE,319.38460425164,0.436378249299585,2.48819495362873,TRUE,300.161039382417,0.363833999171264,2.75457711916006,TRUE,305.668315264118,0.374304201683792,2.70325471198624,0.472250494431115,NA,0.615714285714286,0.615714285714286,0.615714285714286,-0.0534637912831712,NA,0.09,0.09,0.09,0.919221667311705,NA,0.89284892630862,0.909710167219231,0.906757262886845
2,4.81253682349206,-3.65517375240728,5,"24Hours",2,50,"systematic",0.029561778199652,0.35952380952381,0.89,0.05,-3.49126549465506,-0.577431542786913,2.09074109693377,0.962376524744054,0.632414493419896,0.101938302943706,TRUE,5.27691479163404,1.23926438831881,-2066.90223668124,TRUE,18.9606234040002,112.696316073832,-16185.6844531495,TRUE,5.27691043705045,1.23926438852041,-2066.96132873709,TRUE,5.26859659819786,901.247832573757,2.42919855247921e-16,TRUE,5.27311619691952,901.243428192981,0,0.635393984963032,0.640476184648373,0.63539396294457,0.635351751419092,0.635374741683149,0.104917794486842,0.109999994172183,0.10491777246838,0.104875560942902,0.104898551206959,-0.029561778199652,-0.029561778199652,-0.029561778199652,0.470438221800348,0.470438221800348
1,-1.0986122159332,-1.38629433358581,10,"24Hours",2,50,"systematic",0.0304611612086695,0.384285714285714,0.91,0.05,-3.4603680653688,-0.47139671050191,2.31363492918063,0.219538852429126,-0.134285700647918,-0.659999986362204,TRUE,-2948.90577552029,39.0362032523967,6.16662573909389,FALSE,NA,NA,NA,TRUE,-2024.19323878428,39.0425907267083,6.16652663721974,TRUE,4.51601310818851,8.7994703990689,4.51601310818851,TRUE,4.50091408560189,8.30749509784778,4.50091408560189,-0.384285714285714,NA,-0.384285714285714,0.604899989577773,0.604737271309223,-0.91,NA,-0.91,0.0791857038634873,0.0790229855949365,0.96744492815818,NA,0.967444721072002,0.958724542654818,0.958561824386267
2,6.73923499017201,-2.51107486096118,10,"24Hours",2,50,"systematic",0.029561778199652,0.35952380952381,0.89,0.05,-3.49126549465506,-0.577431542786913,2.09074109693377,0.969256068700828,0.63929403737667,0.10881784690048,TRUE,5.72483414842548,4.69673194896807,-1169.32310226848,TRUE,12.9352313781128,190.21476447124,-26320.7793673343,TRUE,5.72483360877459,4.6967319489823,-1169.32828133114,FALSE,NA,NA,NA,TRUE,5.72115599934205,904.718838608888,4.70333510120498e-282,0.637222914273528,0.640473778909131,0.637222912523606,NA,0.637210965348951,0.106746723797338,0.109997588432941,0.106746722047416,NA,0.106734774872761,-0.029561778199652,-0.029561778199652,-0.029561778199652,NA,0.470438221800348
1,0.956977758609246,-2.01493362318817,15,"24Hours",2,50,"systematic",0.0304611612086695,0.384285714285714,0.91,0.05,-3.4603680653688,-0.47139671050191,2.31363492918063,0.692055132986459,0.338230579909415,-0.187483705804871,TRUE,-0.00255515502789852,97.7117848805931,5.1847086668322,TRUE,-3.98453992202235,98.0486277365889,5.04970540451138,TRUE,-0.00312932802071675,97.7117848119198,5.18450959112048,TRUE,4.47995189786836,74.9818647075593,4.47995189786836,TRUE,31.8289140305682,97.5233088664251,5.01633814690194,0.115075497304856,-0.366024392865323,0.114931954347534,0.604507346368715,0.615714285714271,-0.41063878840943,-0.891738678579609,-0.410782331366752,0.0787930606544288,0.0899999999999849,0.963968473273981,0.963168458825659,0.963967370418066,0.958331899445759,0.962953733992681
2,6.73923524486675,-2.51107486130133,15,"24Hours",2,50,"systematic",0.029561778199652,0.35952380952381,0.89,0.05,-3.49126549465506,-0.577431542786913,2.09074109693377,0.969256069001561,0.639294037677403,0.108817847201213,TRUE,5.15276732565505,51.9363429142347,-2623.45274368635,FALSE,NA,NA,NA,TRUE,5.15276664130988,51.9363429143207,-2623.5055596308,FALSE,NA,NA,NA,TRUE,5.21920539805818,953.670329371133,5.09715728093914e-50,0.634726067540012,NA,0.634726063627569,NA,0.635093691049958,0.104249877063822,NA,0.104249873151379,NA,0.104617500573768,-0.029561778199652,NA,-0.029561778199652,NA,0.470438221800348
1,1.44121769964427,-2.07755584132672,20,"24Hours",2,50,"systematic",0.0304611612086695,0.384285714285714,0.91,0.05,-3.4603680653688,-0.47139671050191,2.31363492918063,0.778181987171061,0.424357434094017,-0.101356851620269,TRUE,1.14902741774238,139.257328635118,5.40175706452656,TRUE,-0.429556502291356,140.74272024365,5.18772348191516,TRUE,1.14881803135632,139.257328880712,5.40169426436419,TRUE,1876.12278841057,141.02088257487,4.82445454128476,TRUE,25736.602131265,141.313326584878,4.72298656376836,0.375047511707604,0.00994652541139096,0.375009245047137,0.615714285714286,0.615714285714286,-0.150666774006682,-0.515767760302895,-0.150705040667149,0.09,0.09,0.965050423507475,0.963985148480422,0.965050142890698,0.961571887625671,0.960728557274321
2,-0.195620730184191,-1.32175634915881,20,"24Hours",2,50,"systematic",0.029561778199652,0.35952380952381,0.89,0.05,-3.49126549465506,-0.577431542786913,2.09074109693377,0.421688401217922,0.0917263698937636,-0.438749820582426,TRUE,4.20349404781055,130.996270704144,-65718.0673481213,FALSE,NA,NA,NA,TRUE,4.20350464955845,130.996606566386,-64794.301758006,TRUE,4.2071468493466,1047.87600649586,0.0058653844727156,TRUE,4.25174622958194,1037.48631409273,1.9019649214716e-23,0.62575293117186,NA,0.625753084965165,0.625805826659935,0.62643675584067,0.0952767406956697,NA,0.0952768944889746,0.095329636183745,0.0959605653644799,-0.029561778199652,NA,-0.029561778199652,0.471904563714682,0.470438221800348
1,3.69187100071945,-2.16991935792328,30,"24Hours",2,50,"systematic",0.0304611612086695,0.384285714285714,0.91,0.05,-3.4603680653688,-0.47139671050191,2.31363492918063,0.945219678625466,0.591395125548422,0.0656808398341359,TRUE,1.6909631753586,168.332936319242,5.49765289723108,TRUE,1.16708018086559,172.184296080756,5.37911220906418,TRUE,1.69104027879073,168.332936190568,5.49805801651426,TRUE,2819.72404770477,179.868468614041,3.44656392093677,TRUE,25945.7238644942,180.259895534892,3.34506781577666,0.460065070527668,0.378331124965726,0.46007520338729,0.615714285714286,0.615714285714286,-0.065649215186618,-0.14738316074856,-0.0656390823269958,0.09,0.09,0.965459175843103,0.96494809637403,0.965460821519919,0.938667342833236,0.935481792110695
2,0.205715717136734,-1.44691223711645,30,"24Hours",2,50,"systematic",0.029561778199652,0.35952380952381,0.89,0.05,-3.49126549465506,-0.577431542786913,2.09074109693377,0.521686547125669,0.191724515801511,-0.338751674674679,TRUE,2.76865779663864,257.9967369369,-186239.062886558,FALSE,NA,NA,NA,TRUE,2.76869567506947,258.005059158085,-135344.791420455,FALSE,NA,NA,NA,TRUE,2.75174638908509,1167.1987634677,2.65764133068971e-15,0.581434654171619,NA,0.581436758496684,NA,0.580488094059452,0.0509584636954293,NA,0.0509605680204938,NA,0.0500119035832617,-0.029561778199652,NA,-0.029561778199652,NA,0.470438221800349
1,-0.542956876875439,-0.916290713208151,5,"24Hours",2,100,"systematic",0.12811817750356,0.583571428571429,0.99,0.05,-1.91770079034243,0.337451908509512,4.59511985013459,0.239381828324582,-0.216071422743287,-0.622499994171858,TRUE,-0.287598793643586,0.805371361783825,21.8349204601095,TRUE,-1.93202799457913,1.30653029006987,1207.72095829255,TRUE,-0.287595221541935,0.805371361748758,21.8350986437623,TRUE,4.62384639500049,0.801081638995239,4.62384639500048,FALSE,NA,NA,NA,-0.154979605068523,-0.457045146907679,-0.154978730257489,0.406708997657144,NA,-0.561408176497094,-0.86347371833625,-0.561407301686061,0.000280426228572606,NA,0.871881822167426,0.87188182249644,0.871881822167484,0.862162248725013,NA
2,-0.351952311555578,-0.356913628749064,5,"24Hours",2,100,"systematic",0.154723936086062,0.574761904761905,0.93,0.05,-1.69802080541689,0.301306640221033,2.58668934409794,0.258185134726118,-0.161852833949725,-0.517090929187821,TRUE,0.149460797558816,1.8246356532948,6471.53321467433,TRUE,-1.70914634625001,2.60072714534918,1354.52454766314,TRUE,0.149558069814702,1.8245798162428,7433.65728326042,TRUE,274.99272802285,1.89954779366733,85.7751964261349,FALSE,NA,NA,NA,-0.0374661073115741,-0.42148743339994,-0.0374419246387755,0.425238095238095,NA,-0.392704202549669,-0.776725528638035,-0.392680019876871,0.07,NA,0.845276063913938,0.845276063913938,0.845276063913938,0.845276063913938,NA
1,0.954405902450443,-1.02962016072142,10,"24Hours",2,100,"systematic",0.12811817750356,0.583571428571429,0.99,0.05,-1.91770079034243,0.337451908509512,4.59511985013459,0.593882199290043,0.138428948222174,-0.267999623206397,TRUE,1445.07456064228,16.5711266096699,1.88457633403755,TRUE,-0.948612649697225,4.82963967525864,3012.17486623875,TRUE,-0.0693157270989566,2.16463484425041,26.6341800591523,TRUE,4.62384862351302,2.01690582559327,4.62384862351266,FALSE,NA,NA,NA,0.416428571428571,-0.304407513670367,-0.100893425361594,0.406709019106784,NA,0.01,-0.710836085098938,-0.507321996790165,0.000280447678213336,NA,0.740017712376546,0.87188182249644,0.87188182249373,0.86216227017465,NA
2,0.151397744096103,-0.367727088393512,10,"24Hours",2,100,"systematic",0.154723936086062,0.574761904761905,0.93,0.05,-1.69802080541689,0.301306640221033,2.58668934409794,0.383053368816837,-0.0369845998590056,-0.392222695097101,TRUE,1161.26761007892,13.9980982450141,2.1272886274121,TRUE,-1.0451761672357,3.87854887436588,2344.05503237319,TRUE,-0.0557703725294942,2.29482983795424,71.4643255215672,TRUE,261.014443247446,2.31543080643042,84.5216746632117,FALSE,NA,NA,NA,0.425238095238095,-0.314609420330444,-0.0887008851739704,0.425238095238095,NA,0.07,-0.669847515568539,-0.443938980412065,0.07,NA,0.738803397548348,0.845276063913938,0.845276063913938,0.845276063913938,NA
1,0.116129962463864,-0.262363889778681,15,"24Hours",2,100,"systematic",0.12811817750356,0.583571428571429,0.99,0.05,-1.91770079034243,0.337451908509512,4.59511985013459,0.400881728967628,-0.0545715221002414,-0.461000093528812,TRUE,0.0989082870653744,3.14038193380592,31.7750813639591,FALSE,NA,NA,NA,TRUE,1145.06759951551,20.0741217824084,1.16653650587503,TRUE,4.62384890995148,3.08018689610752,4.62384890995102,TRUE,5.43578595215411,3.08018674153869,5.35446388240052,-0.0588644955385196,NA,0.416428571428571,0.406709021863778,0.412089670881137,-0.465293066967091,NA,0.01,0.000280450435206747,0.00566109945256577,0.871881822496424,NA,0.634400224909624,0.862162272931642,0.86717705888056
2,0.183233357186076,-0.20477716958201,15,"24Hours",2,100,"systematic",0.154723936086062,0.574761904761905,0.93,0.05,-1.69802080541689,0.301306640221033,2.58668934409794,0.390956666196712,-0.0290813024791305,-0.384319397717226,TRUE,1115.14397058679,18.2625323194016,1.29482006584703,TRUE,-0.688985870121996,5.4286394277968,3256.67233563485,TRUE,1189.29876061857,18.2623685637307,1.29489391837747,TRUE,251.216075948039,2.55538633517055,83.5835639508449,TRUE,92.8625539290914,2.56330868073321,25.7179644827178,0.425238095238095,-0.240503195314837,0.425238095238095,0.425238095238095,0.425238095238095,0.07,-0.595741290552932,0.07,0.07,0.07,0.630237981807168,0.845276063913938,0.630250447608636,0.845276063913938,0.845276063907164
1,0.241161965929543,1.788638748196e-07,20,"24Hours",2,100,"systematic",0.12811817750356,0.583571428571429,0.99,0.05,-1.91770079034243,0.337451908509512,4.59511985013459,0.431881800101798,-0.0235714509660709,-0.430000022394642,TRUE,0.121099342963447,3.30140531338807,32.589428494859,FALSE,NA,NA,NA,TRUE,654.382153334129,20.9417711903393,0.927813540696019,TRUE,4.62385027779375,3.3763207437405,4.62385027779275,TRUE,5.44494733886923,3.37632047251371,5.36190801704125,-0.0533335371529848,NA,0.416428571428571,0.40670903502936,0.412129069571402,-0.459762108581556,NA,0.01,0.000280463600789149,0.0057004981428308,0.871881822496433,NA,0.588513312337859,0.862162286097219,0.867211788788839
2,-0.127514715757861,0.265713844639155,20,"24Hours",2,100,"systematic",0.154723936086062,0.574761904761905,0.93,0.05,-1.69802080541689,0.301306640221033,2.58668934409794,0.313440510470989,-0.106597458204854,-0.461835553442949,FALSE,NA,NA,NA,FALSE,NA,NA,NA,TRUE,839.24103740868,19.870928951578,0.955306487137413,TRUE,332.397060740711,2.71035872987291,90.0856853308727,TRUE,23.030787443271,2.71836947583626,14.5589781062902,NA,NA,0.425238095238095,0.425238095238095,0.425238095138587,NA,NA,0.07,0.07,0.0699999999004924,NA,NA,0.567457166168225,0.845276063913938,0.845275588451799
1,0.178470418755576,0.430786474311026,30,"24Hours",2,100,"systematic",0.12811817750356,0.583571428571429,0.99,0.05,-1.91770079034243,0.337451908509512,4.59511985013459,0.416381374345196,-0.0390718767226733,-0.445500448151244,TRUE,0.181663335450088,3.83201849856459,35.0430163644606,FALSE,NA,NA,NA,TRUE,0.181663747887612,3.83201850010081,35.0436364823171,TRUE,4.62385058264894,4.56167464259855,4.62385058264779,TRUE,5.46602814063935,4.5616743974152,5.37886969585763,-0.0382800833683167,NA,-0.0382799811049733,0.406709037963611,0.412218380241179,-0.444708654796888,NA,-0.444708552533544,0.000280466535040325,0.00578980881260749,0.871881822496439,NA,0.871881822496439,0.862162289031469,0.867289971741267
2,0.0672456386952778,0.364641482934541,30,"24Hours",2,100,"systematic",0.154723936086062,0.574761904761905,0.93,0.05,-1.69802080541689,0.301306640221033,2.58668934409794,0.362081141385333,-0.0579568272905098,-0.413194922528605,TRUE,0.0263509320405067,2.86689954920736,172.734292512069,FALSE,NA,NA,NA,TRUE,566.740912630435,21.6229325169775,0.602825045071359,TRUE,311.649484088062,2.8856846857956,88.6604004845231,TRUE,29.3254220623049,2.89367974662643,16.3855805408349,-0.0681745529198811,NA,0.425238095238095,0.425238095238095,0.425238095237911,-0.423412648157976,NA,0.07,0.07,0.0699999999998163,0.845276063913938,NA,0.491578429656756,0.845276063913938,0.845275987383754
1,-1.45915365164932,-1.42154897480896,5,"24Hours",3,50,"systematic",0.0304611612086695,0.384285714285714,0.91,0.05,-3.4603680653688,-0.47139671050191,2.31363492918063,0.158135644910443,-0.195688908166602,-0.721403193880888,TRUE,-1234.17712710657,13.0895905810999,6.66892379771161,FALSE,NA,NA,NA,TRUE,-1230.68359147927,13.089622855567,6.66893156457935,FALSE,NA,NA,NA,TRUE,4.04890895374381,8.8079619257384,4.0489057418848,-0.384285714285714,NA,-0.384285714285714,NA,0.598571879538623,-0.91,NA,-0.91,NA,0.0728575938243369,0.968270684509222,NA,0.96827069434628,NA,0.952396378500435
2,3.68984435197431,-4.57190683908519,5,"24Hours",3,50,"systematic",0.029561778199652,0.35952380952381,0.89,0.05,-3.49126549465506,-0.577431542786913,2.09074109693377,0.946070927456095,0.616108896131937,0.0856327056557468,TRUE,-1.77541799382186,25.7282415501032,6.16431067416889,TRUE,1781757.86317846,25.8838028919722,5.64063976056123,TRUE,-1.7739604288919,25.7282415548034,6.16451684013165,TRUE,4.79008663493194,16.9011831889116,4.79008663493194,TRUE,10.4609988358184,25.559729440936,5.81244423242548,-0.214653967872192,0.64047619047619,-0.214473307499417,0.632232968705816,0.640447559675345,-0.745130158348382,0.11,-0.744949497975607,0.101756778229626,0.109971369199155,0.968339468198194,0.96690018778224,0.968339899937318,0.962195000029974,0.967457023316516
1,-1.01812663784055,-1.38029971636898,10,"24Hours",3,50,"systematic",0.0304611612086695,0.384285714285714,0.91,0.05,-3.4603680653688,-0.47139671050191,2.31363492918063,0.234931308156075,-0.11889324492097,-0.644607530635256,TRUE,1738.5598449954,28.4923343691247,3.60614767409788,TRUE,-4.32084872572903,20.9470981800703,8.00185731757723,TRUE,-1.79419315008935,19.6330294609139,7.68259208335079,FALSE,NA,NA,NA,FALSE,NA,NA,NA,0.615714285714286,-0.37117138498904,-0.241726314230105,NA,NA,0.09,-0.896885670703326,-0.767440599944391,NA,NA,0.943100543633711,0.969204110726205,0.969078272038827,NA,NA
2,6.39215315195334,-3.26685984036898,10,"24Hours",3,50,"systematic",0.029561778199652,0.35952380952381,0.89,0.05,-3.49126549465506,-0.577431542786913,2.09074109693377,0.968766375004582,0.638804343680424,0.108328153204234,TRUE,1.06461084068423,67.5670028690654,8.06982979556265,TRUE,0.112361262259693,70.0346942388826,9.60748986075446,TRUE,1.06454006898242,67.5670030251154,8.07078493560822,TRUE,4.87102998642234,59.9749469316251,4.8710299859033,TRUE,6.03048922819498,69.0344153581712,5.49162409747176,0.384046886969079,0.16853698982743,0.384033392461418,0.632869036957376,0.63807763992213,-0.146429303507111,-0.36193920064876,-0.146442798014772,0.102392846481186,0.10760144944594,0.970125483113732,0.970371002966348,0.970125781587082,0.962831068277616,0.966333990341726
1,-1.28188096666641,-0.887956627761195,15,"24Hours",3,50,"systematic",0.0304611612086695,0.384285714285714,0.91,0.05,-3.4603680653688,-0.47139671050191,2.31363492918063,0.186769050337367,-0.167055502739678,-0.692769788453964,TRUE,1687.87689972637,40.2109826815497,2.22142308907701,TRUE,-2.58795889202213,23.845189782674,9.96571135001961,TRUE,-1.30826955797525,21.0113699008884,8.11842929691609,TRUE,-1.08752496504717,52.6152082220841,-0.000957351529942575,TRUE,3.97957587067221,20.164330606804,3.97957586770539,0.615714285714286,-0.314368316751335,-0.171509160530601,-0.132201084219781,0.597363756401551,0.09,-0.840082602465621,-0.697223446244887,-0.657915369934068,0.071649470687265,0.871695722250984,0.969491857370343,0.969240931209869,0.469299500927125,0.951188309425152
2,2.64685294371319,-2.73944443492307,15,"24Hours",3,50,"systematic",0.029561778199652,0.35952380952381,0.89,0.05,-3.49126549465506,-0.577431542786913,2.09074109693377,0.904254980060758,0.5742929487366,0.0438167582604104,TRUE,0.924847188626148,74.2976124842178,8.04881037072985,TRUE,0.168042664338788,77.0075988142925,10.1245425289493,TRUE,0.924692535149312,74.2976127161225,8.04773801706467,TRUE,6374.85902219196,79.562291929624,6.1379115897427,TRUE,6.0316591701435,78.8319178805427,5.49211816371439,0.356504913937931,0.182388275648627,0.356473466949919,0.64047619047619,0.638080437727208,-0.173971276538259,-0.348087914827563,-0.174002723526271,0.11,0.107604247251018,0.970118842074988,0.970398139776681,0.970118499512829,0.968283446199129,0.966336009286843
1,-0.866314105116319,-1.1107590522442,20,"24Hours",3,50,"systematic",0.0304611612086695,0.384285714285714,0.91,0.05,-3.4603680653688,-0.47139671050191,2.31363492918063,0.265560677217397,-0.0882638758596471,-0.613978161573933,FALSE,NA,NA,NA,TRUE,-1.68754620145957,29.020420223874,14.1320250329811,TRUE,-0.971717053055038,24.1004243727109,8.49053581575767,TRUE,-0.87319513370977,55.4664954941887,-0.00233657796014464,TRUE,4.06419328235846,22.1295458902069,4.06418224521574,NA,-0.228186903146352,-0.109747324845996,-0.0896958179346248,0.598827506679,NA,-0.753901188860638,-0.635461610560282,-0.615410103648911,0.0731132209647135,NA,0.969538110107398,0.969333477800761,0.46895469456706,0.952651876520665
2,-1.28188096663106,-0.88795662774777,20,"24Hours",3,50,"systematic",0.029561778199652,0.35952380952381,0.89,0.05,-3.49126549465506,-0.577431542786913,2.09074109693377,0.187668433352395,-0.142293597971763,-0.672769788447953,TRUE,397.542375523369,88.7848043052683,3.30465838434219,TRUE,-1.10917751767188,82.9763393555561,7.37753988081229,TRUE,0.147202338548137,83.6472074950594,6.93192460514444,TRUE,3103.02307977423,83.7656110431233,6.54197787213907,TRUE,6.03104161988903,82.6230998165537,5.49189321553962,0.64047619047619,-0.111499553038004,0.177210467578517,0.64047619047619,0.638078961320352,0.11,-0.641975743514194,-0.353265722897673,0.11,0.107602770844162,0.935026497212572,0.969813475445225,0.969463053269217,0.968998662808975,0.966335090184563
1,-0.349565822710817,-1.01485797704217,30,"24Hours",3,50,"systematic",0.0304611612086695,0.384285714285714,0.91,0.05,-3.4603680653688,-0.47139671050191,2.31363492918063,0.383026550693664,0.0292019976166191,-0.496512288097667,FALSE,NA,NA,NA,TRUE,-1.20555558938566,32.5185506347985,25.2241856973734,TRUE,-0.803507452922151,25.8766539651558,8.6451633848058,TRUE,-0.345600681378801,67.878684097583,-0.345600681378799,TRUE,4.1976602906202,26.7991102003559,4.1973666499283,NA,-0.153797331540918,-0.0750099732379315,0.030163935057426,0.600906159081544,NA,-0.679511617255204,-0.600724258952217,-0.49555035065686,0.0751918733672581,NA,0.969538838780232,0.96936289383241,0.383988488134471,0.954726427669361
2,-0.193965430468212,-1.53595328173335,30,"24Hours",3,50,"systematic",0.029561778199652,0.35952380952381,0.89,0.05,-3.49126549465506,-0.577431542786913,2.09074109693377,0.422098325238092,0.0921362939139337,-0.438339896562256,TRUE,1038.08035353717,97.6405079887134,2.59408146542523,TRUE,-1.33856204806586,84.6605754372693,7.09141108478963,TRUE,-0.448533361786297,86.3355905258061,5.55686358477949,TRUE,2033.40018767731,88.1021832795891,6.64037600903227,TRUE,6.03081922486538,86.8697692823253,5.49180593565151,0.64047619047619,-0.151777180837238,0.0301857194336719,0.64047619047619,0.638078429407695,0.11,-0.682253371313428,-0.500290471042518,0.11,0.107602238931505,0.900917921933702,0.969606691617642,0.966592204053537,0.969133390726794,0.966334733517675
1,1.25867946869512,-2.03513947385829,5,"24Hours",3,100,"systematic",0.12811817750356,0.583571428571429,0.99,0.05,-1.91770079034243,0.337451908509512,4.59511985013459,0.650680524408385,0.195227273340516,-0.211201298088055,TRUE,679.700961807478,1.45810481389334,-0.654020490415974,FALSE,NA,NA,NA,TRUE,789.019841644268,1.45805395201088,-0.654051508310135,FALSE,NA,NA,NA,FALSE,NA,NA,NA,0.416428571428571,NA,0.416428571428571,NA,NA,0.01,NA,0.01,NA,NA,0.213965924280123,NA,0.21395894334737,NA,NA
2,0.222512444575727,-0.875535723218344,5,"24Hours",3,100,"systematic",0.154723936086062,0.574761904761905,0.93,0.05,-1.69802080541689,0.301306640221033,2.58668934409794,0.400675785186568,-0.0193621834892753,-0.37460027872737,TRUE,0.172349342086221,0.0270353440621273,347.399660361494,TRUE,-2.49805009342663,4.18234640752076,3092.17603881969,TRUE,0.172349487487907,0.0270353440623458,347.401099517695,TRUE,186.446926481475,0.11164096031794,87.1840871216155,FALSE,NA,NA,NA,-0.0317809099535848,-0.49876691594037,-0.0317808738717738,0.425238095238095,NA,-0.38701900519168,-0.854005011178465,-0.387018969109869,0.07,NA,0.845276063913938,0.845276063913938,0.845276063913938,0.845276063913938,NA
1,-0.17000611223777,-0.557099946506878,10,"24Hours",3,100,"systematic",0.12811817750356,0.583571428571429,0.99,0.05,-1.91770079034243,0.337451908509512,4.59511985013459,0.329482364650309,-0.12597088641756,-0.532399457846131,TRUE,0.0789354653978126,2.17887386990025,-0.205358221967759,TRUE,0.0912737472230573,1.86714960552118,0.161921259735955,TRUE,0.0789623174207011,2.1788738608109,-0.205462951237229,TRUE,0.0896116069945538,2.17114634627413,0.00131751830285155,TRUE,0.167895329177453,2.05029198219837,0,-0.0638478023354681,-0.0607688200831523,-0.0638410997793085,-0.0611835065171979,-0.0416959186028005,-0.470276373764039,-0.467197391511723,-0.47026967120788,-0.467612077945769,-0.448124490031372,0.320721933660628,0.412273924295722,0.3206960255936,0.372211202024507,0.37188182249644
2,-0.0939521609395539,-0.352791888043135,10,"24Hours",3,100,"systematic",0.154723936086062,0.574761904761905,0.93,0.05,-1.69802080541689,0.301306640221033,2.58668934409794,0.321805285869515,-0.0982326828063284,-0.453470778044423,TRUE,0.178943057775978,0.379617354789378,365.43754852662,TRUE,-1.20245790002718,7.89018759483215,4543.76642706017,TRUE,0.178943106296117,0.37961735478955,365.438782955543,TRUE,123.990494734221,0.631173577927176,71.7845535602147,FALSE,NA,NA,NA,-0.0301451315502258,-0.343723646395983,-0.030145119516778,0.425238095238095,NA,-0.385383226788321,-0.698961741634078,-0.385383214754873,0.07,NA,0.845276063913938,0.845276063913938,0.845276063913938,0.845276063913938,NA
1,-0.161233567079207,-0.23206902621033,15,"24Hours",3,100,"systematic",0.12811817750356,0.583571428571429,0.99,0.05,-1.91770079034243,0.337451908509512,4.59511985013459,0.331660526613528,-0.123792724454341,-0.530221295882912,FALSE,NA,NA,NA,TRUE,-60119.2879251787,2.42958887155421,0.0627340814865655,TRUE,-0.00241844121024307,2.44932315979466,-0.133625333341516,TRUE,-0.286917890336461,2.3145154197631,-6.05541438308414e-11,FALSE,NA,NA,NA,NA,-0.583571428571429,-0.0841760385792998,-0.154812843152771,NA,NA,-0.99,-0.490604610007871,-0.561241414581342,NA,NA,0.387560201265455,0.338525108435663,0.371881822481301,NA
2,0.306270216422509,-0.481247887147866,15,"24Hours",3,100,"systematic",0.154723936086062,0.574761904761905,0.93,0.05,-1.69802080541689,0.301306640221033,2.58668934409794,0.421250667093593,0.00121269841774974,-0.354025396820345,TRUE,0.218228033188766,0.440477945325143,529.17346309751,FALSE,NA,NA,NA,TRUE,1236.97994199963,35.8172504369752,2.0515807394169,TRUE,121.328103363513,1.05373643255885,70.9636435287235,TRUE,126.146197257263,1.06036501594644,31.6908775953708,-0.0204203864755428,NA,0.425238095238095,0.425238095238095,0.425238095238095,-0.375658481713638,NA,0.07,0.07,0.07,0.845276063913938,NA,0.731383310137162,0.845276063913938,0.845276063913921
1,0.0819416005395324,-0.233434545809112,20,"24Hours",3,100,"systematic",0.12811817750356,0.583571428571429,0.99,0.05,-1.91770079034243,0.337451908509512,4.59511985013459,0.392355768013945,-0.0630974830539242,-0.469526054482495,TRUE,0.0290875227621555,2.53222019630116,-0.169578728195353,TRUE,0.0158033678791847,2.26897412027361,-0.0255821643180383,TRUE,0.029089618670042,2.53222019583214,-0.169592136593456,TRUE,0.174337297261278,2.50231225630854,1.20125273186621e-08,TRUE,0.175284380063034,2.48813362281091,0,-0.0763000605559935,-0.0796206688253045,-0.0762995366898463,-0.0400971597598726,-0.0398621887495368,-0.482728631984565,-0.486049240253876,-0.482728108118417,-0.446525731188444,-0.446290760178108,0.329588444267264,0.365486630189398,0.329585116153628,0.371881825499572,0.37188182249644
2,-0.0114726546383896,-0.14966311834111,20,"24Hours",3,100,"systematic",0.154723936086062,0.574761904761905,0.93,0.05,-1.69802080541689,0.301306640221033,2.58668934409794,0.342407931713333,-0.0776300369625101,-0.432868132200605,TRUE,0.174299599056061,0.634735967461846,352.546235930276,FALSE,NA,NA,NA,TRUE,0.174299684000687,0.634735967464128,352.550401534248,TRUE,107.036023466945,1.17720280793301,66.2439926441201,TRUE,224.593833189384,1.18359917324253,36.5234035123599,-0.0312969892669188,NA,-0.0312969681912397,0.425238095238095,0.425238095238095,-0.386535084505014,NA,-0.386535063429335,0.07,0.07,0.845276063913938,NA,0.845276063913938,0.845276063913938,0.845276063913938
1,0.435767460881791,-0.244161559757794,30,"24Hours",3,100,"systematic",0.12811817750356,0.583571428571429,0.99,0.05,-1.91770079034243,0.337451908509512,4.59511985013459,0.479131863073258,0.023678612005389,-0.382749959423182,TRUE,59.8373808928287,2.90914549159775,-0.0832526022446984,TRUE,228032.683452264,2.90901262514205,-0.0831534074848335,TRUE,73.0094511983137,2.90912149297936,-0.0832347886114607,TRUE,0.233979086951611,2.74483460027911,1.04316961586958e-138,TRUE,0.244319008338979,2.74083813890995,0,0.416428571428571,0.416428571428571,0.416428571428571,-0.025342067840131,-0.0227937036766958,0.01,0.01,0.01,-0.431770639268702,-0.429222275105267,0.351080684930692,0.351105440751403,0.351085130632915,0.37188182249644,0.37188182249644
2,0.0810239051342123,0.0503270967479379,30,"24Hours",3,100,"systematic",0.154723936086062,0.574761904761905,0.93,0.05,-1.69802080541689,0.301306640221033,2.58668934409794,0.365520965974529,-0.0545170027013142,-0.409755097939409,TRUE,0.157564379062754,0.718268272137631,312.780120645816,FALSE,NA,NA,NA,TRUE,0.157564447815275,0.718268272141236,312.784159443284,TRUE,201.781914383846,1.40942675800402,90.0951851380834,TRUE,60.8828311011269,1.41637422963634,25.3234866412739,-0.0354521035398037,NA,-0.0354520864579138,0.425238095238095,0.425238095238095,-0.390690198777899,NA,-0.390690181696009,0.07,0.07,0.845276063913938,NA,0.845276063913938,0.845276063913938,0.845276063903889
1,7.25888710241128,-3.66282174073245,5,"24Hours",4,50,"systematic",0.0304611612086695,0.384285714285714,0.91,0.05,-3.4603680653688,-0.47139671050191,2.31363492918063,0.968835442946886,0.615010889869841,0.0892966041555554,TRUE,10.4248595939672,456.817430257853,-201.161300539192,FALSE,NA,NA,NA,TRUE,10.4247196895822,456.817429441551,-201.01018519822,TRUE,13.4571551941604,359.831582209507,13.4571551941604,TRUE,11.1200026109979,466.943984244819,11.0964087366738,0.615684601325451,NA,0.615684597172308,0.615712854742287,0.615699472892627,0.089970315611165,NA,0.0899703114580215,0.0899985690280011,0.0899851871783409,-0.0304611612086695,NA,-0.0304611612086695,0.969537407819332,0.969523672327632
2,0.454211166779911,-2.88029069477173,5,"24Hours",4,50,"systematic",0.029561778199652,0.35952380952381,0.89,0.05,-3.49126549465506,-0.577431542786913,2.09074109693377,0.582078230622906,0.252116199298748,-0.278359991177442,TRUE,-0.666137913451841,22.3045339327807,32.1434647115317,TRUE,-4.6132627204944,20.6990918059116,91.5989991471654,TRUE,-0.666202923487312,22.3045339423467,32.1431822242956,TRUE,6534.37891705623,22.5089064027497,34.4958180215644,TRUE,46791.9726516902,22.8209915814932,30.6792211338175,-0.0201616442764076,-0.349701836397011,-0.0201762190806969,0.64047619047619,0.64047619047619,-0.550637834752598,-0.880178026873201,-0.550652409556887,0.11,0.11,0.970438221800337,0.970438221800348,0.970438221800337,0.970438221800347,0.9704382218003
1,-0.886879691905468,-1.83957344809986,10,"24Hours",4,50,"systematic",0.0304611612086695,0.384285714285714,0.91,0.05,-3.4603680653688,-0.47139671050191,2.31363492918063,0.261293007740119,-0.092531545336926,-0.618245831051212,TRUE,437.03554738811,549.109122278375,12.5905839109021,TRUE,-499253.013975449,549.112169895883,12.654475863695,TRUE,396.250558457911,549.109857659303,12.5839118443368,TRUE,13.4286014771147,372.631843872169,13.4286014771106,TRUE,11.1974628026659,476.67313487788,11.180325467161,0.615714285714286,-0.384285714285714,0.615714285714286,0.61571281329384,0.615700576967969,0.09,-0.91,0.09,0.0899985275795542,0.0899862912536827,0.969535434886531,0.969535645565937,0.969535412099596,0.969537366370885,0.969524893092335
2,0.308284298585122,-2.46898169539231,10,"24Hours",4,50,"systematic",0.029561778199652,0.35952380952381,0.89,0.05,-3.49126549465506,-0.577431542786913,2.09074109693377,0.546904644531742,0.216942613207584,-0.313533577268606,TRUE,2.14670012539488,82.1447510420059,47.5274971480345,TRUE,-0.36996412533972,86.8412224631595,5381.43426162648,TRUE,2.14670468633053,82.1447510409322,47.5277764103089,TRUE,22374.5052832296,105.236597043897,27.036646237953,FALSE,NA,NA,NA,0.535836203692795,0.0490258806545454,0.535836631008184,0.64047619047619,NA,0.00536001321660529,-0.481450309821645,0.00536044053199369,0.11,NA,0.970438221800348,0.970438221800348,0.970438221800348,0.970438221798536,NA
1,-0.450147638128671,-1.70270249550945,15,"24Hours",4,50,"systematic",0.0304611612086695,0.384285714285714,0.91,0.05,-3.4603680653688,-0.47139671050191,2.31363492918063,0.358864503127628,0.00503995005058311,-0.520674335663703,TRUE,3191.66680259895,613.187226150325,9.36579425299169,TRUE,-12.7197694914954,585.698534832599,13.1594061883074,TRUE,-3.70691358344184,578.733880450732,13.8147200550713,TRUE,13.3234234233195,387.232365935824,13.3234234100919,TRUE,11.1977093977325,478.340264085046,11.1805568819812,0.615714285714286,-0.384282722895975,-0.360320938124779,0.61571264999032,0.615700580348015,0.09,-0.909997008610261,-0.886035223839065,0.0899983642760341,0.0899862946337286,0.969453243463009,0.969536911525284,0.969537838001517,0.969537203067343,0.969524896319158
2,1.33039062515569,-2.64368141267248,15,"24Hours",4,50,"systematic",0.029561778199652,0.35952380952381,0.89,0.05,-3.49126549465506,-0.577431542786913,2.09074109693377,0.761343463227417,0.431381431903259,-0.0990947585729315,TRUE,1.6114577143131,104.083655820721,41.6552791151763,TRUE,-0.276672879926082,105.641204358524,4881.97451031382,TRUE,1.61143744840188,104.083655858516,41.6539303826845,TRUE,22328.4431797577,128.21788739374,26.8175262507188,TRUE,1205769.58444096,131.068744870411,26.218142111903,0.474089863009752,0.0717458423811971,0.474087052070002,0.64047619047619,0.64047619047619,-0.0563863274664378,-0.458730348094993,-0.056389138406188,0.11,0.11,0.970438221800348,0.970438221800348,0.970438221800348,0.970438221798092,0.97043822179624
1,-1.1918118968434,-0.949205531005974,20,"24Hours",4,50,"systematic",0.0304611612086695,0.384285714285714,0.91,0.05,-3.4603680653688,-0.47139671050191,2.31363492918063,0.202473874885119,-0.151350678191925,-0.677064963906211,TRUE,3547.17133746655,664.48640743672,7.35883319224877,TRUE,-6.96821911769621,601.974515978,13.521851638988,TRUE,-1.94654378001025,586.326986224349,14.2602392969927,TRUE,13.4410373026248,375.676008216719,13.4410373026245,TRUE,11.1977590356539,481.506806489871,11.1806065831305,0.615714285714286,-0.383345271742405,-0.259355001205715,0.615712831491193,0.615700581028295,0.09,-0.909059557456691,-0.785069286920001,0.0899985457769074,0.0899862953140085,0.968902303013128,0.969537497466805,0.969538197793611,0.969537384568238,0.969524897012088
2,-0.771021529650172,-1.25783587589624,20,"24Hours",4,50,"systematic",0.029561778199652,0.35952380952381,0.89,0.05,-3.49126549465506,-0.577431542786913,2.09074109693377,0.286696392125311,-0.0432656391988466,-0.573741829675037,TRUE,0.804358360270007,123.207084922785,34.2252860401268,TRUE,-0.77035502248691,111.768482932732,3030.73817928606,TRUE,0.804333061281206,123.207085052321,34.2240208855429,TRUE,22179.7334279299,131.363129623177,26.8342925396916,TRUE,1377354.61269591,134.178292943687,26.2451348003604,0.331382194372297,-0.0431214967492376,0.331376791623239,0.64047619047619,0.64047619047619,-0.199093996103893,-0.573597687225428,-0.199099398852951,0.11,0.11,0.970438221800347,0.970438221800348,0.970438221800347,0.97043822179813,0.97043822179635
1,-0.485755094479008,-1.10174651147183,30,"24Hours",4,50,"systematic",0.0304611612086695,0.384285714285714,0.91,0.05,-3.4603680653688,-0.47139671050191,2.31363492918063,0.350432906302995,-0.00339164677404991,-0.529105932488336,TRUE,3357.82583340462,745.91262110473,4.88882397319912,TRUE,-3.67294196791448,625.57294726107,14.1440984879984,TRUE,-1.08164128062534,593.693657529876,14.6498706271716,TRUE,12.6016523678824,452.167447849636,12.6012134157703,TRUE,11.1977412715953,484.311670154985,11.1805916574708,0.615714285714286,-0.359513343722373,-0.131090169068541,0.615710919277594,0.615700580784845,0.09,-0.885227629436659,-0.656804454782827,0.0899966335633077,0.0899862950705588,0.962064846918422,0.969538118852228,0.969538404639299,0.969535470876614,0.969524896803999
2,-0.647221472912613,-1.23363894854221,30,"24Hours",4,50,"systematic",0.029561778199652,0.35952380952381,0.89,0.05,-3.49126549465506,-0.577431542786913,2.09074109693377,0.314054166728194,-0.0159078645959644,-0.546384055072154,TRUE,2572.66619018796,254.440365754299,5.13085797721669,TRUE,-1.01310341046496,114.383188818358,1804.06831485208,TRUE,0.142024057995364,136.161345806781,28.2426490778047,TRUE,21449.5907102901,136.569017702817,26.8374648500814,TRUE,854403.953262917,139.486072228679,26.2254039115969,0.64047619047619,-0.0931508618139122,0.175922642956142,0.64047619047619,0.64047619047619,0.11,-0.623627052290102,-0.354553547520048,0.11,0.11,0.964561475728058,0.970438221800348,0.970438221799806,0.970438221798137,0.97043822179627
1,0.0997026994481149,-1.32756942246703,5,"24Hours",4,100,"systematic",0.12811817750356,0.583571428571429,0.99,0.05,-1.91770079034243,0.337451908509512,4.59511985013459,0.396786869790961,-0.0586663812769084,-0.465094952705479,TRUE,2759.89015960421,37.3366709786786,7.16775485753487,TRUE,-3.73890922733426,10.0524601816803,4842.94579529668,TRUE,-0.144365260402992,0.0915397400108772,17583.4574334562,FALSE,NA,NA,NA,FALSE,NA,NA,NA,0.416428571428571,-0.56034375567976,-0.119600191456836,NA,NA,0.01,-0.966772327108331,-0.526028762885407,NA,NA,0.871111364648674,0.87188182249644,0.87188182249644,NA,NA
2,-0.599128459537641,-0.516289512019403,5,"24Hours",4,100,"systematic",0.154723936086062,0.574761904761905,0.93,0.05,-1.69802080541689,0.301306640221033,2.58668934409794,0.199819177713675,-0.220218790962168,-0.575456886200263,TRUE,-0.32627455681072,0.29370436152175,-3128.91209159002,TRUE,-0.187466186501069,0.314481284704328,-199.355822108947,TRUE,-0.326275149189769,0.293704343637099,-3142.27749496029,FALSE,NA,NA,NA,FALSE,NA,NA,NA,-0.155614548754977,-0.121491677222606,-0.155614692977262,NA,NA,-0.510852643993072,-0.476729772460701,-0.510852788215357,NA,NA,-0.154723936086062,-0.154723936086062,-0.154723936086062,NA,NA
1,0.543176814159411,-1.25795584360502,10,"24Hours",4,100,"systematic",0.12811817750356,0.583571428571429,0.99,0.05,-1.91770079034243,0.337451908509512,4.59511985013459,0.504432938225714,0.0489796871578451,-0.357448884270726,TRUE,2228.10732720696,59.9914158756594,3.43410341824392,TRUE,-1.8184695279715,18.5176252953673,7575.76826552776,TRUE,-0.0352992809130228,0.526272281006275,24892.6242907615,FALSE,NA,NA,NA,FALSE,NA,NA,NA,0.416428571428571,-0.443953809744228,-0.0923953325744974,NA,NA,0.01,-0.850382381172799,-0.498823904003068,NA,NA,0.840635340494755,0.87188182249644,0.87188182249644,NA,NA
2,-0.114504673478956,-0.595727388405347,10,"24Hours",4,100,"systematic",0.154723936086062,0.574761904761905,0.93,0.05,-1.69802080541689,0.301306640221033,2.58668934409794,0.316681131828361,-0.103356836847482,-0.458594932085577,TRUE,-0.282627330849769,0.37290530814955,-4.43521208949542,TRUE,-0.193618012175648,0.380038185223832,-182.238449439623,TRUE,-0.28262916423872,0.372905307180467,-4.4366202274005,FALSE,NA,NA,NA,TRUE,-0.382431175016908,0.453554933834956,-0.382395061842416,-0.144952135818146,-0.123015757135012,-0.144952585132826,NA,-0.169221243467746,-0.500190231056241,-0.478253852373107,-0.500190680370922,NA,-0.524459338705841,-0.143010221654291,-0.154723936086062,-0.143026511764078,NA,0.25082543130921
1,0.00771730538217966,-0.714118099276228,15,"24Hours",4,100,"systematic",0.12811817750356,0.583571428571429,0.99,0.05,-1.91770079034243,0.337451908509512,4.59511985013459,0.373811139266666,-0.0816421118012026,-0.488070683229774,TRUE,0.0365276841296892,0.717257168962753,31340.4274708323,FALSE,NA,NA,NA,TRUE,1703.31469748894,67.8426311031344,2.27852320936875,FALSE,NA,NA,NA,FALSE,NA,NA,NA,-0.074440522775536,NA,0.416428571428571,NA,NA,-0.480869094204107,NA,0.01,NA,NA,0.87188182249644,NA,0.778964474785411,NA,NA
2,-0.137146543470529,-0.240585345316679,15,"24Hours",4,100,"systematic",0.154723936086062,0.574761904761905,0.93,0.05,-1.69802080541689,0.301306640221033,2.58668934409794,0.311043069096939,-0.108994899578904,-0.464232994816999,TRUE,-0.219636663033576,0.445697001430051,-1.36310911419187,TRUE,-0.153671816276791,0.423697711726623,-43.5140810750469,TRUE,-0.219637208694026,0.445697001122436,-1.36313333970161,TRUE,-202.634427779792,0.456726396589946,-0.56094637173849,FALSE,NA,NA,NA,-0.129451394130969,-0.113104433524234,-0.12945152891404,-0.574761904761905,NA,-0.484689489369064,-0.468342528762329,-0.484689624152135,-0.93,NA,0.0490115183191931,-0.154723936086062,0.049007588307903,0.208604579762657,NA
1,0.0533335244900098,-0.552588883291393,20,"24Hours",4,100,"systematic",0.12811817750356,0.583571428571429,0.99,0.05,-1.91770079034243,0.337451908509512,4.59511985013459,0.385212043989874,-0.0702412070779949,-0.476669778506566,TRUE,0.0201189690231238,0.78040038834777,32056.9150955347,FALSE,NA,NA,NA,TRUE,1151.48435747149,71.1160289859897,1.7743756207177,FALSE,NA,NA,NA,FALSE,NA,NA,NA,-0.0785418559674004,NA,0.416428571428571,NA,NA,-0.484970427395971,NA,0.01,NA,NA,0.87188182249644,NA,0.72688280117733,NA,NA
2,-0.181255081348797,-0.242201207211798,20,"24Hours",4,100,"systematic",0.154723936086062,0.574761904761905,0.93,0.05,-1.69802080541689,0.301306640221033,2.58668934409794,0.300085946652418,-0.119952022023425,-0.47519011726152,TRUE,-0.0264040558494091,0.512696089915284,-0.579556037395692,TRUE,-0.0051634909924414,0.503644785095633,-0.826041306247567,TRUE,-0.0263605230621269,0.512696090117771,-0.579525000624314,TRUE,-167.81930140532,0.512991940693449,-0.565325029928943,TRUE,-344.986448891356,0.514536311551003,-0.546346883455316,-0.0813625352462924,-0.0760527746419577,-0.0813516539429974,-0.574761904761905,-0.574761904761905,-0.436600630484387,-0.431290869880053,-0.436589749181092,-0.93,-0.93,0.204310819765145,0.149758829121337,0.204317962251345,0.207592311982054,0.211988438434155
1,0.342989570168208,-0.398109711863788,30,"24Hours",4,100,"systematic",0.12811817750356,0.583571428571429,0.99,0.05,-1.91770079034243,0.337451908509512,4.59511985013459,0.456798364493555,0.00134511342568644,-0.405083458002885,TRUE,0.0835025798542191,1.26630091364388,34683.87177058,FALSE,NA,NA,NA,TRUE,1047.62698468535,76.9425754200793,1.12345561601844,FALSE,NA,NA,NA,FALSE,NA,NA,NA,-0.062707905090164,NA,0.416428571428571,NA,NA,-0.469136476518735,NA,0.01,NA,NA,0.87188182249644,NA,0.626510957509616,NA,NA
2,0.416802161229003,-0.361314933794217,30,"24Hours",4,100,"systematic",0.154723936086062,0.574761904761905,0.93,0.05,-1.69802080541689,0.301306640221033,2.58668934409794,0.447993846389135,0.027955877713292,-0.327282217524803,TRUE,46.2788967068548,0.705800561396898,-0.461997886644468,TRUE,1144771.68962807,0.705474094375243,-0.461263040528645,TRUE,51.1257019443621,0.705770562287437,-0.461927980442611,TRUE,0.454117429836328,1.93055515023837,1.45261623423302e-15,TRUE,0.481915040654421,1.92946624838392,0,0.425238095238095,0.425238095238095,0.425238095238095,0.036855837881369,0.0434380768863991,0.07,0.07,0.07,-0.318382257356726,-0.311800018351696,0.231788040676615,0.231962302256852,0.231804616999458,0.345276063913938,0.345276063913938
1,3.53709092367168,-3.86432387293095,5,"none",2,50,"systematic",0.0304611612086695,0.384285714285714,0.91,0.05,-3.4603680653688,-0.47139671050191,2.31363492918063,0.9412637317205,0.587439178643456,0.0617248929291696,TRUE,485.196063281726,6.9438357059605,2.00496049512668,TRUE,2355686.88901176,6.943211332444,2.00564071844654,TRUE,515.122593127199,6.94380119047422,2.00499929831666,TRUE,27.5289822259411,6.87674209785181,2.11704717054419,TRUE,234.383505014055,6.88208815158574,2.10113190244033,0.615714285714286,0.615714285714286,0.615714285714286,0.615714285713179,0.615714285714286,0.09,0.09,0.09,0.0899999999988926,0.09,0.850855753929721,0.85092688507457,0.850859812582847,0.862087904595394,0.86055198385139
2,5.81958283185224,-3.17495459492142,5,"none",2,50,"systematic",0.029561778199652,0.35952380952381,0.89,0.05,-3.49126549465506,-0.577431542786913,2.09074109693377,0.967478166348038,0.63751613502388,0.10703994454769,FALSE,NA,NA,NA,TRUE,866886.133913983,40.7322676527655,0.987904170453767,TRUE,2.50582636048421,39.9844175157137,-24086.7249903793,TRUE,8629.49914619378,39.9570155027994,0.728525839512808,TRUE,113099.462807715,40.1191809653353,0.819348704958897,NA,0.64047619047619,0.565025451955506,0.64047619047619,0.64047619047619,NA,0.11,0.0345492614793158,0.11,0.11,NA,0.699111979871532,-0.029561778199652,0.644919916686399,0.66453629256148
1,-1.6584606826649,-1.09830935774159,10,"none",2,50,"systematic",0.0304611612086695,0.384285714285714,0.91,0.05,-3.4603680653688,-0.47139671050191,2.31363492918063,0.129507579009037,-0.224316974068008,-0.750031259782294,TRUE,-2533.45550304851,43.6902036094359,4.92718937353493,FALSE,NA,NA,NA,TRUE,-1827.34448591868,43.6946956698805,4.92713380834054,TRUE,3.48415369059759,22.2672814034405,3.48415369059759,TRUE,3.51261045991943,22.5083873226967,3.51261045882248,-0.384285714285714,NA,-0.384285714285714,0.585947800920247,0.586758738824505,-0.91,NA,-0.91,0.0602335152059605,0.0610444531102188,0.962344134827501,NA,0.962343737917772,0.939772353997291,0.940583291870706
2,-1.96900775795537,-0.916210588195955,10,"none",2,50,"systematic",0.029561778199652,0.35952380952381,0.89,0.05,-3.49126549465506,-0.577431542786913,2.09074109693377,0.0929337251282989,-0.237028306195859,-0.767504496672049,TRUE,5.07693823085484,52.7950814402846,2.67065709942667,TRUE,-9210726.02248608,53.4802356507675,3.22432160216351,TRUE,-662.563983576739,53.4899705154407,3.22762420243994,TRUE,1.99605779206795,58.231904905729,1.9960571592526,TRUE,2.13434840680782,55.0989923517672,2.13434840635279,0.634275891902878,-0.35952380952381,-0.35952380952381,0.520858740163627,0.534673301393273,0.103799701426688,-0.89,-0.89,-0.00961745031256322,0.00419711091708297,0.905711043775769,0.932177575003378,0.932298914878792,0.850820704846544,0.864635332674381
1,-2.18802171658092,0.182308891061123,15,"none",2,50,"systematic",0.0304611612086695,0.384285714285714,0.91,0.05,-3.4603680653688,-0.47139671050191,2.31363492918063,0.0703701505707697,-0.283454402506275,-0.809168688220561,TRUE,19.6049993182573,45.5253681570125,4.43277083486712,FALSE,NA,NA,NA,TRUE,-510.176556045813,45.8757836514419,4.74569471982445,FALSE,NA,NA,NA,TRUE,3.48831148817777,41.5660889540398,3.48831148817777,0.61571428265474,NA,-0.384285714285714,NA,0.586067645463684,0.089999996940454,NA,-0.91,NA,0.0603533597493984,0.957796829452877,NA,0.960924664085902,NA,0.939892198540729
2,-1.51634812973678,-0.693146871572597,15,"none",2,50,"systematic",0.029561778199652,0.35952380952381,0.89,0.05,-3.49126549465506,-0.577431542786913,2.09074109693377,0.150438127281948,-0.17952390404221,-0.7100000945184,TRUE,672.917287570667,90.2592501713478,2.04113600299195,TRUE,-3.97462673191617,89.2171064163163,2.87691991202647,TRUE,-1.54783428177321,89.0579233857332,2.96024523206167,TRUE,2.02234161923407,85.7385637087783,2.02234154511314,TRUE,2.11465160830832,83.9235350991706,2.11465159156885,0.64047619047619,-0.341083914634989,-0.18412452422683,0.523599111024525,0.532795293189066,0.11,-0.871560105111179,-0.71460071470302,-0.00687707945166527,0.00231910271287639,0.85548711425292,0.917131863093182,0.921183700838617,0.853561134698156,0.862757322904801
1,-1.80838567956002,-0.154150711486653,20,"none",2,50,"systematic",0.0304611612086695,0.384285714285714,0.91,0.05,-3.4603680653688,-0.47139671050191,2.31363492918063,0.1103721829582,-0.243452370118845,-0.769166655833131,TRUE,-4.73518822384916,54.2042022441839,5.04190811868633,TRUE,-11.1345497890765,55.0849334670599,4.89604896528379,TRUE,-4.73400545607149,54.2042022161003,5.04224874403148,TRUE,3.46887521150421,64.067869842259,3.46887520513176,TRUE,3.48857762539732,58.4398218241788,3.48857762539732,-0.375581349614514,-0.384271115385912,-0.375571138053365,0.585503367336736,0.58607530066558,-0.9012956353288,-0.909985401100198,-0.901285423767651,0.0597890816224497,0.0603610149512941,0.963118913130753,0.962118252582295,0.963121085515866,0.939327920227079,0.939899853742625
2,-1.12546099349418,-0.916291119975704,20,"none",2,50,"systematic",0.029561778199652,0.35952380952381,0.89,0.05,-3.49126549465506,-0.577431542786913,2.09074109693377,0.215437952700689,-0.114524078623469,-0.645000269099659,TRUE,926.330824941773,93.7342580680663,1.56728887742167,TRUE,-2.41672528153959,90.5080119902053,3.05112358299016,TRUE,-1.04847998570252,89.9800763869713,3.11820768462034,TRUE,1.96834612261759,90.601417831337,1.96833951019814,TRUE,2.11473018475915,87.3097819204047,2.11473017122357,0.64047619047619,-0.277617640171269,-0.100006717432488,0.517909549965544,0.532802843031306,0.11,-0.808093830647459,-0.630482907908678,-0.0125666405106463,0.00232665255511599,0.797834994579505,0.925269231821486,0.928075799190704,0.847870870161499,0.862764873054968
1,-1.80838570090046,-0.154150724956388,30,"none",2,50,"systematic",0.0304611612086695,0.384285714285714,0.91,0.05,-3.4603680653688,-0.47139671050191,2.31363492918063,0.110372180376021,-0.243452372701023,-0.769166658415309,TRUE,2276.66519083222,91.1978563932001,2.23425407496052,TRUE,-4.66404325981057,66.594314888107,5.39815688583585,TRUE,-2.41482092806785,61.7985633729039,5.48946468773288,FALSE,NA,NA,NA,TRUE,3.50976113108513,95.6681652185219,3.50976113092617,0.615714285714286,-0.374945511873579,-0.302236228154815,NA,0.586678516277388,0.09,-0.900659797587865,-0.827950513869101,NA,0.0609642305631019,0.872822481720405,0.965034308207989,0.965425771531655,NA,0.940503069349951
2,-1.09840265384465,-0.405596136699365,30,"none",2,50,"systematic",0.029561778199652,0.35952380952381,0.89,0.05,-3.49126549465506,-0.577431542786913,2.09074109693377,0.220477530389715,-0.109484500934443,-0.639960691410633,TRUE,1049.66256936621,99.0724925634509,1.05182950629728,TRUE,-2.05408009931154,92.297085015576,3.17849607195575,TRUE,-1.126949888385,91.5744973040916,3.08114146496806,TRUE,-1.02487061284118,103.533643803381,-2.72470789278964e-16,TRUE,-1.03953131987475,103.909647936554,0,0.64047619047619,-0.245883050821161,-0.114799382176589,-0.0954440589064187,-0.0982833733388878,0.11,-0.776359241297351,-0.645275572652779,-0.625920249382609,-0.628759563815078,0.711564281623803,0.93045520042383,0.926546333374481,0.470438221800348,0.470438221800348
1,-1.22073664984135,0.37473410537372,5,"none",2,100,"systematic",0.12811817750356,0.583571428571429,0.99,0.05,-1.91770079034243,0.337451908509512,4.59511985013459,0.0996886623626604,-0.355764588705209,-0.76219316013378,FALSE,NA,NA,NA,TRUE,-245373.787310267,0.746409038902522,-1.10825934578908,TRUE,-153.717031234556,0.746418303344884,-1.10831468557031,TRUE,-44.4884470079869,0.74519757522974,-1.10188317016808,TRUE,-29.2216343832916,0.745567302732157,-1.10346485934124,NA,-0.583571428571429,-0.583571428571429,-0.583571428571429,-0.583571428571225,NA,-0.99,-0.99,-0.99,-0.989999999999796,NA,0.1200773652063,0.120067039250537,0.121269033851292,0.120973069725223
2,-0.173138234260384,-0.86921185183727,5,"none",2,100,"systematic",0.154723936086062,0.574761904761905,0.93,0.05,-1.69802080541689,0.301306640221033,2.58668934409794,0.302099310082416,-0.117938658593427,-0.473176753831522,TRUE,0.00545977415964555,0.283620125695015,55.7164463274143,TRUE,-1.72147427779373,1.65856970800637,1886.84193303365,TRUE,0.00545907865559769,0.283620125700744,55.7161018542277,TRUE,4.62388774207543,0.267960518806931,4.62388774207534,FALSE,NA,NA,NA,-0.0733969646126322,-0.423080539946175,-0.0733971384873486,0.415518919428483,NA,-0.428635059850727,-0.778318635184269,-0.428635233725444,0.0602808241903875,NA,0.845276063913938,0.845276063913938,0.845276063913938,0.835556888104325,NA
1,-1.19297271370001,0.788456547515343,10,"none",2,100,"systematic",0.12811817750356,0.583571428571429,0.99,0.05,-1.91770079034243,0.337451908509512,4.59511985013459,0.104609512426841,-0.350843738641028,-0.757272310069599,TRUE,-1.11331117428534,0.776203831152686,-28.9342888639052,TRUE,-15914.746237878,0.818584596800631,-1.2186299617572,TRUE,-1.11331265869241,0.776203831954453,-29.0853724441045,TRUE,-1.13929897989886,0.835748535427808,-1.13929897951111,TRUE,-8.11487855786529,0.818468210677278,-1.22009734758581,-0.336317329763633,-0.583571428571429,-0.336317606040645,-0.341122336192201,-0.583272461634494,-0.742745901192204,-0.99,-0.742746177469216,-0.747550907620772,-0.989701033063065,-0.128118177503288,0.100059464215279,-0.128118177503326,0.114330914946885,0.0998011421564992
2,-0.873355489976446,0.451808118557406,10,"none",2,100,"systematic",0.154723936086062,0.574761904761905,0.93,0.05,-1.69802080541689,0.301306640221033,2.58668934409794,0.139832638257796,-0.280205330418047,-0.635443425656142,TRUE,1277.98206352686,13.0398293388793,2.21584946742837,TRUE,-1.58037263802203,2.22894853855375,1916.02435884889,TRUE,-0.555662113120544,1.60996529380608,22.4387774678199,TRUE,4.62390210391167,3.72695878453939,4.62390210390576,FALSE,NA,NA,NA,0.425238095238095,-0.404019190896458,-0.210210148838509,0.415519057656067,NA,0.07,-0.759257286134553,-0.565448244076604,0.0602809624179722,NA,0.746939860713772,0.845276063913938,0.845276063734066,0.835557026331853,NA
1,-0.938285911566218,0.133524910700977,15,"none",2,100,"systematic",0.12811817750356,0.583571428571429,0.99,0.05,-1.91770079034243,0.337451908509512,4.59511985013459,0.153128532952026,-0.302324718115843,-0.708753289544414,TRUE,1.31633743247004,1.09044333764959,-1.26561921304324,TRUE,-0.959786588719908,1.13886607623962,207.326157449429,TRUE,-25.6810361973774,1.0905700944244,-1.2583121869829,FALSE,NA,NA,NA,TRUE,-4.66829301122475,1.09037990417378,-1.26362021854059,0.205000276758749,-0.306650503167571,-0.5835714285644,NA,-0.574270467068517,-0.201428294669822,-0.713079074596142,-0.989999999992971,NA,-0.980699038497089,0.0918899153087299,0.87188182249644,0.0931463991554461,NA,0.092233143816132
2,-0.666745247488233,0.485423511911433,15,"none",2,100,"systematic",0.154723936086062,0.574761904761905,0.93,0.05,-1.69802080541689,0.301306640221033,2.58668934409794,0.184502080898781,-0.235535887777062,-0.590773983015157,TRUE,1141.25845577714,17.8133901706798,1.31770354716969,TRUE,-1.32465065157294,2.93673590091385,3005.31723322556,TRUE,-0.593060618113668,1.72539899740745,21.4430782129533,FALSE,NA,NA,NA,TRUE,7.60896578840193,5.8708065450845,6.98146138804746,0.425238095238095,-0.36471631791976,-0.2188289898223,NA,0.424742356570525,0.07,-0.719954413157855,-0.574067085060395,NA,0.0695042613324299,0.634075446799276,0.845276063913938,0.845276063427094,NA,0.844347981389102
1,-0.843331815165521,0.538996879866982,20,"none",2,100,"systematic",0.12811817750356,0.583571428571429,0.99,0.05,-1.91770079034243,0.337451908509512,4.59511985013459,0.1727153520636,-0.282737899004269,-0.68916647043284,TRUE,-0.551483478115837,1.11483216663057,-1.29053952200061,FALSE,NA,NA,NA,TRUE,-0.551495473003138,1.11483216652612,-1.29054102783867,TRUE,-35.2978105085386,1.11743344184899,-1.2611858207647,TRUE,-25.2509432812881,1.11863341513219,-1.25361513502067,-0.218051129307117,NA,-0.218053911099438,-0.583571428571429,-0.583571428560623,-0.624479700735688,NA,-0.62448248252801,-0.99,-0.989999999989194,0.0876433276225859,NA,0.0876430728221281,0.0926516498194853,0.0939567915428922
2,-0.688342261495157,1.33984938230512,20,"none",2,100,"systematic",0.154723936086062,0.574761904761905,0.93,0.05,-1.69802080541689,0.301306640221033,2.58668934409794,0.179678010750401,-0.240359957925442,-0.595598053163537,TRUE,1039.17933736547,20.5857268507795,0.849134940600152,TRUE,-1.19665116472561,3.34604014630063,3006.01191526076,TRUE,-0.619199945133293,1.75359545455293,20.7831494581785,FALSE,NA,NA,NA,TRUE,8.30760501000862,8.16950515474626,7.40081610267195,0.425238095238095,-0.342690413442912,-0.224798471485592,NA,0.424991522028839,0.07,-0.697928508681007,-0.580036566723687,NA,0.0697534267907438,0.545661708958023,0.845276063913938,0.845276062972064,NA,0.844665682587231
1,-0.770338042716113,0.90078722182481,30,"none",2,100,"systematic",0.12811817750356,0.583571428571429,0.99,0.05,-1.91770079034243,0.337451908509512,4.59511985013459,0.188287807869166,-0.267165443198703,-0.673594014627274,TRUE,-0.671252023295147,1.17865166959628,-1.30408807830746,TRUE,-0.395681975643153,1.18137573883602,-1.31052047551237,TRUE,-0.671249835133684,1.17865166958425,-1.30408697031673,TRUE,-86.1341407538071,1.20655934543214,-1.21660977132483,TRUE,-76.9587303055538,1.21103663245037,-1.20795157172237,-0.245354880022663,-0.181221196261394,-0.245354390254811,-0.583571428571429,-0.583571428571429,-0.651783451451234,-0.587649767689965,-0.651782961683382,-0.99,-0.99,0.0853596265453073,0.0842815852653801,0.0853598125825857,0.100415440573281,0.101945519898054
2,-0.599863144929109,2.07944158643839,30,"none",2,100,"systematic",0.154723936086062,0.574761904761905,0.93,0.05,-1.69802080541689,0.301306640221033,2.58668934409794,0.199651068595686,-0.220386900080157,-0.575624995318252,TRUE,781.759587327329,24.48314970344,0.310910940619578,FALSE,NA,NA,NA,TRUE,-0.599087988282811,1.83956088452076,21.2884555116439,TRUE,-0.644780523785467,22.6836349210252,-0.000130031769670335,FALSE,NA,NA,NA,0.425238095238095,NA,-0.220209529372841,-0.230595208375012,NA,0.07,NA,-0.575447624610936,-0.585833303613107,NA,0.422383659730848,NA,0.845276063345686,0.345243555971566,NA
1,-2.06130850917661,-1.53595173570109,5,"none",3,50,"systematic",0.0304611612086695,0.384285714285714,0.91,0.05,-3.4603680653688,-0.47139671050191,2.31363492918063,0.0824535356825951,-0.271371017394449,-0.797085303108735,TRUE,-1.10825245828455,20.1928120196445,-297142.924298591,TRUE,12.6091202282623,250.423207791907,-21938.1070880664,TRUE,-1.10808818659279,20.1995473210404,-249581.915574334,FALSE,NA,NA,NA,TRUE,-2.68806066456662,1520.08789814687,0,-0.136088886403057,0.615710944323951,-0.136058232832148,NA,-0.320604158518989,-0.661803172117343,0.0899966586096652,-0.661772518546434,NA,-0.846318444233275,-0.0304611612086695,-0.0304611612086695,-0.0304611612086695,NA,0.469538838791331
2,-1.36123322665511,-1.89484231470543,5,"none",3,50,"systematic",0.029561778199652,0.35952380952381,0.89,0.05,-3.49126549465506,-0.577431542786913,2.09074109693377,0.174478165544872,-0.155483865779286,-0.685960056255476,TRUE,1080.91750849074,9.09131584000554,5.01540685429609,TRUE,-9.5170030836307,7.83538687449847,7.53539962464148,TRUE,1102.34524867544,9.09114592914393,5.01559767672813,TRUE,3.62696639450831,6.593923187305,3.62696639450829,FALSE,NA,NA,NA,0.64047619047619,-0.359450225061968,0.64047619047619,0.614568504439888,NA,0.11,-0.889926415538158,0.11,0.0840923139636982,NA,0.963847021926166,0.969904658759787,0.963848271267249,0.944530535764046,NA
1,-1.73062349778154,-0.599946907961833,10,"none",3,50,"systematic",0.0304611612086695,0.384285714285714,0.91,0.05,-3.4603680653688,-0.47139671050191,2.31363492918063,0.120046683710466,-0.233777869366579,-0.759492155080865,TRUE,-1.30983581148193,21.0535951970025,-308298.548245499,FALSE,NA,NA,NA,TRUE,-1.30973927781451,21.0652657192006,-233760.269966471,FALSE,NA,NA,NA,FALSE,NA,NA,NA,-0.171771394185929,NA,-0.171755238636841,NA,NA,-0.697485679900215,NA,-0.697469524351127,NA,NA,-0.0304611612086695,NA,-0.0304611612086695,NA,NA
2,-0.152220429618072,-1.96756345420668,10,"none",3,50,"systematic",0.029561778199652,0.35952380952381,0.89,0.05,-3.49126549465506,-0.577431542786913,2.09074109693377,0.432456425958714,0.102494394634556,-0.427981795841634,TRUE,940.104183871993,49.9594141085655,2.18534761266415,TRUE,-0.573995373081971,43.6612456922593,807.893384144771,TRUE,0.0567017520356945,42.2993008254582,10.7064001384815,TRUE,3.69597005861285,34.9998516630466,3.69596807091878,FALSE,NA,NA,NA,0.64047619047619,0.000791615898998121,0.154647831764927,0.616254102273551,NA,0.11,-0.529684574577192,-0.375828358711263,0.0857779117973608,NA,0.869364205182129,0.970438221800348,0.970415821194201,0.946216086617762,NA
1,-1.89300672223558,-0.481222347551013,15,"none",3,50,"systematic",0.0304611612086695,0.384285714285714,0.91,0.05,-3.4603680653688,-0.47139671050191,2.31363492918063,0.100440863630701,-0.253383689446343,-0.779097975160629,TRUE,-1.27702176432437,22.3619769842653,-307612.177725271,FALSE,NA,NA,NA,TRUE,-1.27699562261114,22.3647062600426,-290585.568014943,FALSE,NA,NA,NA,FALSE,NA,NA,NA,-0.166228102666151,NA,-0.166223645249259,NA,NA,-0.691942388380437,NA,-0.691937930963545,NA,NA,-0.0304611612086695,NA,-0.0304611612086695,NA,NA
2,-0.892296706680507,-0.967999611761623,15,"none",3,50,"systematic",0.029561778199652,0.35952380952381,0.89,0.05,-3.49126549465506,-0.577431542786913,2.09074109693377,0.261074317085127,-0.0688877142390312,-0.599363904715221,TRUE,637.043339718696,51.4773321839223,1.78522848860223,TRUE,-0.62524691306885,44.6170251785133,494.550763058652,TRUE,-0.110003336929728,43.7977495045442,10.2709160513959,TRUE,3.89766376716269,37.2088978805609,3.89755166630883,TRUE,3.62594077384112,36.1758187415423,3.62594077186007,0.64047619047619,-0.0109347440039442,0.113003054417713,0.620590401797267,0.61454260879745,0.11,-0.541410934480134,-0.417473136058477,0.0901142113210774,0.0840664183212597,0.826779500202162,0.970438221800348,0.970403597357217,0.950550248119614,0.944504640071564
1,-1.42616518967134,-0.801228613201108,20,"none",3,50,"systematic",0.0304611612086695,0.384285714285714,0.91,0.05,-3.4603680653688,-0.47139671050191,2.31363492918063,0.163235734196604,-0.190588818880441,-0.716303104594727,TRUE,-1.19443844276505,23.6867385285365,-348266.987362402,FALSE,NA,NA,NA,TRUE,-1.19435130193597,23.7089614884451,-204540.673116256,FALSE,NA,NA,NA,FALSE,NA,NA,NA,-0.151819650478105,NA,-0.151804101961527,NA,NA,-0.677533936192391,NA,-0.677518387675813,NA,NA,-0.0304611612086695,NA,-0.0304611612086695,NA,NA
2,-1.07261007534607,-0.548896570400709,20,"none",3,50,"systematic",0.029561778199652,0.35952380952381,0.89,0.05,-3.49126549465506,-0.577431542786913,2.09074109693377,0.225345258780112,-0.104616772544046,-0.635092963020236,TRUE,701.778146656283,52.4681681253877,1.56389888122294,TRUE,-0.917192409905546,45.7107627565602,23.2568442989696,TRUE,-0.362528930710278,46.2240970995592,9.40952872011687,TRUE,3.85599379755951,41.204154119187,3.85597143332245,TRUE,3.66949785728473,40.5556960548381,3.66949661567633,0.64047619047619,-0.0739935041737502,0.0508237117502539,0.619761781995162,0.615620478350824,0.11,-0.60446969464994,-0.479652478725936,0.0892855915189716,0.0851442878746336,0.797350327179606,0.970438221720973,0.970356288959172,0.949723359648712,0.945582479580977
1,-1.13744301196857,-0.243749475245113,30,"none",3,50,"systematic",0.0304611612086695,0.384285714285714,0.91,0.05,-3.4603680653688,-0.47139671050191,2.31363492918063,0.212328975139287,-0.141495577937758,-0.667209863652044,TRUE,-1.17848915845323,24.2183579404346,-337832.002430892,FALSE,NA,NA,NA,TRUE,-1.1784431480919,24.2213050546065,-308570.216588673,FALSE,NA,NA,NA,FALSE,NA,NA,NA,-0.148961755985527,NA,-0.14895347647694,NA,NA,-0.674676041699813,NA,-0.674667762191226,NA,NA,-0.0304611612086695,NA,-0.0304611612086695,NA,NA
2,-0.905234935806781,-0.481211851045647,30,"none",3,50,"systematic",0.029561778199652,0.35952380952381,0.89,0.05,-3.49126549465506,-0.577431542786913,2.09074109693377,0.258414127391533,-0.0715479039326252,-0.602024094408815,TRUE,754.852597879018,56.1839820743165,1.04601793299912,TRUE,-1.08240947183743,46.0827215562563,14.3313029011935,TRUE,-0.590695349815181,48.1640208155319,8.16898264240331,FALSE,NA,NA,NA,TRUE,-0.906429833274588,61.4081432992895,0,0.64047619047619,-0.106473492168059,-0.00304848484461789,NA,-0.0717928505343384,0.11,-0.636949682644249,-0.533524675320808,NA,-0.602269041010528,0.710447721979644,0.970437624773348,0.970154995946471,NA,0.470438221800348
1,-1.07099171635567,-0.0670006186515085,5,"none",3,100,"systematic",0.12811817750356,0.583571428571429,0.99,0.05,-1.91770079034243,0.337451908509512,4.59511985013459,0.127096355392775,-0.328356895675094,-0.734785467103665,TRUE,1578.43460104622,8.36050564433857,4.08559248499705,TRUE,-2.89968915804047,1.02666703416668,1568.53977031233,TRUE,-0.930851512136339,0.100715964296281,31.0144276930977,TRUE,4.67075753823555,2.35594197640237,4.67075753822849,FALSE,NA,NA,NA,0.416428571428571,-0.531402497326306,-0.300819435479797,0.407150291753945,NA,0.01,-0.937831068754877,-0.707248006908368,0.000721720325373654,NA,0.85534665632528,0.87188182249644,0.871881822496406,0.862603542821749,NA
2,-0.628650568588481,-0.435023490527769,5,"none",3,100,"systematic",0.154723936086062,0.574761904761905,0.93,0.05,-1.69802080541689,0.301306640221033,2.58668934409794,0.193092644125924,-0.226945324549919,-0.582183419788014,FALSE,NA,NA,NA,FALSE,NA,NA,NA,TRUE,114.423010396913,0.579090107202582,-0.771852472428775,FALSE,NA,NA,NA,FALSE,NA,NA,NA,NA,NA,0.425238095238095,NA,NA,NA,NA,0.07,NA,NA,NA,NA,0.161354579493067,NA,NA
1,-0.682584529141799,0.105247225254552,10,"none",3,100,"systematic",0.12811817750356,0.583571428571429,0.99,0.05,-1.91770079034243,0.337451908509512,4.59511985013459,0.207566529295074,-0.247886721772795,-0.654315293201366,TRUE,1555.47544290685,18.2098112629039,1.61465499681003,TRUE,-1.84383079326608,3.58033135853079,3080.98802204641,TRUE,-0.790418066829773,0.280344323206647,36.1866649027859,TRUE,-0.780537481121384,22.0669679393119,-2.64154519733918e-10,FALSE,NA,NA,NA,0.416428571428571,-0.446972567551448,-0.271492519159655,-0.269367370434762,NA,0.01,-0.853401138980019,-0.677921090588226,-0.675795941863333,NA,0.705938491340546,0.87188182249644,0.87188182249644,0.371881822430401,NA
2,-0.503425276269712,0.159228810498904,10,"none",3,100,"systematic",0.154723936086062,0.574761904761905,0.93,0.05,-1.69802080541689,0.301306640221033,2.58668934409794,0.222012118361219,-0.198025850314624,-0.553263945552719,TRUE,-0.472885573821902,0.63098020199252,-0.779313058500799,FALSE,NA,NA,NA,TRUE,-0.472876241748673,0.630980202033864,-0.779308844238331,FALSE,NA,NA,NA,TRUE,-20.5247638708501,0.63350177894964,-0.738611528244769,-0.190828409983773,NA,-0.19082620267948,NA,-0.574761903542331,-0.546066505221868,NA,-0.546064297917574,NA,-0.929999998780426,0.159744020477259,NA,0.159744928979657,NA,0.168583902804743
1,-0.647680348561221,0.662504119355516,15,"none",3,100,"systematic",0.12811817750356,0.583571428571429,0.99,0.05,-1.91770079034243,0.337451908509512,4.59511985013459,0.21539427819075,-0.240058972877119,-0.64648754430569,TRUE,1132.50283402359,22.1361126451339,0.797025759260578,TRUE,-1.45866079368579,5.09594516171142,3742.62245328161,TRUE,1153.56006033522,22.1360625086014,0.797030987948417,TRUE,-0.73913749951518,22.8552722141892,-0.00870466101384899,FALSE,NA,NA,NA,0.416428571428571,-0.394899189783123,0.416428571428571,-0.260378650916286,NA,0.01,-0.801327761211694,0.01,-0.666807222344857,NA,0.561219725473723,0.87188182249644,0.561220845202173,0.369705670983747,NA
2,-0.311980997791279,0.502645029159203,15,"none",3,100,"systematic",0.154723936086062,0.574761904761905,0.93,0.05,-1.69802080541689,0.301306640221033,2.58668934409794,0.26790733748673,-0.152130631189113,-0.507368726427208,TRUE,0.338576260840919,0.661659566656154,-0.75739407779933,FALSE,NA,NA,NA,TRUE,0.338530245613768,0.661659566655799,-0.757394909262078,TRUE,-2.24892535512285,0.661684829385603,-0.757521799171958,TRUE,-9.5525408918555,0.661680759003863,-0.757536581762674,0.00908273350859501,NA,0.00907155314219432,-0.479319702886416,-0.574690889227464,-0.3461553617295,NA,-0.346166542095901,-0.834557798124511,-0.929928984465559,0.164488371226348,NA,0.164488190536374,0.164460615993697,0.164457403659969
1,-0.412493594694349,0.346666262542904,20,"none",3,100,"systematic",0.12811817750356,0.583571428571429,0.99,0.05,-1.91770079034243,0.337451908509512,4.59511985013459,0.270196177408325,-0.185257073659544,-0.591685645088115,TRUE,-0.657829369040466,0.67745416124781,42.7512511345899,FALSE,NA,NA,NA,TRUE,1006.24162275919,24.7289589778037,0.348993555920791,TRUE,-0.654591215443387,22.843063442794,-0.00248337701827067,FALSE,NA,NA,NA,-0.242344046458706,NA,0.416428571428571,-0.241615764049566,NA,-0.648772617887277,NA,0.01,-0.648044335478137,NA,0.87188182249644,NA,0.458255320088957,0.371260978560943,NA
2,-0.378185672055603,0.645087224567231,20,"none",3,100,"systematic",0.154723936086062,0.574761904761905,0.93,0.05,-1.69802080541689,0.301306640221033,2.58668934409794,0.251840629240854,-0.168197339434989,-0.523435434673084,TRUE,-0.13740074638118,0.683244368559359,-0.771289739742229,FALSE,NA,NA,NA,TRUE,-0.137403281599663,0.683244368558539,-0.771290116714326,TRUE,-36.5373040181078,0.683772448770006,-0.756938886678383,TRUE,-42.7220299439045,0.684468870452335,-0.74803214887916,-0.109058151855931,NA,-0.109058782678491,-0.574761904761905,-0.574761904761905,-0.464296247094026,NA,-0.464296877916586,-0.93,-0.93,0.161476239631294,NA,0.161476158123288,0.164587299592979,0.166526300749378
1,-0.478572519918865,0.751855548522885,30,"none",3,100,"systematic",0.12811817750356,0.583571428571429,0.99,0.05,-1.91770079034243,0.337451908509512,4.59511985013459,0.254471082970737,-0.200982168097132,-0.607410739525703,TRUE,-0.602047384060484,0.877177997105545,46.2333377700791,FALSE,NA,NA,NA,TRUE,687.331038498928,26.3977109081129,-0.00196781993893639,TRUE,-0.589325231397144,23.9369187752875,-0.0272299968011409,FALSE,NA,NA,NA,-0.229696004196174,NA,0.416428571428571,-0.226781736042544,NA,-0.636124575624745,NA,0.01,-0.633210307471115,NA,0.87188182249644,NA,0.371389867670456,0.365074743896217,NA
2,-0.377739562233057,1.0768123115869,30,"none",3,100,"systematic",0.154723936086062,0.574761904761905,0.93,0.05,-1.69802080541689,0.301306640221033,2.58668934409794,0.251948266562042,-0.168089702113801,-0.523327797351896,TRUE,-0.276692916776075,0.698415182542857,-0.796415733635348,TRUE,-0.0871712111584055,0.702717864240358,-0.803786792741197,TRUE,-0.276696728756875,0.698415182468457,-0.796419093050069,TRUE,-160.925762352466,0.72279020366708,-0.714249327918728,TRUE,-296.758189048855,0.727205079038305,-0.703926958166742,-0.143497167411339,-0.0965409180642209,-0.143498102396452,-0.574761904761905,-0.574761904761905,-0.498735262649434,-0.451779013302316,-0.498736197634547,-0.93,-0.93,0.156068813717482,0.154492134379864,0.156068094129235,0.173936638771099,0.176218210344932
1,7.2588906494818,-3.66282174417453,5,"none",4,50,"systematic",0.0304611612086695,0.384285714285714,0.91,0.05,-3.4603680653688,-0.47139671050191,2.31363492918063,0.968835445440121,0.615010892363077,0.0892966066487909,TRUE,10.7134659619115,423.698659044692,-1174846.04797594,TRUE,27.5351973534198,1272.25832476936,-40799.098250356,TRUE,10.7135738477809,423.739873769936,-781353.276477133,TRUE,9.39957118225254,2501.20938814538,0.0112258139418844,TRUE,10.621188299761,2386.72896955029,0,0.615692042825489,0.615714285713185,0.615692045224999,0.615631533016151,0.615689892673819,0.0899777571112025,0.0899999999988993,0.0899777595107131,0.0899172473018648,0.0899756069595327,-0.0304611612086695,-0.0304611612086695,-0.0304611612086695,0.472345262804992,0.469538838791331
2,0.454211166961075,-2.88029069484121,5,"none",4,50,"systematic",0.029561778199652,0.35952380952381,0.89,0.05,-3.49126549465506,-0.577431542786913,2.09074109693377,0.582078230665939,0.252116199341781,-0.278359991134409,TRUE,-616.996234116537,7.54499817666551,5.80068281842466,FALSE,NA,NA,NA,TRUE,-563.337949005885,7.54543905626065,5.80131264649322,TRUE,3.94630874795751,1.026674242068,3.94630874795751,FALSE,NA,NA,NA,-0.35952380952381,NA,-0.35952380952381,0.621516692894414,NA,-0.89,NA,-0.89,0.0910405024182239,NA,0.967421859587733,NA,0.967423753054121,0.951478724218572,NA
1,-0.986584985916925,-1.61646708213258,10,"none",4,50,"systematic",0.0304611612086695,0.384285714285714,0.91,0.05,-3.4603680653688,-0.47139671050191,2.31363492918063,0.241125973132352,-0.112698579944692,-0.638412865658978,TRUE,4.1004366984352,739.556288152108,-1608964.13034396,FALSE,NA,NA,NA,TRUE,4.10049214051105,739.679090025604,-565584.296146284,TRUE,-1.12259093533104,2832.22230315365,-1.12795609994148e-07,FALSE,NA,NA,NA,0.599418788077731,NA,0.599419676787845,-0.138754706311806,NA,0.0737045023634452,NA,0.0737053910735592,-0.664468992026092,NA,-0.0304611612086695,NA,-0.0304611612086695,0.469538810592428,NA
2,-1.17313501653694,-1.37990109950739,10,"none",4,50,"systematic",0.029561778199652,0.35952380952381,0.89,0.05,-3.49126549465506,-0.577431542786913,2.09074109693377,0.20672700465718,-0.123235026666978,-0.653711217143168,TRUE,1679.1325649324,17.400848554757,4.13311412512371,TRUE,-5.80183836481333,12.1267778669747,7.14383317746895,TRUE,-2.35615472822536,11.3075612989814,7.06997526727477,FALSE,NA,NA,NA,FALSE,NA,NA,NA,0.64047619047619,-0.356510920349077,-0.272946005936657,NA,NA,0.11,-0.886987110825267,-0.803422196412847,NA,NA,0.954658345911797,0.969649125810955,0.969588689980285,NA,NA
1,-0.90042100179299,-1.39268360914095,15,"none",4,50,"systematic",0.0304611612086695,0.384285714285714,0.91,0.05,-3.4603680653688,-0.47139671050191,2.31363492918063,0.258502827852567,-0.0953217252244777,-0.621036010938764,TRUE,2.52815274024431,804.116750274535,-1504742.55531435,FALSE,NA,NA,NA,TRUE,2.52818125864724,804.26417052737,-510889.922978833,FALSE,NA,NA,NA,FALSE,NA,NA,NA,0.541806301797242,NA,0.541808253732547,NA,NA,0.016092016082956,NA,0.0160939680182608,NA,NA,-0.0304611612086695,NA,-0.0304611612086695,NA,NA
2,-1.03318945191359,-1.32775809861083,15,"none",4,50,"systematic",0.029561778199652,0.35952380952381,0.89,0.05,-3.49126549465506,-0.577431542786913,2.09074109693377,0.23290445159627,-0.0970575797278884,-0.627533770204078,TRUE,2162.0099746287,30.5711282059388,2.64221014474015,TRUE,-3.09374639281496,14.9883913143253,8.66987214015315,TRUE,-1.49655453844476,12.5391636862386,7.62748559288069,TRUE,3.94630881862983,17.0808406888137,3.94630881862983,FALSE,NA,NA,NA,0.64047619047619,-0.316157861114841,-0.176583844963402,0.621516694208922,NA,0.11,-0.846634051591031,-0.707060035439592,0.0910405037327315,NA,0.903967462482212,0.970266570215738,0.96995157519659,0.95147872553308,NA
1,-0.731641421958211,-1.11854385604436,20,"none",4,50,"systematic",0.0304611612086695,0.384285714285714,0.91,0.05,-3.4603680653688,-0.47139671050191,2.31363492918063,0.294373470861448,-0.0594510822155961,-0.585165367929882,FALSE,NA,NA,NA,TRUE,-0.589543821169358,2833.78948716851,-0.53781021666534,FALSE,NA,NA,NA,FALSE,NA,NA,NA,FALSE,NA,NA,NA,NA,-0.0275461845297282,NA,NA,NA,NA,-0.553260470244014,NA,NA,NA,NA,0.338235967341002,NA,NA,NA
2,-1.4083458642859,-0.647651926658289,20,"none",4,50,"systematic",0.029561778199652,0.35952380952381,0.89,0.05,-3.49126549465506,-0.577431542786913,2.09074109693377,0.166933309892883,-0.163028721431275,-0.693504911907465,TRUE,2022.85955842168,38.2621026417244,1.86882722620726,TRUE,-2.57581420251953,15.9313736599662,9.55655664531364,TRUE,-1.43502680117735,12.7327745074885,7.69247797726456,FALSE,NA,NA,NA,FALSE,NA,NA,NA,0.64047619047619,-0.288812518599844,-0.16720715103356,NA,NA,0.11,-0.819288709076034,-0.69768334150975,NA,NA,0.836760741239553,0.970367490854812,0.969982183663915,NA,NA
1,-0.424819471828186,-1.25802236253327,30,"none",4,50,"systematic",0.0304611612086695,0.384285714285714,0.91,0.05,-3.4603680653688,-0.47139671050191,2.31363492918063,0.36490290876018,0.0110783556831358,-0.51463593003115,TRUE,0.879385515945864,878.654177891873,-1448487.1356007,FALSE,NA,NA,NA,TRUE,0.879361616272945,878.969551143469,-279658.709949114,FALSE,NA,NA,NA,FALSE,NA,NA,NA,0.32240915443359,NA,0.322404200551088,NA,NA,-0.203305131280696,NA,-0.203310085163198,NA,NA,-0.0304611612086695,NA,-0.0304611612086695,NA,NA
2,-1.09572610891746,-0.367631694911097,30,"none",4,50,"systematic",0.029561778199652,0.35952380952381,0.89,0.05,-3.49126549465506,-0.577431542786913,2.09074109693377,0.220979770879665,-0.108982260444493,-0.639458450920683,TRUE,1639.57612959234,51.9304247786997,0.854494012741725,TRUE,-1.94029135594466,18.5583750040574,12.0598308306042,TRUE,-1.28117884563167,13.2855777759476,7.87444246588328,TRUE,-1.20978793668077,49.2672101623821,-0.000581289309923555,FALSE,NA,NA,NA,0.64047619047619,-0.233907958019255,-0.142174184738431,-0.129785234258665,NA,0.11,-0.764384148495445,-0.672650375214621,-0.660261424734855,NA,0.671947235464383,0.970432434453596,0.970058025452765,0.470292899476959,NA
1,-0.888623273980274,-0.463845661263758,5,"none",4,100,"systematic",0.12811817750356,0.583571428571429,0.99,0.05,-1.91770079034243,0.337451908509512,4.59511985013459,0.163275839535582,-0.292177411532287,-0.698605982960858,TRUE,-0.754557972380813,0.0767116342535173,-15.6752603927219,TRUE,-0.792865255935412,0.0736381210092098,-0.842466519264049,TRUE,-0.754555510334118,0.076711634232245,-15.656676327986,FALSE,NA,NA,NA,TRUE,-37.1001616825994,0.147124280777811,-0.925440834915071,-0.263742474950708,-0.272017653816844,-0.263741939360786,NA,-0.583571428571429,-0.670171046379279,-0.678446225245415,-0.670170510789357,NA,-0.99,-0.128118021792005,0.17289738346117,-0.128118018871196,NA,0.155732407472087
2,-0.392029473322201,-0.290835110311048,5,"none",4,100,"systematic",0.154723936086062,0.574761904761905,0.93,0.05,-1.69802080541689,0.301306640221033,2.58668934409794,0.248504905845267,-0.171533062830576,-0.526771158068671,TRUE,-0.385814454210038,0.0506743357538974,-14105.2236080427,FALSE,NA,NA,NA,TRUE,-0.385815840745636,0.0506765211056821,-13104.7636400043,FALSE,NA,NA,NA,TRUE,-47781.7894014373,0.405761933048705,-1.5842528928488,-0.17003661437598,NA,-0.170036948423876,NA,-0.574761904761905,-0.525274709614075,NA,-0.525275043661971,NA,-0.93,-0.154723936086062,NA,-0.154723936086062,NA,0.0154700756087303
1,-0.694687396895277,0.223204457260883,10,"none",4,100,"systematic",0.12811817750356,0.583571428571429,0.99,0.05,-1.91770079034243,0.337451908509512,4.59511985013459,0.20487297343983,-0.250580277628039,-0.65700884905661,TRUE,-0.713651649490489,0.100464691493219,-5.1473013820228,FALSE,NA,NA,NA,TRUE,-0.713650508642266,0.100464691056297,-5.14593233366664,FALSE,NA,NA,NA,TRUE,-27.7180535585083,0.166889437408136,-0.895883580569838,-0.254778966769457,NA,-0.254778714997919,NA,-0.583571428570512,-0.661207538198028,NA,-0.661207286426491,NA,-0.989999999999083,-0.122336720873747,NA,-0.122328846213986,NA,0.161778979336298
2,-0.345051579608081,0.0261320803845425,10,"none",4,100,"systematic",0.154723936086062,0.574761904761905,0.93,0.05,-1.69802080541689,0.301306640221033,2.58668934409794,0.25985897615619,-0.160178992519653,-0.515417087757748,TRUE,-0.351972995984581,0.0685535428019933,-12003.7167507157,TRUE,-0.351978466643728,0.0685317671295627,-0.351976594223925,TRUE,-0.351973977840316,0.0685562553070207,-10737.9669111434,FALSE,NA,NA,NA,TRUE,-19349.4750163479,0.57627418138228,-0.972403629800506,-0.161857848160067,-0.161859174325424,-0.161858086175914,NA,-0.574761904761905,-0.517095943398162,-0.517097269563519,-0.517096181414009,NA,-0.93,-0.154723936086062,0.25817924825139,-0.154723936086062,NA,0.119677731049843
1,-0.345051579586369,0.0261320803861969,15,"none",4,100,"systematic",0.12811817750356,0.583571428571429,0.99,0.05,-1.91770079034243,0.337451908509512,4.59511985013459,0.286464734743962,-0.168988516323907,-0.575417087752478,TRUE,70.0957684219151,0.247345255248913,-0.906073866695436,TRUE,768555.17640934,0.247315935051097,-0.905858574111294,TRUE,35.3241388159741,0.24737402796261,-0.906280590312377,FALSE,NA,NA,NA,TRUE,-0.924397021881746,0.245634204743486,-0.848171187266179,0.416428571428571,0.416428571428571,0.416428571428571,NA,-0.299508610012158,0.01,0.01,0.00999999999999956,NA,-0.705937181440729,0.159685739448669,0.159729870593197,0.15964336858425,NA,0.171698455891307
2,-0.247718411522423,0.190427796644137,15,"none",4,100,"systematic",0.154723936086062,0.574761904761905,0.93,0.05,-1.69802080541689,0.301306640221033,2.58668934409794,0.283661219148809,-0.136376749527034,-0.491614844765129,TRUE,-0.347994518323562,0.0841925782136485,-11915.2888235403,TRUE,-0.347998039679642,0.0841711848198217,-0.347995903465252,TRUE,-0.347992658091243,0.0841952769158132,-10761.3411798877,TRUE,-711.915969300305,0.699540630423871,-0.7600519306006,TRUE,-4701.29418861568,0.707982890826664,-0.735785681758048,-0.16089307526597,-0.160893929481274,-0.160892624008098,-0.574761904761905,-0.574761904761905,-0.516131170504065,-0.516132024719369,-0.516130719246193,-0.93,-0.93,-0.154723936086062,0.259144557400273,-0.154723936086062,0.163911055535649,0.169202449592422
1,-0.20426195739695,-0.0183087077280302,20,"none",4,100,"systematic",0.12811817750356,0.583571428571429,0.99,0.05,-1.91770079034243,0.337451908509512,4.59511985013459,0.320993145696253,-0.134460105371616,-0.540888676800187,TRUE,115.712526362401,0.309147900170999,-0.961663662539209,TRUE,-1.46766871571921,0.266734438649636,-0.87193673361426,TRUE,115.639110353363,0.309146444441536,-0.961664194189744,FALSE,NA,NA,NA,FALSE,NA,NA,NA,0.416428571428571,-0.396274212241484,0.416428571428571,NA,NA,0.01,-0.802702783670055,0.01,NA,NA,0.148427048089746,0.166733290383825,0.148426941723518,NA,NA
2,-0.337745584034087,0.612371603800215,20,"none",4,100,"systematic",0.154723936086062,0.574761904761905,0.93,0.05,-1.69802080541689,0.301306640221033,2.58668934409794,0.261633269297211,-0.158404699378632,-0.513642794616727,TRUE,-0.341077378489558,0.105988744272235,-11100.5647087885,TRUE,-0.390235514794343,0.964848905776725,-0.405141090953721,TRUE,-0.341078331217432,0.105987971988067,-11736.0124193159,TRUE,-0.389935540845691,1.01294981343541,-0.389935540735288,TRUE,-1707.70504320418,0.785469383462583,-0.635307382315584,-0.159214112051992,-0.17110129816492,-0.15921434343892,-0.171029086733264,-0.574761904761905,-0.514452207290087,-0.526339393403015,-0.514452438677015,-0.526267181971359,-0.93,-0.154723936086062,0.245353830550096,-0.154723936086062,0.249008881969156,0.19158414488958
1,-0.217871973729398,0.267445060748301,30,"none",4,100,"systematic",0.12811817750356,0.583571428571429,0.99,0.05,-1.91770079034243,0.337451908509512,4.59511985013459,0.317628269332211,-0.137824981735658,-0.544253553164229,TRUE,0.0375765694376778,0.42657856842919,-0.977420880191131,FALSE,NA,NA,NA,TRUE,0.0375840472526824,0.426578568486274,-0.977419122240501,TRUE,-2.3539241099687,0.42313191182276,-0.948105666477795,TRUE,-78.2883460336458,0.425246247429904,-0.961648897635572,-0.0741783914322515,NA,-0.0741765226383929,-0.496817060283615,-0.583571428571429,-0.480606962860822,NA,-0.480605094066964,-0.903245631712186,-0.99,0.145285659545924,NA,0.145286008770303,0.151147769773827,0.148430002083698
2,-0.222336676762885,0.755227156637181,30,"none",4,100,"systematic",0.154723936086062,0.574761904761905,0.93,0.05,-1.69802080541689,0.301306640221033,2.58668934409794,0.28991974556293,-0.130118223112913,-0.485356318351008,TRUE,-0.311080173742141,0.169537409406982,-8753.05248671524,TRUE,-0.348935077563739,1.11420281267051,-0.357960125315092,TRUE,-0.311081993306288,0.169536187379572,-9299.56629407307,TRUE,-317.307411262045,0.821992023334705,-0.586529585970846,TRUE,-935.015451042759,0.828692471051289,-0.573492986367789,-0.151910802131112,-0.161121218964352,-0.151911246192127,-0.574761904761905,-0.574761904761905,-0.507148897369207,-0.516359314202447,-0.507149341430222,-0.93,-0.93,-0.154723936086062,0.256729515528124,-0.154723936086062,0.202707587919109,0.205707291680133
