"simulation","psi","p","surveyLength","intervalLength","nSurveys","radius","placement","instOcc","dailyOcc","seasonOcc","density","logitInstOcc","logitDailyOcc","logitSeasonOcc","Initial_InstantBias","Initial_DailyBias","Initial_SeasonBias","ExponentialDecay_success","ExponentialDecay_predicted_asymptote","ExponentialDecay_sse","ExponentialDecay_predicted_yIntercept","MichaelisMenten_success","MichaelisMenten_predicted_asymptote","MichaelisMenten_sse","MichaelisMenten_predicted_yIntercept","AsymptoticRegression_success","AsymptoticRegression_predicted_asymptote","AsymptoticRegression_sse","AsymptoticRegression_predicted_yIntercept","LogisticGrowth_success","LogisticGrowth_predicted_asymptote","LogisticGrowth_sse","LogisticGrowth_predicted_yIntercept","Gompertz_success","Gompertz_predicted_asymptote","Gompertz_sse","Gompertz_predicted_yIntercept","ExpDec_DailyBias","MichaelisMenten_DailyBias","AsymptoticRegression_DailyBias","LogisticGrowth_DailyBias","Gompertz_DailyBias","ExpDec_SeasonBias","MichaelisMenten_SeasonBias","AsymptoticRegression_SeasonBias","LogisticGrowth_SeasonBias","Gompertz_SeasonBias","ExpDec_InstBias","MichaelisMenten_InstBias","AsymptoticRegression_InstBias","LogisticGrowth_InstBias","Gompertz_InstBias"
1,-1.09861221589077,-1.38629433362355,5,"10Days",2,50,"systematic",0.0619933554817276,0.614523809523809,0.97,0.1,-2.71672982303686,0.466368246040977,3.47609868983527,0.188006658164024,-0.364523795878058,-0.719999986354249,TRUE,-753.986108539443,45.3711529662396,4.48161400756464,TRUE,-2337569.28272515,45.368989340501,4.48016356259715,TRUE,-494.238352441251,45.3722988297004,4.4823724263037,TRUE,4.49183579557278,45.7743731931998,3.94501256531631,TRUE,3.18295092521575,37.1139317559491,3.18295092521575,-0.614523809523809,-0.614523809523809,-0.614523809523809,0.374400178619321,0.345663815887212,-0.97,-0.97,-0.97,0.01892398814313,-0.00981237458897943,0.92681810862606,0.92680205045969,0.926826496170092,0.919023022855579,0.898194269929293
2,-0.312531279736917,-1.70473945744029,5,"10Days",2,50,"systematic",0.0837802562885619,0.601904761904762,0.99,0.1,-2.39205885620508,0.413407961622102,4.59511985013459,0.338716746461347,-0.179407759154853,-0.567502997250091,TRUE,-2258.07677223114,21.0373128393578,7.73169351843353,FALSE,NA,NA,NA,TRUE,-1772.85521981691,21.0390769798491,7.73166734744816,TRUE,5.83606833515475,2.5567001645507,5.83606833515459,TRUE,5.80909226570564,2.19507055093709,5.80909226570564,-0.601904761904762,NA,-0.601904761904762,0.395183439693129,0.395104059907308,-0.99,NA,-0.99,0.00708820159789092,0.00700882181206963,0.91578123554501,NA,0.915781224073702,0.913307945309328,0.913228565523508
1,0.956977757581838,-2.01493362284165,10,"10Days",2,50,"systematic",0.0619933554817276,0.614523809523809,0.97,0.1,-2.71672982303686,0.466368246040977,3.47609868983527,0.66052293850742,0.107992484465338,-0.247483706010853,TRUE,-0.742067522579597,52.4134656103546,5.54271451882985,TRUE,-2.7850014240963,52.7946264555115,5.7296633131923,TRUE,-0.741932261437373,52.4134655352007,5.54290201893142,TRUE,3.12613090086617,44.1737203043353,3.12613089760471,TRUE,3.1829478955312,41.7187405642053,3.1829478955312,-0.291971610478166,-0.556383737002882,-0.291942053548488,0.343434032753388,0.34566370007024,-0.647447800954357,-0.911859927479073,-0.647418244024679,-0.0120421577228033,-0.00981249040595078,0.934106036182109,0.93476899030597,0.934106764626041,0.895964486664115,0.898194154112322
2,6.87575369033879,-2.25211903912957,10,"10Days",2,50,"systematic",0.0837802562885619,0.601904761904762,0.99,0.1,-2.39205885620508,0.413407961622102,4.59511985013459,0.915188289561987,0.397063783945787,0.00896854585054874,TRUE,2.68927122618286,93.3249515854883,8.89819229713694,TRUE,2.07593407332419,95.7207841834718,12.2441959543206,TRUE,3102.34742074332,103.729584539912,4.51668862337167,TRUE,4403.14728380455,101.467524735348,5.63892583020075,TRUE,41155.0883643013,101.81950930978,5.44079122879927,0.334485825421885,0.286637237549482,0.398095238095238,0.398095238095238,0.398095238095238,-0.0536094126733526,-0.101458000545756,0.01,0.01,0.01,0.916083126678088,0.916214930763416,0.905412671407928,0.912675662059392,0.911902412774422
1,0.66613635462731,-1.55707319543515,15,"10Days",2,50,"systematic",0.0619933554817276,0.614523809523809,0.97,0.1,-2.71672982303686,0.466368246040977,3.47609868983527,0.598644129789359,0.0461136757472776,-0.309362514728913,TRUE,1.43367374452727,121.112599724774,6.87858677929422,FALSE,NA,NA,NA,TRUE,1.43361616987977,121.112599681252,6.87692839127168,TRUE,5092.56840061694,122.134858804828,0.446628939307544,FALSE,NA,NA,NA,0.192949272894199,NA,0.19294032216357,0.385476190476191,NA,-0.162526917581992,NA,-0.162535868312621,0.03,NA,0.936978105433313,NA,0.936976400060025,0.54784408029484,NA
2,0.944436346511449,-1.60942822814049,15,"10Days",2,50,"systematic",0.0837802562885619,0.601904761904762,0.99,0.1,-2.39205885620508,0.413407961622102,4.59511985013459,0.636214650797526,0.118090145181326,-0.270005092913912,TRUE,0.797340850996408,107.767890077654,7.84251123192148,TRUE,-1.24746133818866,107.875654358345,8.06280510100131,TRUE,0.797367626480393,107.767890078511,7.84256371703108,TRUE,3452.27594242478,108.34455211286,7.03112794453488,TRUE,55961.811434602,108.665313100842,6.7866712139112,0.0875006143068505,-0.378764859222725,0.0875063475944406,0.398095238095238,0.398095238095238,-0.300594623788387,-0.766860097317963,-0.300588890500797,0.01,0.01,0.915827216163168,0.915904801091049,0.915827236756392,0.915336590171697,0.915092296489146
1,-0.185615341540137,-0.559521629177082,20,"10Days",2,50,"systematic",0.0619933554817276,0.614523809523809,0.97,0.1,-2.71672982303686,0.466368246040977,3.47609868983527,0.391735581202771,-0.160794872839311,-0.516271063315502,TRUE,1.08881195133078,126.22464570368,6.7687426466389,TRUE,0.877087558841026,128.189860500051,659.241887004665,TRUE,1.08877470743148,126.224645269343,6.76755258515815,TRUE,1073.86515845804,133.555266005285,2.05320103599719,TRUE,2387.26882737716,133.605243928661,2.00916412197967,0.13363412876252,0.0916945188737973,0.133627111290139,0.385476190476191,0.385476190476191,-0.221842061713671,-0.263781671602394,-0.221849079186052,0.03,0.03,0.936858824905888,0.938006644518272,0.936857459687554,0.824277310735035,0.819762543838733
2,-0.0785791412367864,-0.741582366442519,20,"10Days",2,50,"systematic",0.0837802562885619,0.601904761904762,0.99,0.1,-2.39205885620508,0.413407961622102,4.59511985013459,0.396585060522149,-0.121539445094051,-0.509634683189289,TRUE,0.434704056259553,110.348212853235,7.40445119999311,TRUE,-1.25631856439341,109.96185350277,7.977135330165,TRUE,0.434392377624773,110.348212817075,7.40379207787515,TRUE,4078.97049761828,110.680471604651,6.88026478303503,TRUE,64111.7121118144,111.07864711663,6.61339318356006,0.00509163049916272,-0.380296480107114,0.00501727652954687,0.398095238095238,0.398095238095238,-0.383003607596075,-0.768391718202352,-0.383077961565691,0.01,0.01,0.915611575805419,0.915876640240761,0.915611175060394,0.915192927301005,0.914879273139217
1,-0.384678982586867,-0.223227627457006,30,"10Days",2,50,"systematic",0.0619933554817276,0.614523809523809,0.97,0.1,-2.71672982303686,0.466368246040977,3.47609868983527,0.343005525395256,-0.209524928646826,-0.565001119123017,TRUE,-188.668621458628,136.212538368892,2.04221337331316,TRUE,0.412730786869433,133.617228023729,9.71108410663874,TRUE,0.745307762714185,133.131607188815,6.55016304849443,FALSE,NA,NA,NA,TRUE,0.85324518594396,175.902671147668,3.3194940174619e-291,-0.614523809523809,-0.0127813203232884,0.0636316161988156,NA,0.0867236413668671,-0.97,-0.368257510799479,-0.291844574277375,NA,-0.268752549109324,0.823165100310866,0.937946040218422,0.936578803723629,NA,0.438006644518272
2,-6.32571988268163e-06,-0.405459751145207,30,"10Days",2,50,"systematic",0.0837802562885619,0.601904761904762,0.99,0.1,-2.39205885620508,0.413407961622102,4.59511985013459,0.416218162281467,-0.101906343334733,-0.490001581429971,TRUE,0.26934120781225,111.526747343837,7.23615294222201,TRUE,-0.898004320047965,111.375375086893,8.32506719827416,TRUE,0.269347519979354,111.526747347523,7.23617578936923,TRUE,4587.27238498115,112.039178721958,6.81351679917282,TRUE,97193.8386436359,112.543951546308,6.54914882944183,-0.0349735966040385,-0.31244397909732,-0.0349720468400428,0.398095238095238,0.398095238095238,-0.423068834699276,-0.700539217192558,-0.423067284935281,0.01,0.01,0.915500185233908,0.915977437800071,0.915500201661749,0.915122128033953,0.914790456109705
1,0.094615940749857,-0.167053977827419,5,"10Days",2,100,"systematic",0.255839265938934,0.794761904761905,1,0.1,-1.06770767204216,1.35387183355809,Inf,0.267797088811084,-0.271125550011887,-0.476363645249982,TRUE,4.13417205925986,30.6267940552835,-21.9510773760503,TRUE,5.42626849350063,33.9054203565757,-3533.80440872421,TRUE,4.1341159960341,30.6267940813908,-21.9482551415654,TRUE,4.41980982327554,28.3923613528626,7.48067614503115e-17,FALSE,NA,NA,NA,0.189474641574374,0.200857883991664,0.189473771731651,0.193344728860606,NA,-0.015763453663721,-0.0043802112464314,-0.0157643235064437,-0.0118933663774889,NA,-0.255839265646001,-0.255839265938934,-0.255839265645173,0.244160734061066,NA
2,5.52745226377407,-0.914257238974971,5,"10Days",2,100,"systematic",0.290734061066287,0.806190476190476,1,0.1,-0.891821576546145,1.42544419669054,Inf,0.705305579478117,0.189849164353928,-0.00396035945559559,TRUE,6.45215025303224,1.50439784352275,-7.61585055158952,TRUE,8.07222788149718,1.88697156789438,-40.5774341477544,TRUE,6.45219545562389,1.5043978432792,-7.61550136330297,TRUE,6.15416248327026,0.825833564307787,0.055829963642872,TRUE,6.25187733394947,1.02577685552645,2.62404556457371e-05,0.192234879926002,0.193497533964917,0.192234950990305,0.191689408603059,0.191886395927773,-0.00157464388352224,-0.000311989844607119,-0.00157457281921891,-0.00212011520646505,-0.00192312788175131,-0.290241722045362,-0.290734061066287,-0.29024155018101,0.223219805533487,0.209272499047624
1,0.59597168741733,0.171842948442783,10,"10Days",2,100,"systematic",0.255839265938934,0.794761904761905,1,0.1,-1.06770767204216,1.35387183355809,Inf,0.388894886026108,-0.150027752796863,-0.355265848034958,TRUE,1.98114393394798,57.9013625938319,-25225.2146536879,TRUE,-6878266.05798916,52.8193032090135,3.61466983691635,TRUE,-1062.97929055834,52.8239571154132,3.61489499738257,TRUE,3.79808464857722,36.0933203107591,3.79808464816851,FALSE,NA,NA,NA,0.0840411485509096,-0.794761904761905,-0.794761904761905,0.183315793467612,NA,-0.121196946687185,-1,-1,-0.0219223017704828,NA,-0.255839265938934,0.717940910485353,0.717946658746699,0.72223843228182,NA
2,1.84842473306942,-0.336349044474089,10,"10Days",2,100,"systematic",0.290734061066287,0.806190476190476,1,0.1,-0.891821576546145,1.42544419669054,Inf,0.5732079814337,0.0577515663095112,-0.136057957500013,TRUE,-1683.3752177323,43.0753601509472,4.55616239511664,TRUE,2.9439225450607,51.2446343944681,-24.5561193753413,TRUE,-1270.97946500538,43.0766221641852,4.55612043455483,TRUE,4.45061958075607,30.5894451066308,4.45061958075607,FALSE,NA,NA,NA,-0.806190476190476,0.14378498748792,-0.806190476190476,0.182272838909118,NA,-1,-0.0500245363216044,-1,-0.0115366849004059,NA,0.698872805259981,-0.290734061044639,0.69887237368185,0.697729254033307,NA
1,0.457835470161553,0.287681905185745,15,"10Days",2,100,"systematic",0.255839265938934,0.794761904761905,1,0.1,-1.06770767204216,1.35387183355809,Inf,0.356661298116899,-0.182261340706072,-0.387499435944167,TRUE,1.4400225985533,65.2864783880691,-52029.5389647995,TRUE,-11.9021633992592,54.6110718668679,3.23878697501512,TRUE,1.44001959412344,65.2865963604405,-21805.8383892736,TRUE,3.81187117580243,36.2255791159388,3.81187117580243,FALSE,NA,NA,NA,0.0136962461676565,-0.794755129077485,0.0136957809205389,0.18360946003085,NA,-0.191541849070438,-0.99999322431558,-0.191542314317556,-0.0216286352072452,NA,-0.255839265938934,0.706428825472773,-0.255839265938934,0.722532098853821,NA
2,1.54005289759431,-0.130052499505347,15,"10Days",2,100,"systematic",0.290734061066287,0.806190476190476,1,0.1,-0.891821576546145,1.42544419669054,Inf,0.532738353776539,0.0172819386523501,-0.176527585157174,TRUE,-8.90385728875772,45.1961417796378,4.10303294525549,TRUE,-27.0998677998273,45.2037062185648,4.08324361690578,TRUE,2.51975066769228,53.508438525679,-28727.8223526599,TRUE,4.62536294497232,44.1687954734094,4.01977793356664,TRUE,6.46690548375402,44.7818374079471,4.05076476253044,-0.806054630798605,-0.806190476188775,0.119324392221549,0.184104536140707,0.192257907800602,-0.999864154608128,-0.999999999998299,-0.0744851315879753,-0.00970498766881733,-0.00155161600892151,0.693012006793307,0.692692532638698,-0.290734061066287,0.691625750814302,0.692154772431639
1,0.603867400057542,0.550039972144744,20,"10Days",2,100,"systematic",0.255839265938934,0.794761904761905,1,0.1,-1.06770767204216,1.35387183355809,Inf,0.390701341232744,-0.148221297590227,-0.353459392828322,TRUE,-0.199836690050281,55.9829961011669,3.39397455224434,TRUE,-2.29956761230713,56.4688595693458,3.22319914007328,TRUE,-0.199560141840805,55.982996353522,3.39411214576296,TRUE,3.79610194654587,38.5008602179893,3.79610194642304,FALSE,NA,NA,NA,-0.344555479826457,-0.703603127253992,-0.344487027505576,0.183273240615509,NA,-0.549793575064552,-0.908841222492087,-0.549725122743671,-0.0219648546225861,NA,0.711676427642472,0.705858762871591,0.711680751801493,0.722195879435841,NA
2,1.5171512079153,0.0240985139509115,20,"10Days",2,100,"systematic",0.290734061066287,0.806190476190476,1,0.1,-0.891821576546145,1.42544419669054,Inf,0.529384537282596,0.0139281221584067,-0.179881401651117,TRUE,-0.0403191032990163,46.1896565990877,4.16787667772939,TRUE,-3.41390900729417,46.3718166305896,4.07158032795461,TRUE,-0.0393332838342539,46.189656574859,4.16810400075641,TRUE,7.2984331612131,45.9438966504247,4.00513754283547,TRUE,127.401168902003,46.1285164184722,4.08361505009451,-0.316268886738266,-0.77432688585532,-0.316022529578327,0.193133383219738,0.193809523809524,-0.51007841054779,-0.968136409664843,-0.509832053387851,-0.000676140589785712,0,0.694016965776011,0.692501360129432,0.694020378982922,0.691370247525172,0.692698585440482
1,0.960462115392079,0.498991248088775,30,"10Days",2,100,"systematic",0.255839265938934,0.794761904761905,1,0.1,-1.06770767204216,1.35387183355809,Inf,0.467375052845282,-0.0715475859776892,-0.276785681215784,TRUE,0.477475556742762,57.830247419336,3.47403490160857,TRUE,-0.281050943248486,59.5783751426766,3.16101212634078,TRUE,0.477408461730112,57.8302475287755,3.47395506800134,TRUE,1019.62301065339,59.6111360651149,3.03951029956855,TRUE,188315.971080113,59.8578921518319,2.97284522993259,-0.177610317435357,-0.364565762585989,-0.177626170467996,0.205238095238095,0.205238095238095,-0.382848412673452,-0.569803857824084,-0.382864265706091,0,0,0.71410061953509,0.703501178209874,0.714098291778869,0.698488223681163,0.695492912407616
2,1.28738197630385,0.351397837123766,30,"10Days",2,100,"systematic",0.290734061066287,0.806190476190476,1,0.1,-0.891821576546145,1.42544419669054,Inf,0.492969670802528,-0.0224867443216612,-0.216296268131185,TRUE,0.715026593392533,46.7894804394551,4.28520973995577,TRUE,-0.814101040729433,47.5524275631641,4.13071331733377,TRUE,0.714720623180629,46.7894803546747,4.28487153914114,TRUE,1216.13698599599,47.5433964751535,3.92396283072845,TRUE,13756.4028345885,47.7536868190811,3.83948015724681,-0.134679575861122,-0.499173198225176,-0.134747071539191,0.193809523809524,0.193809523809524,-0.328489099670646,-0.6929827220347,-0.328556595348715,0,0,0.695682263159753,0.693448733029168,0.695677730807528,0.689886307853599,0.688213881209223
1,0.321739811400408,-2.09850220418885,5,"10Days",3,50,"systematic",0.0619933554817276,0.614523809523809,0.97,0.1,-2.71672982303686,0.466368246040977,3.47609868983527,0.517754843422006,-0.0347756106200759,-0.390251801096267,TRUE,-1.79722682678902,10.4877459662476,11.2244803577835,TRUE,-5.73433578849821,11.1437639508143,12.0124977614367,TRUE,-1.79724336159947,10.4877459701564,11.2244463284616,FALSE,NA,NA,NA,FALSE,NA,NA,NA,-0.472334832677208,-0.611301199246091,-0.472336849437135,NA,NA,-0.827811023153399,-0.966777389722282,-0.827813039913326,NA,NA,0.937993301185307,0.938000576653787,0.937993300731241,NA,NA
2,0.491977348756286,-1.7314776133203,5,"10Days",3,50,"systematic",0.0837802562885619,0.601904761904762,0.99,0.1,-2.39205885620508,0.413407961622102,4.59511985013459,0.536791878137785,0.0186673725215846,-0.369427865573653,TRUE,1.65796410809172,31.1652230815788,-242683.806081972,FALSE,NA,NA,NA,TRUE,1.65783127107716,31.1669666325582,-34014.4754561243,TRUE,2.59209019714794,30.117852260286,2.59208906504951,TRUE,2.66213814656661,29.2269183059227,2.66213798847064,0.238059757543103,NA,0.238041900237176,0.328446018136203,0.332850427073539,-0.150035480552135,NA,-0.150053337858062,-0.0596492199590346,-0.055244811021699,-0.0837802562885619,NA,-0.0837802562885619,0.84657045039442,0.850974923047793
1,0.131334849619746,-1.63851895288295,10,"10Days",3,50,"systematic",0.0619933554817276,0.614523809523809,0.97,0.1,-2.71672982303686,0.466368246040977,3.47609868983527,0.470793242892679,-0.0817372111494022,-0.437213401625593,TRUE,0.526997689458201,32.1214943155367,14.3147460868893,TRUE,-0.301067546884951,34.1700564895548,1191.95871066358,TRUE,0.527088354343302,32.1214943632242,14.3177829229568,FALSE,NA,NA,NA,FALSE,NA,NA,NA,0.0142587893780307,-0.18922727628191,0.0142799516789077,NA,NA,-0.34121740109816,-0.544703466758101,-0.341196238797283,NA,NA,0.938006037524129,0.938006644518272,0.938006039364673,NA,NA
2,0.166121718597243,-1.29222344469834,10,"10Days",3,50,"systematic",0.0837802562885619,0.601904761904762,0.99,0.1,-2.39205885620508,0.413407961622102,4.59511985013459,0.457654928576739,-0.0604695770394611,-0.448564815134699,TRUE,-1.23115470398297,37.1815457840541,1.79399087290064,TRUE,-4.31837785255784,37.2013956393399,1.74370589742825,TRUE,-1.22933237019225,37.1815458550212,1.79420365325707,TRUE,2.18402467353002,34.3357880084932,2.18027968129103,TRUE,2.65477658688385,29.8081262079708,2.65477578753536,-0.375925372475732,-0.588758415216677,-0.375606463982078,0.296900958342176,0.332400021340081,-0.76402061057097,-0.976853653311915,-0.763701702077316,-0.091194279753062,-0.0556952167551573,0.773635616269636,0.767376915524317,0.773661627518503,0.814684332854734,0.850524477892769
1,1.13905456565773,-1.60549340879953,15,"10Days",3,50,"systematic",0.0619933554817276,0.614523809523809,0.97,0.1,-2.71672982303686,0.466368246040977,3.47609868983527,0.695512658353283,0.142982204311201,-0.21249398616499,TRUE,0.327972645435691,34.3036183700441,13.7067463335572,TRUE,-0.329356553510252,35.9501798531834,1098.54713334368,TRUE,0.327911533191211,34.3036184358364,13.7039285658054,FALSE,NA,NA,NA,FALSE,NA,NA,NA,-0.0332578008868267,-0.196126617691519,-0.0332726754265193,NA,NA,-0.388733991363018,-0.55160280816771,-0.38874886590271,NA,NA,0.938005529620062,0.938006644518272,0.938005526474111,NA,NA
2,0.257960323324691,-1.07698822817291,15,"10Days",3,50,"systematic",0.0837802562885619,0.601904761904762,0.99,0.1,-2.39205885620508,0.413407961622102,4.59511985013459,0.480354571871604,-0.0377699337445958,-0.425865171839834,TRUE,-0.0775879889918691,37.5101985803007,1.87089392547433,TRUE,-0.959967112327491,37.6759690857145,1.72952547503009,TRUE,-0.0777689946848299,37.5101985587433,1.87058802400353,TRUE,2.16266213734015,34.6377016008736,2.15884954736347,TRUE,2.65261989581917,30.1023256244125,2.65261827038191,-0.121292034348015,-0.325019982320887,-0.121337217578629,0.294941329743737,0.332267520976458,-0.509387272443253,-0.713115220416125,-0.509432455673867,-0.0931539083515005,-0.0558277171187798,0.782781421923226,0.765571456956496,0.782746045793859,0.81271258649723,0.850391926637252
1,0.575364619641817,-1.09861252901856,20,"10Days",3,50,"systematic",0.0619933554817276,0.614523809523809,0.97,0.1,-2.71672982303686,0.466368246040977,3.47609868983527,0.578006753897959,0.0254762998558776,-0.329999890620313,TRUE,0.315513349974492,34.6281220547103,13.6634489638244,TRUE,-0.216120512961197,36.6287069917527,1715.14787039486,TRUE,0.315508602252326,34.6281220869394,13.6631456688808,TRUE,5.18076488226283,27.1781282487759,5.18076488226283,FALSE,NA,NA,NA,-0.0362933758228453,-0.168344611819091,-0.0362945336977536,0.379883936356108,NA,-0.391769566299036,-0.523820802295282,-0.391770724173945,0.0244077458799175,NA,0.938005480287684,0.938006644518272,0.938005479934525,0.93241439039819,NA
2,-0.0452221698090315,-0.719960575333444,20,"10Days",3,50,"systematic",0.0837802562885619,0.601904761904762,0.99,0.1,-2.39205885620508,0.413407961622102,4.59511985013459,0.404916127560162,-0.113208378056038,-0.501303616151276,TRUE,0.268173402077433,42.6536533022087,1.87613900500493,TRUE,590276.262747881,43.8976400512592,0.893112310455458,TRUE,0.268273037308386,42.6536533054778,1.87657866519566,TRUE,233.474484446754,43.1422506234784,1.56565513058329,TRUE,412317.725415751,43.1952206896175,1.53316074805049,-0.035260338903866,0.398095238095238,-0.0352358727864041,0.398095238095238,0.398095238095238,-0.423355576999104,0.01,-0.423331110881642,0.01,0.01,0.783386758535938,0.625751770093197,0.783437394107625,0.743383074081306,0.738688042500443
1,0.224240673974777,-0.576125694035363,30,"10Days",3,50,"systematic",0.0619933554817276,0.614523809523809,0.97,0.1,-2.71672982303686,0.466368246040977,3.47609868983527,0.493833078020396,-0.0586973760216855,-0.414173566497876,TRUE,0.246136783310738,35.4882622123337,13.4281950630499,TRUE,-0.154278057525516,37.4504357192021,2141.59281039648,TRUE,0.246137266174955,35.4882622164497,13.4282418391219,FALSE,NA,NA,NA,FALSE,NA,NA,NA,-0.0532984052059851,-0.153017003826235,-0.0532982862999752,NA,NA,-0.408774595682176,-0.508493194302426,-0.408774476776166,NA,NA,0.938005171499294,0.938006644518272,0.938005171568194,NA,NA
2,0.431169655810882,-0.784025677782634,30,"10Days",3,50,"systematic",0.0837802562885619,0.601904761904762,0.99,0.1,-2.39205885620508,0.413407961622102,4.59511985013459,0.522372680535375,0.00424817491917473,-0.383847063176063,TRUE,0.239590451561784,43.2658718887961,1.87762176973399,TRUE,-0.015113110634329,43.7077757959106,1.62722761697166,TRUE,0.457788307729061,43.7866103517121,-18716.1969672071,TRUE,2684.6035310571,44.0403540248489,1.3591734484596,TRUE,2.6702368869174,36.7461547175239,2.67023688411789,-0.0422920418789809,-0.105682967649844,0.0105846083890795,0.398095238095238,0.33334261677289,-0.430387279974219,-0.493778205745082,-0.377510629706158,0.01,-0.054752621322348,0.783557462841274,0.752009239763092,-0.0837802562885619,0.711845072305073,0.851467122219553
1,0.693603121070761,-0.532457985095933,5,"10Days",3,100,"systematic",0.255839265938934,0.794761904761905,1,0.1,-1.06770767204216,1.35387183355809,Inf,0.410928713140753,-0.127993925682218,-0.333232020920313,TRUE,0.441042858641519,0.170023829236368,1.61538280751629,TRUE,0.353429192742695,0.180791486381245,116.810753355371,TRUE,234.912387093506,0.223277666276481,0.66643522391625,TRUE,229.355102760563,0.21582647264369,0.73937390188524,TRUE,432.821714729191,0.217148108056031,0.724164002669699,-0.18625440975064,-0.207313003278482,0.205238095238095,0.205238095238095,0.205238095238095,-0.391492504988735,-0.412551098516577,0,0,0,0.578318111887309,0.744160734061066,0.404865221293971,0.42101966471115,0.417684033016648
2,1.08777466733559,-0.438172301002998,5,"10Days",3,100,"systematic",0.290734061066287,0.806190476190476,1,0.1,-0.891821576546145,1.42544419669054,Inf,0.457228384315729,-0.05822803080846,-0.252037554617984,TRUE,1.21835345968561,0.883856531158788,76.6716564262625,TRUE,-1.29023622277145,4.01586148417731,2921.37255561944,TRUE,1.21836219283486,0.883856531156679,76.6752900223802,TRUE,5942.28912310505,4.08610176767068,25.2976341388263,TRUE,107594.982118295,4.45082917555439,22.818667827274,-0.0344168170694722,-0.590377645839057,-0.0344152788242638,0.193809523809524,0.193809523809524,-0.228226340878996,-0.784187169648581,-0.228224802633788,0,0,0.709265938933713,0.709265938933713,0.709265938933713,0.7092659389234,0.709265938810692
1,0.617026641599725,0.197049637763833,10,"10Days",3,100,"systematic",0.255839265938934,0.794761904761905,1,0.1,-1.06770767204216,1.35387183355809,Inf,0.393702737004727,-0.145219901818244,-0.350457997056339,FALSE,NA,NA,NA,TRUE,46630.0656865118,0.347898132268764,0.526329990533861,TRUE,111.653903041493,0.34790197102064,0.526348121141678,TRUE,31.2813102405985,0.347135815179823,0.523306835811403,TRUE,15.7457174302048,0.347362295047624,0.52395042189105,NA,0.205238095238095,0.205238095238095,0.205238095238069,0.205237950119942,NA,0,0,-2.59792187762287e-14,-1.45118153271895e-07,NA,0.372787468593615,0.372791701267751,0.372081423500705,0.37223177618587
2,1.48207169200621,-0.250543890283466,10,"10Days",3,100,"systematic",0.290734061066287,0.806190476190476,1,0.1,-0.891821576546145,1.42544419669054,Inf,0.524151232571529,0.0086948174473398,-0.185114706362184,TRUE,1.3073210220878,1.04671085891864,87.5919650262769,TRUE,0.0103763504930612,7.94966263072361,4527.45467183238,TRUE,1.30732102881898,1.04671085891973,87.5919735021394,TRUE,7668.32770822508,13.3262682185459,23.8923869558648,FALSE,NA,NA,NA,-0.0191259555461802,-0.303596411842119,-0.0191259544180755,0.193809523809524,NA,-0.212935479355704,-0.497405935651643,-0.2129354782276,0,NA,0.709265938933713,0.709265938933713,0.709265938933713,0.709265938891672,NA
1,0.809456374763737,0.314738863548254,15,"10Days",3,100,"systematic",0.255839265938934,0.794761904761905,1,0.1,-1.06770767204216,1.35387183355809,Inf,0.436154383023703,-0.102768255799268,-0.308006351037363,TRUE,78.6828374910803,0.412808498554254,0.517719014159454,TRUE,157243.130555325,0.412795633114398,0.517708152489269,TRUE,83.8739814138385,0.412807704398086,0.517716515050923,TRUE,40.3846274047791,0.411087280653974,0.516711750930673,TRUE,18.48816409336,0.411577440571371,0.516773850759683,0.205238095238095,0.205238095238095,0.205238095238095,0.205238095238095,0.205238085890662,0,0,0,0,-9.34743271674421e-09,0.370774975093099,0.370772433797296,0.370774390379405,0.370539276850381,0.370553809863913
2,1.38613252858384,0.000329941034784304,15,"10Days",3,100,"systematic",0.290734061066287,0.806190476190476,1,0.1,-0.891821576546145,1.42544419669054,Inf,0.509240044470832,-0.00621637065335745,-0.200025894462881,TRUE,1.32247601890665,1.08847966416006,89.7632254887355,FALSE,NA,NA,NA,TRUE,1.32247593915449,1.08847966413656,89.7630585026258,TRUE,21275.479811135,22.4238940653002,23.9018790998268,TRUE,265448.821567356,22.846131550271,22.7363865896771,-0.0165971196054187,NA,-0.0165971328551,0.193809523809524,0.193809523809524,-0.210406643414943,NA,-0.210406656664624,0,0,0.709265938933713,NA,0.709265938933713,0.70926593889207,0.709265938800142
1,0.783794582129874,0.373815280662755,20,"10Days",3,100,"systematic",0.255839265938934,0.794761904761905,1,0.1,-1.06770767204216,1.35387183355809,Inf,0.430658090534273,-0.108264548288698,-0.313502643526793,TRUE,57.5774969606749,0.493068926126767,0.50823044969912,TRUE,177164.17681816,0.493034531984731,0.50826872564326,TRUE,65.282182256654,0.493064812151884,0.508235014446323,TRUE,38.0076371017501,0.490172258901838,0.512372838539257,TRUE,19.9350481289355,0.490905995841948,0.51095244072767,0.205238095238095,0.205238095238095,0.205238095238095,0.205238095238095,0.205238093038622,0,0,0,0,-2.19947282609212e-09,0.368552293104353,0.368561269794013,0.368553363659026,0.369523292331784,0.369190456315259
2,1.33825387721744,0.12115824442514,20,"10Days",3,100,"systematic",0.290734061066287,0.806190476190476,1,0.1,-0.891821576546145,1.42544419669054,Inf,0.50146858446556,-0.0139878306586286,-0.207797354468153,TRUE,1.3169835662909,1.22212557991493,88.963241981774,FALSE,NA,NA,NA,TRUE,1.31698373630614,1.22212557995879,88.9637616707802,TRUE,9375.90943062748,33.3112973051262,4.06531370202956,TRUE,474263.785982053,33.8831937979596,3.76717335153349,-0.0175110633996853,NA,-0.0175110350642323,0.193809523809524,0.193809523809524,-0.211320587209209,NA,-0.211320558873756,0,0,0.709265938933713,NA,0.709265938933713,0.692397750610358,0.686670958676354
1,0.878519550371689,0.686736701294316,30,"10Days",3,100,"systematic",0.255839265938934,0.794761904761905,1,0.1,-1.06770767204216,1.35387183355809,Inf,0.450676075711355,-0.0882465631116163,-0.293484658349711,TRUE,44.4191775446379,0.526327061985817,0.492662917349556,TRUE,697373.188892366,0.526196070538033,0.492923843612192,TRUE,49.9727183453528,0.526312626439773,0.492692496695221,TRUE,33.7297821216004,0.520639998818634,0.510600407694908,TRUE,23.7973962227968,0.521533523178588,0.505700653221556,0.205238095238095,0.205238095238095,0.205238095238095,0.205238095238093,0.205238095191865,0,0,0,-2.22044604925031e-15,-4.62299087899964e-11,0.364894280737866,0.364955706953127,0.36490124438344,0.369107947558583,0.367958801737005
2,1.42983880653854,0.349866561193364,30,"10Days",3,100,"systematic",0.290734061066287,0.806190476190476,1,0.1,-0.891821576546145,1.42544419669054,Inf,0.516142137649699,0.000685722525509691,-0.193123801284014,TRUE,1.34192840240061,1.33518196826383,92.7100634346629,FALSE,NA,NA,NA,TRUE,1.34192849252076,1.33518196832107,92.7105228955264,TRUE,2960.6315791043,38.7066564967496,2.67057115109712,TRUE,20285.1791306245,38.9476025460039,2.58227030667359,-0.0133835885488437,NA,-0.0133835737453354,0.193809523809524,0.193809523809524,-0.207193112358368,NA,-0.207193097554859,0,0,0.709265938933713,NA,0.709265938933713,0.644533557611422,0.638977712382341
1,2.89144845304926,-2.73936121580307,5,"10Days",4,50,"systematic",0.0619933554817276,0.614523809523809,0.97,0.1,-2.71672982303686,0.466368246040977,3.47609868983527,0.885428725349812,0.33289827130773,-0.0225779191684606,TRUE,673.331945441465,3.08649584769951,-2.21607615702169,FALSE,NA,NA,NA,TRUE,795.842713120959,3.08595091161662,-2.21573337553309,FALSE,NA,NA,NA,FALSE,NA,NA,NA,0.385476190476191,NA,0.385476190476191,NA,NA,0.03,NA,0.03,NA,NA,0.0363227498449605,NA,0.0363531416249794,NA,NA
2,-0.288691581030413,-1.5498979076529,5,"10Days",4,50,"systematic",0.0837802562885619,0.601904761904762,0.99,0.1,-2.39205885620508,0.413407961622102,4.59511985013459,0.344543963538843,-0.173580542077357,-0.561675780172595,TRUE,-7.35882467581181,12.5621192199755,10.585949120554,TRUE,-20.5676586582392,12.7014121580524,10.4283294023665,TRUE,-7.36117899165332,12.5621192267231,10.5854768029269,TRUE,6.69397888278174,0.492568132040424,6.69397888278174,FALSE,NA,NA,NA,-0.60126822070897,-0.601904760736395,-0.601269716614692,0.396858423973694,NA,-0.989363458804208,-0.989999998831633,-0.98936495470993,0.00876318587845604,NA,0.916194475777233,0.916190162140216,0.916194463840225,0.914982929589894,NA
1,0.34755243326723,-1.52195665826781,10,"10Days",4,50,"systematic",0.0619933554817276,0.614523809523809,0.97,0.1,-2.71672982303686,0.466368246040977,3.47609868983527,0.524030569319082,-0.0284998847229991,-0.38397607519919,TRUE,0.652418175588701,8.00723150979396,-4.25848563738312,TRUE,0.963967135803387,8.25692872382949,-846.605656215443,TRUE,0.652422318373837,8.00723150651088,-4.25837924599277,TRUE,0.744621231475077,9.23413573929951,1.26721831319784e-05,TRUE,0.79996480271157,8.77639777321247,0,0.0430313764067796,0.109391578796677,0.0430323092634621,0.0634817551247341,0.075443142512174,-0.312444814069411,-0.246084611679514,-0.312443881212729,-0.291994435351457,-0.280033047964017,-0.0480469050623681,-0.0619933554817276,-0.0480454418979514,0.438009812564055,0.438006644518272
2,-0.113695590781703,-1.04725532498453,10,"10Days",4,50,"systematic",0.0837802562885619,0.601904761904762,0.99,0.1,-2.39205885620508,0.413407961622102,4.59511985013459,0.387826425390881,-0.130298080225319,-0.518393318320557,TRUE,1567.43421756727,39.4926807902849,4.85874149458073,TRUE,-2.42123267407768,20.0698808139354,18.1971067353371,TRUE,-0.525273435968218,16.8429074826345,13.4067651682998,TRUE,6.69397889235255,1.07044004968807,6.69397889235255,FALSE,NA,NA,NA,0.398095238095238,-0.5203368993062,-0.230284804816069,0.396858423985517,NA,0.01,-0.908432137401438,-0.618380042911306,0.0087631858902788,NA,0.908519257307852,0.916219731206056,0.916218238785202,0.914982929601717,NA
1,-0.085401645011507,-1.01306886089024,15,"10Days",4,50,"systematic",0.0619933554817276,0.614523809523809,0.97,0.1,-2.71672982303686,0.466368246040977,3.47609868983527,0.416669200305058,-0.135861253737023,-0.491337444213214,TRUE,0.419985687079673,8.86540065664992,-5.60083536732384,FALSE,NA,NA,NA,TRUE,0.419982458908805,8.86540065168624,-5.60118667834136,FALSE,NA,NA,NA,TRUE,0.493814841277867,10.0936896327789,0,-0.0110439846202792,NA,-0.0110447570957612,NA,0.00648088927237056,-0.36652017509647,NA,-0.366520947571952,NA,-0.34899530120382,-0.0583121806659749,NA,-0.0583134689179768,NA,0.438006644518272
2,0.0848814647760877,-1.07621454312971,15,"10Days",4,50,"systematic",0.0837802562885619,0.601904761904762,0.99,0.1,-2.39205885620508,0.413407961622102,4.59511985013459,0.437427378258978,-0.0806971273572223,-0.46879236545246,TRUE,-0.15526812715279,18.0454384937973,14.0133166166935,TRUE,-1.14349175391438,23.570785024457,35.2444583534046,TRUE,-0.155269824975491,18.0454384994497,14.0132859286059,TRUE,6.69397891465895,1.31602931869421,6.69397891465895,FALSE,NA,NA,NA,-0.140643997205138,-0.360224914174891,-0.140644419112815,0.396858424013071,NA,-0.528739235300376,-0.748320152270129,-0.528739657208053,0.00876318591783354,NA,0.916218923183139,0.916219743711438,0.916218923157958,0.914982929629272,NA
1,0.369213796932239,-1.01308656918242,20,"10Days",4,50,"systematic",0.0619933554817276,0.614523809523809,0.97,0.1,-2.71672982303686,0.466368246040977,3.47609868983527,0.529275634920719,-0.0232548191213624,-0.378731009597553,TRUE,0.33398548476438,9.3013845934937,-6.57757215019672,FALSE,NA,NA,NA,TRUE,0.333983405896245,9.30138459499223,-6.57806172520238,TRUE,0.239074886978905,11.9937954589945,0.222381253054952,TRUE,0.37784172313129,10.720710060902,0,-0.0317950200122349,NA,-0.0317955255014727,-0.0550381523964255,-0.0211713620117694,-0.387271210488426,NA,-0.387271715977664,-0.410514342872616,-0.37664755248796,-0.0606040654157587,NA,-0.0606047444667338,0.493373970319022,0.438006644518272
2,0.0472999278763407,-0.698493407950182,20,"10Days",4,50,"systematic",0.0837802562885619,0.601904761904762,0.99,0.1,-2.39205885620508,0.413407961622102,4.59511985013459,0.428042521520886,-0.0900819840953143,-0.478177222190552,TRUE,-0.0291021947188738,18.6803001279967,14.2182958299881,TRUE,-0.698534107023391,25.5550559064497,101.345617952135,TRUE,-0.0291085622980045,18.68030016627,14.2181137010848,TRUE,6.69397893126213,1.72829718007893,6.69397893126213,FALSE,NA,NA,NA,-0.109179797133238,-0.269767446638587,-0.109181388690936,0.396858424033581,NA,-0.497275035228476,-0.657862684733825,-0.497276626786174,0.00876318593834313,NA,0.916219075256265,0.916219743711438,0.916219075134509,0.914982929649781,NA
1,0.454775276072756,-0.75954434858937,30,"10Days",4,50,"systematic",0.0619933554817276,0.614523809523809,0.97,0.1,-2.71672982303686,0.466368246040977,3.47609868983527,0.549780641450882,-0.00274981259119988,-0.358226003067391,TRUE,0.304158191699907,9.9853621420706,-7.07976558012025,FALSE,NA,NA,NA,TRUE,0.304159303873382,9.98536214210564,-7.07926395374273,TRUE,119.171960664686,12.6030376254239,0.171444164932017,TRUE,0.330860018131704,11.4445684358443,0,-0.0390651042110548,NA,-0.0390648325004428,0.385476190476191,-0.0325551917481315,-0.394541294687246,NA,-0.394541022976634,0.03,-0.388031382224322,-0.061152093299798,NA,-0.0611516715499156,0.480763008507445,0.438006644518272
2,0.37813839415387,-0.602031263451836,30,"10Days",4,50,"systematic",0.0837802562885619,0.601904761904762,0.99,0.1,-2.39205885620508,0.413407961622102,4.59511985013459,0.509643771603316,-0.00848073401288441,-0.396575972108122,TRUE,0.086543756782549,19.388757409394,14.3952530847617,TRUE,-0.373829754831831,27.9950034467746,1749.77711829513,TRUE,0.0865185812809663,19.3887573938139,14.3939865633997,TRUE,6.69397894202285,2.61219571519346,6.69397894202285,FALSE,NA,NA,NA,-0.080282316713269,-0.194288818970155,-0.0802885988217784,0.396858424046874,NA,-0.468377554808507,-0.582384057065392,-0.468383836917016,0.00876318595163583,NA,0.916219183669208,0.916219743711438,0.916219182959453,0.914982929663074,NA
1,0.524901467790292,-0.381085546527218,5,"10Days",4,100,"systematic",0.255839265938934,0.794761904761905,1,0.1,-1.06770767204216,1.35387183355809,Inf,0.372453911350275,-0.166468727472696,-0.371706822710791,TRUE,0.923982095966424,0.362290327726222,-0.997142759557054,TRUE,1.43585847529241,0.372008734742354,-1.24764990724808,TRUE,0.923986886558605,0.362290327867399,-0.997133138926871,TRUE,0.860735819907334,0.302977183607467,1.18231235510116e-28,TRUE,0.825484376062356,0.35624283800833,3.74061383360832e-16,-0.0789091148350589,0.0130505884313112,-0.0789081403933375,-0.0919475394791143,-0.0993626255925607,-0.284147210073154,-0.192187506806784,-0.284146235631432,-0.297185634717209,-0.304600720830656,0.0136642937338902,-0.0327320497113855,0.0136661877649365,0.244160734061066,0.244160734061066
2,1.25699440476371,-0.763360065543682,5,"10Days",4,100,"systematic",0.290734061066287,0.806190476190476,1,0.1,-0.891821576546145,1.42544419669054,Inf,0.487774216348028,-0.0276821987761608,-0.221491722585685,TRUE,9.54128711934395,183.916177412934,-17.4594178273944,TRUE,11.7614579924225,191.634561305924,-1301.9902460021,TRUE,9.54085179021379,183.916177976801,-17.4636427445765,FALSE,NA,NA,NA,FALSE,NA,NA,NA,0.193737704626252,0.193801724425447,0.19373767335671,NA,NA,-7.18191832720372e-05,-7.79938407724501e-06,-7.18504528139929e-05,NA,NA,-0.290734034916319,-0.290734061066287,-0.290734035026567,NA,NA
1,1.04654544875492,-0.135653313517958,10,"10Days",4,100,"systematic",0.255839265938934,0.794761904761905,1,0.1,-1.06770767204216,1.35387183355809,Inf,0.484271713015755,-0.0546509258072163,-0.259889021045311,TRUE,0.935089601410453,0.428671470791534,-1.01971898205349,TRUE,1.19491456229215,0.448041096830856,-2.02406032245796,TRUE,0.935088642726505,0.428671470754286,-1.01972530371034,TRUE,0.894782077172852,0.365388098401736,6.24354152783531e-26,TRUE,0.893853069611211,0.423121851066962,6.14088060930625e-14,-0.0766551912588262,-0.027143027481801,-0.0766553853247421,-0.0848858660272624,-0.0850772343360747,-0.281893286496921,-0.232381122719896,-0.281893480562837,-0.290123961265357,-0.29031532957417,0.00924287709825805,-0.139139468802342,0.00924164555535467,0.244160734061066,0.244160734061081
2,1.36879156970532,-0.23231515352876,10,"10Days",4,100,"systematic",0.290734061066287,0.806190476190476,1,0.1,-0.891821576546145,1.42544419669054,Inf,0.506450782244985,-0.00900563287920442,-0.202815156688728,TRUE,4.41150558232106,302.852662125845,-22.7655181492474,TRUE,4.04396630195382,314.0526670969,2.14825550109102,TRUE,4.41149362470991,302.852661559879,-22.7779750317521,TRUE,7.98999821608177,217.251133092049,7.98999821608177,FALSE,NA,NA,NA,0.18181817009034,0.176583642094748,0.181818028420984,0.193470803891765,NA,-0.0119913537191836,-0.0172258817147757,-0.0119914953885398,-0.000338719917758801,NA,-0.290734060936551,0.604771586429948,-0.290734060938157,0.708927219015954,NA
1,0.805999492889626,0.155804369195104,15,"10Days",4,100,"systematic",0.255839265938934,0.794761904761905,1,0.1,-1.06770767204216,1.35387183355809,Inf,0.435417100018034,-0.103505538804937,-0.308743634043032,TRUE,0.870494951601862,0.466722048586369,-1.17113804269282,TRUE,0.995861367184544,0.529608190724332,-11.7251213835115,TRUE,0.870496141694458,0.466722048324351,-1.1711166850224,FALSE,NA,NA,NA,TRUE,0.860422491795287,0.448827238872212,6.849631827946e-16,-0.0899132280687618,-0.0645178084303983,-0.0899129804855056,NA,-0.0920129873314852,-0.295151323306857,-0.269755903668493,-0.295151075723601,NA,-0.29725108256958,-0.0191899266253675,-0.255831177942131,-0.0191860684167622,NA,0.244160734061066
2,1.42321855498696,-0.139041383437136,15,"10Days",4,100,"systematic",0.290734061066287,0.806190476190476,1,0.1,-0.891821576546145,1.42544419669054,Inf,0.51510842741219,-0.000347987711998954,-0.194157511521523,TRUE,-19.3060785946795,288.619283690662,6.60522637905279,TRUE,-54.8137054702521,288.648662616038,6.56623398095025,TRUE,3.33025855445415,330.363693392703,-21.8754510775395,TRUE,7.98999820275286,228.00663806547,7.98999820275286,TRUE,3.35496755112112,329.950060441685,1.0443817172551e-09,-0.806190472064976,-0.806190476190476,0.159261918404099,0.193470803887252,0.160076652373994,-0.9999999958745,-1,-0.034547605405425,-0.000338719922271857,-0.0337328714355304,0.707914491031326,0.707860829483177,-0.290734060750341,0.708927219011441,0.209265939194808
1,1.24579788119616,0.137984823934045,20,"10Days",4,100,"systematic",0.255839265938934,0.794761904761905,1,0.1,-1.06770767204216,1.35387183355809,Inf,0.520732340830683,-0.0181902979922879,-0.223428393230383,TRUE,0.925598473844549,0.613618139496032,-1.02500166121587,TRUE,1.0587672782969,0.628053987014656,-3.85403457493499,TRUE,0.925598461329544,0.613618139495988,-1.02500192749899,TRUE,0.909601880830811,0.554207103463247,5.6728698968824e-26,TRUE,0.910503152573231,0.611808570434096,8.41752853333886e-13,-0.0785804460776695,-0.0523070046463667,-0.0785804486215391,-0.0818432164136393,-0.0816587924657326,-0.283818541315764,-0.257545099884462,-0.283818543859634,-0.287081311651734,-0.286896887703828,0.00821501731034341,-0.235085076654033,0.00821496556364981,0.244160734061066,0.244160734061276
2,1.35422654001192,0.0507901776028909,20,"10Days",4,100,"systematic",0.290734061066287,0.806190476190476,1,0.1,-0.891821576546145,1.42544419669054,Inf,0.504085695738368,-0.0113707193858208,-0.205180243195345,TRUE,-0.566048681041987,293.370712680703,6.76840165535455,TRUE,-5.77581784525303,294.477448167374,6.52235343302011,TRUE,-0.56658546903584,293.370713635506,6.7682039092534,FALSE,NA,NA,NA,TRUE,20.4938576339853,291.893698391458,6.56191805337305,-0.444041406115877,-0.803098406795061,-0.444165393419477,NA,0.193809522551669,-0.637850929925401,-0.996907930604585,-0.637974917229001,NA,-1.2578553754139e-09,0.708117728307588,0.70779789226457,0.708117501491746,NA,0.707854760603428
1,1.12116641585813,0.309499464528027,30,"10Days",4,100,"systematic",0.255839265938934,0.794761904761905,1,0.1,-1.06770767204216,1.35387183355809,Inf,0.498365744571804,-0.0405568942511665,-0.245794989489261,TRUE,1.01534519576353,0.816367914049622,-0.715011573353926,TRUE,1.15221140111406,0.710094500936146,-1.7751528234992,TRUE,1.01534422456581,0.816367913512246,-0.715027987967023,TRUE,0.983499535580963,0.82819373086954,6.02853376598217e-26,TRUE,0.990687586624725,0.872586697896266,4.89333656580242e-07,-0.0606969958817575,-0.0348472982029921,-0.06069718547282,-0.0669598562158163,-0.0655381925746229,-0.265935091119852,-0.240085393441087,-0.265935280710915,-0.272197951453911,-0.270776287812718,0.0726531469206095,-0.110936571212508,0.0726495261109509,0.244160734061066,0.24416085639448
2,1.52801024678173,0.22803161080901,30,"10Days",4,100,"systematic",0.290734061066287,0.806190476190476,1,0.1,-0.891821576546145,1.42544419669054,Inf,0.530980941955916,0.0155245268317273,-0.178284996977797,TRUE,0.996367377199661,297.41858936263,6.95431602996961,TRUE,-0.982367020727528,302.029928878126,6.48486366740864,TRUE,2.36558596044719,355.019048378557,-19.2206655836002,TRUE,2523.37594375558,301.625862444117,6.20523450740859,TRUE,129924.955076191,302.428575761604,6.06807923822042,-0.0758467137459347,-0.533768108619344,0.10797465946728,0.193809523809524,0.193809523809524,-0.269656237555459,-0.727577632428868,-0.085834864342244,0,0,0.708312342576111,0.707741896338568,-0.290734056572929,0.707251171096772,0.706955671936692
1,-0.835398243642533,-1.50408753328955,5,"24Hours",2,50,"systematic",0.0619933554817276,0.614523809523809,0.97,0.1,-2.71672982303686,0.466368246040977,3.47609868983527,0.24051149583142,-0.312018958210662,-0.667495148686853,TRUE,-2395.89541742817,25.1561720836136,7.15600126826439,FALSE,NA,NA,NA,TRUE,-1946.07843340128,25.1576119091945,7.15582661934509,TRUE,5.53324906515077,3.69960854000619,5.53324906515069,TRUE,5.50900981405885,3.24494244427209,5.50900981405884,-0.614523809523809,NA,-0.614523809523809,0.381538631891657,0.381442411980011,-0.97,NA,-0.97,0.0260624414154658,0.02596622150382,0.937227084699199,NA,0.937226948644193,0.934069085933738,0.933972866022092
2,-0.0408730068094338,-1.79126890546446,5,"24Hours",2,50,"systematic",0.0837802562885619,0.601904761904762,0.99,0.1,-2.39205885620508,0.413407961622102,4.59511985013459,0.406002914324696,-0.112121591291504,-0.500216829386742,TRUE,-2658.12221567131,22.7614243479629,7.43176171270989,FALSE,NA,NA,NA,TRUE,4.76275177268144,30.8253925741774,-2149.46524185433,TRUE,5.92899118045637,2.33142497326208,5.92899118045637,TRUE,5.92902643561134,2.33152771440343,5.92902643561134,-0.601904761904762,NA,0.389625515877059,0.395441135829403,0.395441229150207,-0.99,NA,0.00153027778182113,0.0073458977341655,0.00734599105496936,0.915627950731843,NA,-0.0837802562885619,0.913565641445604,0.913565734766407
1,-0.569943317322544,-1.17865419014677,10,"24Hours",2,50,"systematic",0.0619933554817276,0.614523809523809,0.97,0.1,-2.71672982303686,0.466368246040977,3.47609868983527,0.299256548704311,-0.253273905337771,-0.608750095813962,TRUE,-1774.96076513457,57.7308948651609,6.65614924870238,FALSE,NA,NA,NA,TRUE,-1519.79270223154,57.7327049717709,6.65624478085777,TRUE,4.86338595367469,41.9353182551418,4.86338595367469,FALSE,NA,NA,NA,-0.614523809523809,NA,-0.614523809523809,0.37781111223876,NA,-0.97,NA,-0.97,0.0223349217625687,NA,0.936722207162119,NA,0.936722329703743,0.930341566280841,NA
2,2.21762514535624,-2.13927830170635,10,"24Hours",2,50,"systematic",0.0837802562885619,0.601904761904762,0.99,0.1,-2.39205885620508,0.413407961622102,4.59511985013459,0.818040870862147,0.299916365245947,-0.0881788728492912,TRUE,2.24147063991214,44.6638795390612,7.24930946095408,TRUE,0.160069763654499,45.3597887981979,7.00146689175242,TRUE,2.2413753926128,44.6638794472986,7.24886391699817,TRUE,1849.83601463074,45.8746809473294,6.30050787501619,TRUE,10999.7593679739,46.0388476176043,6.19381383580599,0.302007504535357,-0.0619725476311507,0.301999231524236,0.398095238095238,0.398095238095238,-0.0860877335598814,-0.450067785726389,-0.0860960065710017,0.01,0.01,0.915509583436115,0.915310026735946,0.91550926718285,0.914387733731497,0.91418188113621
1,0.425962511051871,-1.50387616206442,15,"24Hours",2,50,"systematic",0.0619933554817276,0.614523809523809,0.97,0.1,-2.71672982303686,0.466368246040977,3.47609868983527,0.542915786880356,-0.00961466716172532,-0.365090857637916,TRUE,-207.653084801159,61.3984275833166,6.16511578016718,TRUE,-1466469.47660427,61.3939249527493,6.14465015571177,TRUE,-197.289704873766,61.3987241068876,6.16617050014408,TRUE,4.86338594518909,48.8506987399143,4.86338594518909,FALSE,NA,NA,NA,-0.614523809523809,-0.614523809523809,-0.614523809523809,0.377811112174215,NA,-0.97,-0.97,-0.97,0.0223349216980245,NA,0.935909576413183,0.935866309228576,0.935911782435777,0.930341566216297,NA
2,1.39151336497976,-1.42711705137885,15,"24Hours",2,50,"systematic",0.0837802562885619,0.601904761904762,0.99,0.1,-2.39205885620508,0.413407961622102,4.59511985013459,0.717053477059314,0.198928971443114,-0.189166266652124,TRUE,3.90704168342076,78.5323137874723,6.96574915978249,TRUE,3.75962874669418,80.1030308321312,7.86188373961369,TRUE,3.90694052556528,78.5323148475607,6.96747309451568,TRUE,8.35008519354047,81.9903333057314,4.18215415737025,TRUE,7.85373421086139,81.9903336407574,4.1820544544592,0.378391407635897,0.375333037906286,0.378389453617348,0.397858917575997,0.397707089546779,-0.00970383045934053,-0.0127622001889521,-0.00970578447789006,0.00976367948075874,0.00961185145154098,0.915276977636202,0.915834744323378,0.91527859997497,0.901183690259258,0.901182213590682
1,0.954405902419743,-1.02962016070926,20,"24Hours",2,50,"systematic",0.0619933554817276,0.614523809523809,0.97,0.1,-2.71672982303686,0.466368246040977,3.47609868983527,0.660007021305714,0.107476567263632,-0.247999623212559,TRUE,-0.370354157852251,72.4844683571285,6.79745267510572,TRUE,-3.69447255559186,73.5053080480722,6.70605283019171,TRUE,-0.370363380032984,72.484468364219,6.79744644532714,TRUE,4.86338596108062,58.5533175455999,4.86338596108062,FALSE,NA,NA,NA,-0.206068362206899,-0.590266302041376,-0.20607059046459,0.377811112295092,NA,-0.56154455268309,-0.945742492517567,-0.561546780940781,0.0223349218189006,NA,0.936891274047044,0.936784655697098,0.936891267106262,0.930341566337173,NA
2,3.16170404636526,-1.53544859676004,20,"24Hours",2,50,"systematic",0.0837802562885619,0.601904761904762,0.99,0.1,-2.39205885620508,0.413407961622102,4.59511985013459,0.875587168563032,0.357462662946832,-0.0306325751484062,TRUE,4.01374642520148,108.970972262146,6.87875950038824,TRUE,3.91770115441239,110.468562132771,8.32839847139683,TRUE,4.0137189402934,108.970972447235,6.87782063447594,TRUE,42.9815362325674,112.023021408534,4.27894805941599,TRUE,18.2418921010391,112.023494888646,4.27728059052028,0.380350225240882,0.378596250925703,0.380349746169083,0.398095238095238,0.398095226137558,-0.00774501285435614,-0.0094989871695349,-0.00774549192615481,0.01,0.00999998804232038,0.915191382078861,0.915978243449641,0.915190417126077,0.90255191063105,0.902529413204881
1,0.693147287057987,-0.847297888923124,30,"24Hours",2,50,"systematic",0.0619933554817276,0.614523809523809,0.97,0.1,-2.71672982303686,0.466368246040977,3.47609868983527,0.60467333485117,0.0521428808090887,-0.303333309667102,TRUE,0.549611680222049,90.202630774835,7.12323878737323,TRUE,-0.905752074590652,93.7598943461682,7.22561553062775,TRUE,0.549797179519814,90.2026307050267,7.12377121616584,TRUE,24.509367066602,92.3087329549973,6.44836699882126,FALSE,NA,NA,NA,0.0195216836386521,-0.326653929432062,0.0195647243053358,0.385476190453507,NA,-0.335954506837539,-0.682130119908253,-0.335911466170855,0.0299999999773162,NA,0.937201142310253,0.937279469210187,0.937201570723487,0.9364260415074,NA
2,2.22482512428242,-1.32169451821149,30,"24Hours",2,50,"systematic",0.0837802562885619,0.601904761904762,0.99,0.1,-2.39205885620508,0.413407961622102,4.59511985013459,0.818676513698491,0.300552008082291,-0.0875432300129472,TRUE,252.677007873476,185.557931394189,4.02415222057431,TRUE,78268.2589641918,185.557124783172,4.02416102596689,TRUE,4.35215365281852,185.545188106577,6.51939536244254,TRUE,187.417905670922,185.513796849079,4.02549397723537,TRUE,52.493766145454,185.530124595217,4.02372706437397,0.398095238095238,0.398095238095238,0.385379953133294,0.398095238095238,0.398095238095238,0.01,0.01,-0.00271528496194418,0.01,0.01,0.898655197939088,0.898655349884583,0.914747354430904,0.898678336354422,0.898647859924882
1,0.858283304110647,-0.500924955510583,5,"24Hours",2,100,"systematic",0.255839265938934,0.794761904761905,1,0.1,-1.06770767204216,1.35387183355809,Inf,0.446462596697485,-0.0924600421254859,-0.297698137363581,TRUE,0.534030515968999,0.407636262776821,41151.6600060332,TRUE,-1.80100142674291,6.77961937399906,3871.02090243878,TRUE,2109.41798432916,20.0797818327398,5.2293406003482,TRUE,39.1487519993973,1.54589210220849,38.0513257067193,FALSE,NA,NA,NA,-0.164339230548566,-0.653032699161947,0.205238095238095,0.205238095238095,NA,-0.369577325786661,-0.858270794400042,0,0,NA,0.744160734061066,0.744160734061066,0.738832222618833,0.744160734061066,NA
2,0.60511051142703,-0.207353228251705,5,"24Hours",2,100,"systematic",0.290734061066287,0.806190476190476,1,0.1,-0.891821576546145,1.42544419669054,Inf,0.3560905774108,-0.159365837713389,-0.353175361522913,TRUE,0.706403167452296,0.909374031128328,-47563.2856605555,FALSE,NA,NA,NA,TRUE,0.706405532055214,0.909485277006981,-16847.469055419,TRUE,0.687761431708388,1.65564332452222,0.000502016496444124,TRUE,0.706251616771479,1.48232756244966,0,-0.136584571449482,NA,-0.136584048319515,-0.140721714976021,-0.136618100449872,-0.330394095259006,NA,-0.330393572129039,-0.334531238785545,-0.330427624259396,-0.290734061066287,NA,-0.290734061066287,0.209391443055188,0.209265938933713
1,0.669741638691233,-0.0951468284561448,10,"24Hours",2,100,"systematic",0.255839265938934,0.794761904761905,1,0.1,-1.06770767204216,1.35387183355809,Inf,0.405606039431016,-0.133316599391955,-0.33855469463005,TRUE,0.513141245364706,0.731026065793261,41588.0035345689,TRUE,-0.707007627127496,9.81401946374115,4703.24878848852,TRUE,0.513122449468938,0.731198257715617,35151.0946258659,TRUE,71.1536699522482,3.0983347384303,66.8870763152518,FALSE,NA,NA,NA,-0.169219338239492,-0.464501522723861,-0.169223740982913,0.205238095238095,NA,-0.374457433477587,-0.669739617961956,-0.374461836221008,0,NA,0.744160734061066,0.744160734061066,0.744160734061066,0.744160734061066,NA
2,0.668810432194549,0.0870371018559195,10,"24Hours",2,100,"systematic",0.290734061066287,0.806190476190476,1,0.1,-0.891821576546145,1.42544419669054,Inf,0.370502682852059,-0.14495373227213,-0.338763256081654,TRUE,0.630831495706548,1.1056906149993,-51698.178857338,FALSE,NA,NA,NA,TRUE,0.630830277201312,1.1058065537355,-16828.8902134864,TRUE,0.60929206815962,2.01871246963157,0.00541134023698006,TRUE,0.630380904821132,1.689007389898,0,-0.153512498784281,NA,-0.153512775006596,-0.158411179841277,-0.153614650003405,-0.347322022593805,NA,-0.34732229881612,-0.352220703650801,-0.347424173812929,-0.290734061066287,NA,-0.290734061066287,0.210618770691757,0.209265938933713
1,1.15572796178449,-0.0540672247969316,15,"24Hours",2,100,"systematic",0.255839265938934,0.794761904761905,1,0.1,-1.06770767204216,1.35387183355809,Inf,0.504716330882888,-0.0342063079400825,-0.239444403178178,TRUE,0.608541388310716,1.14672472502782,51635.3077975598,FALSE,NA,NA,NA,TRUE,1311.73534617281,33.844709805677,2.04735912400312,TRUE,50.5023987289652,6.3287003952872,48.5074701673594,FALSE,NA,NA,NA,-0.147153903482144,NA,0.205238095238095,0.205238095238095,NA,-0.352391998720239,NA,0,0,NA,0.744160734061066,NA,0.629841234854692,0.744160734061066,NA
2,0.965821016605214,0.154150702796985,15,"24Hours",2,100,"systematic",0.290734061066287,0.806190476190476,1,0.1,-0.891821576546145,1.42544419669054,Inf,0.433551693541809,-0.08190472158238,-0.275714245391904,TRUE,0.677034651328355,1.22429142176206,-48213.2758925124,FALSE,NA,NA,NA,TRUE,0.677035265169252,1.22440814576527,-16422.7501601238,TRUE,0.887590911260371,2.68195674328024,0.25230864954634,TRUE,0.676638209003487,1.82825088912703,0,-0.143113934905188,NA,-0.143113797769437,-0.0977977050403139,-0.143202508240887,-0.336923458714712,NA,-0.336923321578961,-0.291607228849838,-0.337012032050411,-0.290734061066287,NA,-0.290734061066287,0.272010595350437,0.209265938933713
1,0.440583092837183,0.579826427689475,20,"24Hours",2,100,"systematic",0.255839265938934,0.794761904761905,1,0.1,-1.06770767204216,1.35387183355809,Inf,0.352558695384543,-0.186363943438428,-0.391602038676523,TRUE,0.589275535788618,1.22786904709532,48376.1660592969,FALSE,NA,NA,NA,TRUE,0.589283421031723,1.22806438315492,40377.135854194,TRUE,73.1923324215756,7.82299993731121,68.6583662810803,FALSE,NA,NA,NA,-0.151563002057301,NA,-0.151561192442777,0.205238095238095,NA,-0.356801097295396,NA,-0.356799287680872,0,NA,0.744160734061066,NA,0.744160734061066,0.744160734061066,NA
2,0.873580134171078,0.385430803476794,20,"24Hours",2,100,"systematic",0.290734061066287,0.806190476190476,1,0.1,-0.891821576546145,1.42544419669054,Inf,0.4147560419263,-0.100700373197889,-0.294509897007413,TRUE,0.734174860678321,1.44535557325735,-36344.8477009156,FALSE,NA,NA,NA,TRUE,0.734175146433699,1.445435263506,-18100.0291173751,TRUE,0.943790724393114,2.74387737406015,0.2536077032138,TRUE,0.952170483008474,2.73176347704079,0.21258347760796,-0.130469728601266,NA,-0.130469665985916,-0.0863257464552241,-0.084639006060871,-0.32427925241079,NA,-0.32427918979544,-0.280135270264748,-0.278448529870395,-0.290734061066287,NA,-0.290734061066287,0.272330218436427,0.262212562543272
1,0.668874509268171,0.826674446329787,30,"24Hours",2,100,"systematic",0.255839265938934,0.794761904761905,1,0.1,-1.06770767204216,1.35387183355809,Inf,0.40541183126941,-0.133510807553561,-0.338748902791656,TRUE,0.601599954775953,1.29751470000078,49410.360479114,FALSE,NA,NA,NA,TRUE,0.601597624481656,1.29763528839941,43593.1283427824,TRUE,468.583701036666,11.7906953120045,310.835194485631,TRUE,80631.840189179,11.7910013770776,179.748378610317,-0.14873963946038,NA,-0.148740172346431,0.205238095238095,0.205238095238095,-0.353977734698475,NA,-0.353978267584526,0,0,0.744160734061066,NA,0.744160734061066,0.744160734061066,0.744160734061066
2,0.90820790323745,0.661220641863585,30,"24Hours",2,100,"systematic",0.290734061066287,0.806190476190476,1,0.1,-0.891821576546145,1.42544419669054,Inf,0.421899243319773,-0.0935571718044165,-0.28736669561394,TRUE,1.15520709720139,3.20226890984133,0.121802736127452,TRUE,0.983273810205105,2.9512414831854,-700.320069942304,TRUE,1.15521268833848,3.20226890981923,0.121806848552747,TRUE,1.09475618178511,3.2315646337329,0.267483122562458,TRUE,1.12546927877401,3.22623139964762,0.230716662621882,-0.0457297472974365,-0.078433147546203,-0.0457287288162219,-0.0569141930166182,-0.0511886745255562,-0.23953927110696,-0.272242671355727,-0.239538252625746,-0.250723716826142,-0.24499819833508,0.239679031776027,-0.290734061066287,0.23968005607841,0.275740850126548,0.26669060319564
1,0.564603442756726,-2.53845064016841,5,"24Hours",3,50,"systematic",0.0619933554817276,0.614523809523809,0.97,0.1,-2.71672982303686,0.466368246040977,3.47609868983527,0.575523662094065,0.0229932080519835,-0.332482982424207,TRUE,-3120.99180390636,17.945067344757,8.33923082330284,FALSE,NA,NA,NA,TRUE,-1563.96570555014,17.952266449542,8.34018247132121,TRUE,6.09131644983875,3.68125578181735,6.09131644983875,FALSE,NA,NA,NA,-0.614523809523809,NA,-0.614523809523809,0.383218868925207,NA,-0.97,NA,-0.97,0.0277426784490157,NA,0.937767745532926,NA,0.937767972718293,0.935749322967288,NA
2,-0.0422308076289022,-1.44551597042968,5,"24Hours",3,50,"systematic",0.0837802562885619,0.601904761904762,0.99,0.1,-2.39205885620508,0.413407961622102,4.59511985013459,0.405663610611062,-0.112460895005138,-0.500556133100376,TRUE,2617.39496284047,27.5513760229228,5.29673296754936,TRUE,-3.29909814975053,8.39017832761493,4121.4515969859,TRUE,-0.437509057923307,0.434412733667541,24853.9143397611,FALSE,NA,NA,NA,FALSE,NA,NA,NA,0.398095238095238,-0.566302620904014,-0.209570091222742,NA,NA,0.01,-0.954397858999252,-0.597665329317979,NA,NA,0.911236769813203,0.916219743711438,0.916219743711438,NA,NA
1,0.105468803738311,-1.49176347383376,10,"24Hours",3,50,"systematic",0.0619933554817276,0.614523809523809,0.97,0.1,-2.71672982303686,0.466368246040977,3.47609868983527,0.464349430943373,-0.0881810230987083,-0.443657213574899,TRUE,-1.98671414825232,59.7097396101857,7.72919735455267,TRUE,-7.57932004425624,59.8939621699234,7.65708190243831,TRUE,-1.9866201781404,59.7097396018962,7.72923379485677,TRUE,6.09131648345632,46.8016741814039,6.09131648345632,TRUE,17.4986597031988,59.3027833152266,7.41195985328951,-0.493918885888708,-0.614013161917908,-0.493908919121946,0.383218869000921,0.385476165332523,-0.849395076364899,-0.969489352394099,-0.849385109598137,0.0277426785247301,0.0299999748563318,0.937567040878111,0.937534183103158,0.937567056890068,0.935749323043003,0.937403023286693
2,-0.538330351711222,-0.68735603859974,10,"24Hours",3,50,"systematic",0.0837802562885619,0.601904761904762,0.99,0.1,-2.39205885620508,0.413407961622102,4.59511985013459,0.284795814129218,-0.233328691486982,-0.62142392958222,TRUE,1661.68694857379,39.8402495332496,2.59077713931333,TRUE,-2.02593943749434,12.3759427449056,5131.90081420043,TRUE,-0.507849907247873,1.00793069578335,18963.5140143944,FALSE,NA,NA,NA,FALSE,NA,NA,NA,0.398095238095238,-0.485398526267144,-0.226207069343751,NA,NA,0.01,-0.873493764362382,-0.614302307438989,NA,NA,0.846485391866483,0.916219743711438,0.916219743711438,NA,NA
1,0.484385806641105,-1.29222327173215,15,"24Hours",3,50,"systematic",0.0619933554817276,0.614523809523809,0.97,0.1,-2.71672982303686,0.466368246040977,3.47609868983527,0.556789627450481,0.00425917340839954,-0.351217017067791,TRUE,-0.161450450263043,61.5338119637452,8.31571299096082,TRUE,-2.52043664257053,62.882534199173,8.46014847330887,TRUE,-0.161596430177381,61.5338119406021,8.31539077032443,FALSE,NA,NA,NA,FALSE,NA,NA,NA,-0.154798974869205,-0.540085953251227,-0.154835232842146,NA,NA,-0.510275165345396,-0.895562143727418,-0.510311423318337,NA,NA,0.937762061949983,0.937794948712368,0.937761983147019,NA,NA
2,0.351423074625875,-1.2570671416742,15,"24Hours",3,50,"systematic",0.0837802562885619,0.601904761904762,0.99,0.1,-2.39205885620508,0.413407961622102,4.59511985013459,0.503182371928326,-0.0149421336878738,-0.403037371783112,TRUE,1319.54465115528,48.9455080361478,1.38786508597536,FALSE,NA,NA,NA,TRUE,1678.99760062833,48.9445394028172,1.38812635334833,FALSE,NA,NA,NA,FALSE,NA,NA,NA,0.398095238095238,NA,0.398095238095238,NA,NA,0.01,NA,0.01,NA,NA,0.716470941267994,NA,0.716512701377203,NA,NA
1,1.13905456590757,-1.60549340887469,20,"24Hours",3,50,"systematic",0.0619933554817276,0.614523809523809,0.97,0.1,-2.71672982303686,0.466368246040977,3.47609868983527,0.695512658399176,0.142982204357095,-0.212493986119096,TRUE,0.107021760098293,62.8474789332763,8.5613291469825,TRUE,-1.4032706426514,65.7258365914041,9.13559736193381,TRUE,0.107007923628082,62.8474789521726,8.56126560720759,TRUE,6.09131641706464,49.9828594313066,6.09131641706464,TRUE,27.1796402715075,62.3305889242503,7.54597855080802,-0.0877938775865891,-0.417226186773292,-0.0877973268194082,0.383218868851392,0.38547619047462,-0.44327006806278,-0.772702377249483,-0.443273517295599,0.0277426783752012,0.0299999999984295,0.937815316359122,0.937898895411286,0.937815304204114,0.935749322893474,0.9374786932859
2,0.0572860570353848,-0.705779011148064,20,"24Hours",3,50,"systematic",0.0837802562885619,0.601904761904762,0.99,0.1,-2.39205885620508,0.413407961622102,4.59511985013459,0.430537342688195,-0.0875871629280047,-0.475682401023243,FALSE,NA,NA,NA,FALSE,NA,NA,NA,TRUE,1250.37285898818,52.8548097765295,0.855666313787195,TRUE,5.48176223185386,32.7652356215899,4.02221291399207,FALSE,NA,NA,NA,NA,NA,0.398095238095238,0.39395049960823,NA,NA,NA,0.01,0.00585526151299176,NA,NA,NA,0.617974172315943,0.898621701873574,NA
1,0.763204693955706,-0.742038735276873,30,"24Hours",3,50,"systematic",0.0619933554817276,0.614523809523809,0.97,0.1,-2.71672982303686,0.466368246040977,3.47609868983527,0.620055747318335,0.0675252932762539,-0.287950897199937,TRUE,0.503925379947008,69.5127982901864,8.9533306371234,TRUE,-0.222897017661825,76.6816306668378,10.9359151969983,TRUE,0.503924209479148,69.5127982799814,8.95331615097446,TRUE,6.09131647356228,61.4443857926394,6.09131647356228,TRUE,27.1630598827351,73.7921152503557,7.54569174700366,0.00885755613204398,-0.170018491739171,0.00885728133302632,0.383218868978637,0.385476190474594,-0.346618634344147,-0.525494682215362,-0.346618909143165,0.0277426785024465,0.0299999999984033,0.937877355464651,0.937988837769071,0.937877353591979,0.935749323020719,0.937478541925739
2,0.119254395055997,-0.581273973771689,30,"24Hours",3,50,"systematic",0.0837802562885619,0.601904761904762,0.99,0.1,-2.39205885620508,0.413407961622102,4.59511985013459,0.445998059536245,-0.0721264460799549,-0.460221684175193,FALSE,NA,NA,NA,FALSE,NA,NA,NA,TRUE,782.781789595299,55.6298034878247,0.442429131858324,FALSE,NA,NA,NA,FALSE,NA,NA,NA,NA,NA,0.398095238095238,NA,NA,NA,NA,0.01,NA,NA,NA,NA,0.525057435495871,NA,NA
1,0.544877103355119,-0.382505551862251,5,"24Hours",3,100,"systematic",0.255839265938934,0.794761904761905,1,0.1,-1.06770767204216,1.35387183355809,Inf,0.377106959208015,-0.161815679614956,-0.367053774853051,TRUE,0.529399904338586,0.163505021876903,-0.556296802986763,TRUE,0.802540003295404,0.161562398513988,-0.749754315288151,TRUE,0.529378430862499,0.163505021684913,-0.556319346709505,TRUE,743.527080132621,0.197665939012088,0.0083209495598321,FALSE,NA,NA,NA,-0.165418766452313,-0.10424435464242,-0.165423775591564,0.205238095238095,NA,-0.370656861690408,-0.309482449880515,-0.370661870829659,0,NA,0.108565474325678,0.0650355707108851,0.108560252901518,0.246240959448449,NA
2,0.206164654279949,-0.113878963014528,5,"24Hours",3,100,"systematic",0.290734061066287,0.806190476190476,1,0.1,-0.891821576546145,1.42544419669054,Inf,0.260625316903549,-0.25483109822064,-0.448640622030164,TRUE,0.752275239905522,1.0658732384777,-0.340149878976234,TRUE,0.962701273450547,1.0773292354194,-0.620981189678856,TRUE,0.752286316990892,1.06587323641087,-0.340064476382575,TRUE,0.760999190626082,1.03730222560913,0.0431316427109213,TRUE,0.752429507484877,1.05249481471505,0.0139441245437211,-0.126516215871499,-0.0825281572212575,-0.126513804204729,-0.124619846623115,-0.126482630103208,-0.320325739681023,-0.276337681030781,-0.320323328014253,-0.318429370432639,-0.320292153912732,0.125039009062513,0.0588242669907916,0.125059753999132,0.220047178266954,0.212751913585821
1,0.836967625474241,-0.1470426278087,10,"24Hours",3,100,"systematic",0.255839265938934,0.794761904761905,1,0.1,-1.06770767204216,1.35387183355809,Inf,0.441986912843928,-0.0969357259790428,-0.302173821217138,TRUE,1.03543519038584,0.248924942028449,-0.481390775380913,TRUE,1.6174622512262,0.252874540964901,-0.530369782878214,TRUE,1.03542424580908,0.248924941983031,-0.481398208616519,TRUE,0.812442950039904,0.251469034520094,0.00303493028759702,TRUE,0.858183959045241,0.269466278976005,5.19327735793396e-05,-0.0567936416095464,0.0396829410552323,-0.0567957579799672,-0.102132067073386,-0.0924808130087863,-0.262031736847641,-0.165555154182863,-0.262033853218062,-0.307370162311481,-0.297718908246881,0.126084501763137,0.114591380238404,0.126082747089921,0.244919466050588,0.244173717254458
2,0.575364873462965,-2.74827737309258e-07,10,"24Hours",3,100,"systematic",0.290734061066287,0.806190476190476,1,0.1,-0.891821576546145,1.42544419669054,Inf,0.349266106793782,-0.166190308330407,-0.359999832139931,TRUE,0.682566096311857,1.09056071084751,-0.437430190166455,TRUE,0.752740660215252,1.11158489737748,-84.7151986666754,TRUE,0.682552964237102,1.09056070622551,-0.437633115303601,TRUE,0.688693086832767,1.06731345368002,0.0464971420242595,TRUE,0.685087367692863,1.0792777170616,0.0117648024639907,-0.141879293531566,-0.126414894358119,-0.141882222014656,-0.140514341812865,-0.141317278511843,-0.33568881734109,-0.320224418167643,-0.33569174582418,-0.334323865622389,-0.335126802321367,0.10161941249351,-0.290734061066287,0.101571033716945,0.220888130598979,0.212207105625741
1,0.742757375337529,0.14508033007746,15,"24Hours",3,100,"systematic",0.255839265938934,0.794761904761905,1,0.1,-1.06770767204216,1.35387183355809,Inf,0.421759257856609,-0.117163380966362,-0.322401476204457,TRUE,0.921452884315904,0.29646020081932,-0.557029506052427,TRUE,1.24458340672064,0.31999163034373,-0.726597602655517,TRUE,0.921458325504557,0.296460200839042,-0.557016748379343,TRUE,0.845239555660487,0.289302893013594,0.00438833128235418,TRUE,0.865742189199623,0.304465903292106,4.27867175710079e-05,-0.0794238563809592,-0.0184010899841351,-0.079422748395597,-0.0951943266130363,-0.090902940311991,-0.284661951619054,-0.22363918522223,-0.284660843633692,-0.300432421851131,-0.296141035550086,0.108395786958598,0.0701025377643491,0.108398741231014,0.245257815121073,0.244171430740457
2,0.66845228834835,0.0974129298351575,15,"24Hours",3,100,"systematic",0.290734061066287,0.806190476190476,1,0.1,-0.891821576546145,1.42544419669054,Inf,0.370422453026988,-0.145033962097201,-0.338843485906725,TRUE,0.759488901824368,1.22528516536913,-0.228386228976167,TRUE,0.859517271738143,1.22118926995141,-0.767382462169922,TRUE,0.759490829902905,1.2252851655534,-0.228357586932867,TRUE,0.75042270509258,1.20304557353658,0.0450490330214544,TRUE,0.751159400406457,1.2164752567799,0.0180636937792221,-0.124947717630949,-0.103630687479972,-0.124947298946792,-0.126919678668449,-0.126759201968947,-0.318757241440473,-0.297440211289496,-0.318756822756316,-0.320729202477973,-0.320568725778471,0.152416274952533,0.0263115430010277,0.152423342907097,0.220526292925524,0.213781739588157
1,0.823408662530586,0.285021096974823,20,"24Hours",3,100,"systematic",0.255839265938934,0.794761904761905,1,0.1,-1.06770767204216,1.35387183355809,Inf,0.439120159169443,-0.0998024796535284,-0.305040574891623,TRUE,0.904969518610706,0.325495721203054,-0.576157855364935,TRUE,1.13564014821057,0.367019204539654,-0.86814973168601,TRUE,0.904969140890745,0.325495721212448,-0.576159473623167,TRUE,0.861030363040829,0.320443337624901,0.00534994493259531,TRUE,0.874699174391244,0.332014924749833,6.15379377835407e-05,-0.0827922360924646,-0.03788363882364,-0.0827923135510724,-0.0918860230101313,-0.0890393479881554,-0.28803033133056,-0.243121734061735,-0.288030408789167,-0.297124118248226,-0.29427744322625,0.103977883498621,0.0398001842094825,0.103977510734915,0.245498217104106,0.244176118545507
2,1.02972416615347,0.117252661232559,20,"24Hours",3,100,"systematic",0.290734061066287,0.806190476190476,1,0.1,-0.891821576546145,1.42544419669054,Inf,0.446128355128033,-0.0693280599961557,-0.26313758380568,TRUE,0.882617306152497,1.3520801337061,0.213348449835748,TRUE,0.954936594513625,1.32434098782073,-0.155005906764691,TRUE,0.882634141807378,1.35208013780674,0.213383354781974,TRUE,0.913220218923334,1.37536035888745,0.377506997584461,TRUE,0.89832089817817,1.36604897876731,0.324026307474076,-0.0988261787025324,-0.0840835936478525,-0.0988226937333283,-0.0925318092847165,-0.0955861516888746,-0.292635702512056,-0.277893117457376,-0.292632217542852,-0.28634133309424,-0.289395675498399,0.262401653451273,0.17059186587035,0.262410281121057,0.302537619561887,0.289571118450072
1,0.851544037011223,0.605003181301883,30,"24Hours",3,100,"systematic",0.255839265938934,0.794761904761905,1,0.1,-1.06770767204216,1.35387183355809,Inf,0.445051673196487,-0.0938709656264839,-0.299109060864579,TRUE,0.913372865267857,0.371608971285477,-0.566511274407565,TRUE,1.0703038161255,0.431064837563664,-1.02859688918371,TRUE,0.913373145287514,0.371608971277565,-0.566509088739663,TRUE,0.886532620465172,0.382675595816993,0.00744842816484882,TRUE,0.895857372992571,0.386086026289201,0.000160772914213388,-0.081072045596974,-0.0501072158019591,-0.0810719883787004,-0.0865877955405497,-0.084664456639338,-0.286310140835069,-0.255345311040054,-0.286310083616795,-0.291825890778645,-0.289902551877433,0.106202953215642,0.00751695093675303,0.106203458034375,0.246022832493327,0.244200927289533
2,0.992662104566984,0.495216138421956,30,"24Hours",3,100,"systematic",0.290734061066287,0.806190476190476,1,0.1,-0.891821576546145,1.42544419669054,Inf,0.438879355993358,-0.076577059130831,-0.270386582940355,TRUE,1.62273461386572,1.4615590873299,0.396648743874612,TRUE,2.25614471340566,1.46032172683401,0.383967118805758,TRUE,1.62272567321772,1.46155908732829,0.396647825130176,TRUE,1.33287916009573,1.46948324444303,0.444593220083973,TRUE,1.42727848050777,1.46660360561168,0.426531097436542,0.0289814450901225,0.098988772967217,0.0289802143187691,-0.0148739933579066,0.000286441105998514,-0.164828078719402,-0.094820750842307,-0.164829309490755,-0.208683517167431,-0.193523082703525,0.307148158122564,0.304095505238939,0.30714793723886,0.318618896193864,0.314310961962137
1,-0.343387589106147,-1.87873438627219,5,"24Hours",4,50,"systematic",0.0619933554817276,0.614523809523809,0.97,0.1,-2.71672982303686,0.466368246040977,3.47609868983527,0.352993471096496,-0.199536982945585,-0.555013173421776,TRUE,1.32102827214347,46.1351781301392,1.23103222916116,TRUE,-1200375.09434319,47.1609858928254,1.53967731177361,TRUE,1.14213123694208,39.7938204185795,-42304.0847868925,TRUE,2.02307689870169,41.6523239399911,2.02306284677677,TRUE,2.21216870094222,39.8571557431973,2.21216867733576,0.1748289238158,-0.614523809523809,0.143546912226278,0.268674982861986,0.286813144874627,-0.180647266660391,-0.97,-0.211929278249913,-0.0868012076142054,-0.0686630456015638,0.71200583196792,0.761424455470834,-0.0619933554817276,0.821203987318157,0.839343596817418
2,-0.330830205939359,-2.05422820921075,5,"24Hours",4,50,"systematic",0.0837802562885619,0.601904761904762,0.99,0.1,-2.39205885620508,0.413407961622102,4.59511985013459,0.334258378697793,-0.183866126918407,-0.571961365013645,TRUE,1.07901144706086,16.9076272609206,18629.8411322236,TRUE,-1.01149097420739,21.9375046236644,3307.99746058325,TRUE,1.07897887278159,16.907671773989,17200.9510392463,TRUE,730.158352636479,20.8037834792136,48.1643100248016,TRUE,9.16934160889796,20.7532354394244,8.81890068476876,0.144402101385974,-0.335216595803377,0.144395933952784,0.398095238095238,0.397991063866953,-0.243693136709264,-0.723311833898615,-0.243699304142454,0.01,0.00989582577171488,0.916219743711438,0.916219743711438,0.916219743711438,0.916219743711438,0.916071854714265
1,0.133838785808155,-1.52927724418278,10,"24Hours",4,50,"systematic",0.0619933554817276,0.614523809523809,0.97,0.1,-2.71672982303686,0.466368246040977,3.47609868983527,0.471416483815016,-0.0811139702270656,-0.436590160703257,TRUE,1.16572829931799,83.1150877087637,1.15755419270884,TRUE,-329852.570995476,84.3273711457646,1.33477976208075,TRUE,1.13857547444059,75.4214890819017,-48187.1133480358,TRUE,1.34038017957465,80.628080017981,1.34038015747322,TRUE,1.47607658858462,78.6157094855143,1.47607658858462,0.147848208491482,-0.614523809523809,0.142894188876074,0.178028645356354,0.199455431533231,-0.207627981984709,-0.97,-0.212582001600117,-0.177447545119837,-0.15602075894296,0.698894659411514,0.729636808929837,-0.0619933554817276,0.730559095764672,0.751985885575312
2,0.173128343114881,-1.61646714130843,10,"24Hours",4,50,"systematic",0.0837802562885619,0.601904761904762,0.99,0.1,-2.39205885620508,0.413407961622102,4.59511985013459,0.459394043194927,-0.0587304624212734,-0.446825700516511,TRUE,0.494036918128107,20.4425053390743,127.032430633111,TRUE,-0.833931400836263,23.9093239112976,3052.47184788351,TRUE,0.49402366933505,20.4425053309175,126.98793751759,TRUE,875.585872744512,22.3287879497647,48.6136078660555,FALSE,NA,NA,NA,0.0191522030195547,-0.299090323486307,0.019149084974553,0.398095238095238,NA,-0.368943035075683,-0.687185561581545,-0.368946153120685,0.01,NA,0.916219743711438,0.916219743711438,0.916219743711438,0.916219743711438,NA
1,0.214750003133876,-1.25795554005307,15,"24Hours",4,50,"systematic",0.0619933554817276,0.614523809523809,0.97,0.1,-2.71672982303686,0.466368246040977,3.47609868983527,0.491488764354568,-0.061041689687513,-0.416517880163704,TRUE,2.39776897941768,84.6309968616112,1.21223552828968,TRUE,-123453.608339368,84.6909798549229,1.30895968483636,TRUE,0.745925239454664,79.4317680233981,-35424.7044307399,TRUE,1.20413724308759,82.7619735033092,1.20356307409197,TRUE,0.291734101255496,91.7153655796437,0,0.302133209224151,-0.614523809523809,0.063766372241657,0.154736148727359,-0.0421031929962513,-0.0533429812520404,-0.97,-0.291709818234534,-0.200740041748832,-0.397579383472442,0.708700905502099,0.725345665956193,-0.0619933554817276,0.707164672548206,0.438006644518272
2,-0.139740054931489,-1.08465041589906,15,"24Hours",4,50,"systematic",0.0837802562885619,0.601904761904762,0.99,0.1,-2.39205885620508,0.413407961622102,4.59511985013459,0.38134146801202,-0.136783037604181,-0.524878275699419,TRUE,0.259505300012961,21.73981148313,77.1087161664675,TRUE,-0.730078356080867,24.2313723117977,3793.56229793089,TRUE,0.259505359654852,21.7398114831306,77.1088174786431,TRUE,640.110164945023,22.5782208099156,47.9056954011522,TRUE,9.46367871717762,22.5272052572434,9.02965871298094,-0.0373900822021803,-0.276727228954149,-0.0373900675399457,0.398095238095238,0.398017623598508,-0.425485320297418,-0.664822467049387,-0.425485305635184,0.01,0.00992238550326963,0.916219743711438,0.916219743711438,0.916219743711438,0.916219743711438,0.916099954689035
1,-0.0348107194326106,-0.870497822643692,20,"24Hours",4,50,"systematic",0.0619933554817276,0.614523809523809,0.97,0.1,-2.71672982303686,0.466368246040977,3.47609868983527,0.429304843369243,-0.123225610672838,-0.478701801149029,TRUE,232.428378925392,85.9983601457723,1.08442544961832,TRUE,-2.1736304673935,85.8981959938098,1.21820617431921,TRUE,-0.547786164238324,85.868067839537,1.25489779681979,TRUE,1.25657852794436,82.7119111947246,1.25656670636643,TRUE,1.48169079975592,79.4734172390838,1.48169079975592,0.385476190476191,-0.512380208527016,-0.248145621358029,0.163912748639079,0.20030402067348,0.03,-0.867856399003207,-0.60362181183422,-0.191563441837112,-0.155172169802711,0.685337189185638,0.709754359892169,0.716153186149488,0.716441163770456,0.752834474715561
2,-0.259947697729768,-0.854007747642261,20,"24Hours",4,50,"systematic",0.0837802562885619,0.601904761904762,0.99,0.1,-2.39205885620508,0.413407961622102,4.59511985013459,0.351596309008378,-0.166528196607822,-0.55462343470306,TRUE,1023.79711377165,49.5773391934987,2.0801120418439,TRUE,-0.629298064025534,24.7469420962644,3442.60390061258,TRUE,0.160871219825736,22.4120799833758,65.1278525504044,TRUE,689.399353145377,22.8600307144161,48.0919955404796,TRUE,9.1810412955256,22.8090677355608,8.82741537821655,0.398095238095238,-0.254235045214802,-0.0617734679577009,0.398095238095238,0.39799227544592,0.01,-0.64233028331004,-0.449868706052939,0.01,0.00989703735068159,0.805174837573322,0.916219743711438,0.916219743711438,0.916219743711438,0.916073108414083
1,0.804011231126967,-0.969246466286397,30,"24Hours",4,50,"systematic",0.0619933554817276,0.614523809523809,0.97,0.1,-2.71672982303686,0.466368246040977,3.47609868983527,0.628838512373578,0.0763080583314962,-0.279168132144695,TRUE,0.577057766592471,81.8480021853679,-233932.845055294,TRUE,0.109119462286965,88.0061945384598,1.09347312922447,TRUE,0.577036861199304,81.8500708095256,-36000.0985805763,TRUE,1443.14430772581,88.2932913559809,0.947317632783604,TRUE,54478.765656123,88.3360504572423,0.911127367227167,0.0258663083203799,-0.087270980336453,0.0258614939904053,0.385476190476191,0.385476190476191,-0.329609882155811,-0.442747170812644,-0.329614696485786,0.03,0.03,-0.0619933554817276,0.687041814642454,-0.0619933554817276,0.658582057007794,0.651237446067869
2,-0.178402335785304,-0.471844159771852,30,"24Hours",4,50,"systematic",0.0837802562885619,0.601904761904762,0.99,0.1,-2.39205885620508,0.413407961622102,4.59511985013459,0.371737077837816,-0.146387427778384,-0.534482665873622,TRUE,0.182754217837691,23.0975864567349,67.5293476571319,FALSE,NA,NA,NA,TRUE,0.182754137743515,23.0975864567758,67.5292056625077,TRUE,636.688624649586,24.0107751501419,47.8888424845043,TRUE,9.1422124110476,23.9597525338975,8.79910454633834,-0.0563429472283328,NA,-0.056342967085611,0.398095238095238,0.397988199325545,-0.444438185323571,NA,-0.444438205180849,0.01,0.00989296123030659,0.916219743711438,NA,0.916219743711438,0.916219743711438,0.916068898359162
1,0.508684846546805,-0.505301624389206,5,"24Hours",4,100,"systematic",0.255839265938934,0.794761904761905,1,0.1,-1.06770767204216,1.35387183355809,Inf,0.368658855290662,-0.170263783532309,-0.375501878770404,TRUE,0.591498304801876,0.062235374788391,11462.0189167089,TRUE,-1.55918470334109,3.14902047503405,2582.22665792362,TRUE,0.59153701766445,0.0622042837339647,12142.1855182799,TRUE,1009.3200788747,1.13879599362621,53.4550552679538,TRUE,1199.51660447491,1.20468842645207,31.7171159905144,-0.1510530522663,-0.620998236850916,-0.151044173607161,0.205238095238095,0.205238095238095,-0.356291147504395,-0.826236332089011,-0.356282268845256,0,0,0.744160734061066,0.744160734061066,0.744160734061066,0.744160734061066,0.744160734061049
2,0.758206271290735,-0.673298253716295,5,"24Hours",4,100,"systematic",0.290734061066287,0.806190476190476,1,0.1,-0.891821576546145,1.42544419669054,Inf,0.39023010818534,-0.125226306938849,-0.319035830748373,TRUE,3.68410644144508,104.186271406832,149520.070178896,FALSE,NA,NA,NA,TRUE,5.40800016554699,99.9992533338058,5.40800016548256,TRUE,315.79719679927,116.472738064694,5.13674804642648,TRUE,217.138364452476,116.48076850194,5.11056375321174,0.169305446155891,NA,0.189348918262444,0.193809523809524,0.193809523809524,-0.0245040776536333,NA,-0.00446060554708017,0,0,0.709265938933713,NA,0.704805333386347,0.703423503923434,0.703269432920264
1,0.668268458371139,-0.109366205439603,10,"24Hours",4,100,"systematic",0.255839265938934,0.794761904761905,1,0.1,-1.06770767204216,1.35387183355809,Inf,0.405276063765971,-0.133646575057,-0.338884670295095,TRUE,0.572289993442783,0.144252786202382,11303.0707387783,TRUE,-0.532290123264374,5.64070315800872,3940.34998531827,TRUE,0.572235065297718,0.144346627036397,9447.23301240106,TRUE,990.53309098305,2.76899278601811,53.3846699312205,FALSE,NA,NA,NA,-0.155470493663776,-0.42477899304747,-0.15548316007574,0.205238095238095,NA,-0.360708588901871,-0.630017088285565,-0.360721255313835,0,NA,0.744160734061066,0.744160734061066,0.744160734061066,0.744160734061066,NA
2,1.0023458065585,-0.155049606048627,10,"24Hours",4,100,"systematic",0.290734061066287,0.806190476190476,1,0.1,-0.891821576546145,1.42544419669054,Inf,0.440785481063962,-0.0746709340602273,-0.268480457869751,TRUE,-5.48183030563695,122.10467864048,6.27747910176683,TRUE,-13.3560685165034,122.110075401169,6.31039708131076,TRUE,-5.48184080568464,122.104678640498,6.27747858828981,FALSE,NA,NA,NA,FALSE,NA,NA,NA,-0.802046018672583,-0.806188893002599,-0.802046062009004,NA,NA,-0.995855542482107,-0.999998416812123,-0.995855585818528,NA,NA,0.707391330486446,0.707451924088211,0.707391329525682,NA,NA
1,0.728689495520572,0.254834031108683,15,"24Hours",4,100,"systematic",0.255839265938934,0.794761904761905,1,0.1,-1.06770767204216,1.35387183355809,Inf,0.418678359602088,-0.120244279220883,-0.325482374458978,TRUE,0.618593133370245,0.208923752777991,15769.2313469128,FALSE,NA,NA,NA,TRUE,1146.49236288553,23.9758130804265,1.99455169788564,TRUE,1214.29763868555,5.24232061622717,53.7943350339997,TRUE,1744.54137033588,5.30632091366869,32.6968999533021,-0.144863393621654,NA,0.205238095238095,0.205238095238095,0.205238095238095,-0.350101488859749,NA,0,0,0,0.744160734061066,NA,0.624384587415859,0.744160734061066,0.74416073406106
2,1.01812732881054,0.0149375400080764,15,"24Hours",4,100,"systematic",0.290734061066287,0.806190476190476,1,0.1,-0.891821576546145,1.42544419669054,Inf,0.443873604279977,-0.0715828108442121,-0.265392334653736,TRUE,1.72507676107671,125.739174055384,94200.8300646688,TRUE,0.253324931877842,123.25777538371,16.8685911657451,TRUE,0.440694781647778,123.547828651046,7.17069176609528,TRUE,1495.32162396973,123.801452614215,6.76376673139345,TRUE,18315.8205798463,123.943140353648,6.54022766298484,0.0425911239555372,-0.243195766151077,-0.197765905343241,0.193809523809524,0.193809523809524,-0.151218399853987,-0.437005289960601,-0.391575429152765,0,0,0.709265938933713,0.709265891720461,0.708497738794975,0.70811240023957,0.707823861843413
1,1.02406372869633,0.271395499817992,20,"24Hours",4,100,"systematic",0.255839265938934,0.794761904761905,1,0.1,-1.06770767204216,1.35387183355809,Inf,0.479924142411159,-0.0589984964118117,-0.264236591649907,TRUE,0.683294281558391,0.513458340037472,20774.2075428631,FALSE,NA,NA,NA,TRUE,993.305698314694,26.2754899400428,1.57211335055467,TRUE,1536.89452943413,9.05996299283195,54.1806847395255,TRUE,1932.01648694028,9.12358358599879,32.9383437478953,-0.130288354890859,NA,0.205238095238095,0.205238095238095,0.205238095238095,-0.335526450128954,NA,0,0,0,0.744160734061066,NA,0.572245408490119,0.744160734061066,0.744160734061061
2,1.54387668648997,-0.0219152917373536,20,"24Hours",4,100,"systematic",0.290734061066287,0.806190476190476,1,0.1,-0.891821576546145,1.42544419669054,Inf,0.533293513783111,0.0178370986589217,-0.175972425150602,TRUE,0.859021667659123,124.517530748166,7.55631003936584,TRUE,0.71395909730353,123.619964590688,385.011691261725,TRUE,0.85893093094157,124.517530797393,7.55589420900059,TRUE,4852.19284401074,127.671874159003,6.25727054028669,TRUE,274851.322221853,128.206733475524,6.05827196116084,-0.103734264028294,-0.134915091527776,-0.103753229392501,0.193809523809524,0.193809523809524,-0.297543787837818,-0.3287246153373,-0.297562753202025,0,0,0.708743411308111,0.709265938933713,0.708743194093681,0.707353135173092,0.706932956159673
1,1.23412565093655,0.529550276606583,30,"24Hours",4,100,"systematic",0.255839265938934,0.794761904761905,1,0.1,-1.06770767204216,1.35387183355809,Inf,0.518700577909953,-0.0202220609130181,-0.225460156151113,TRUE,0.810073534393635,1.49745719273139,31946.5019078197,FALSE,NA,NA,NA,TRUE,626.753795220598,28.3892491388029,1.1789954344416,TRUE,903.686479733931,28.1776925495801,1.33074115523932,TRUE,2325.98821242047,28.2221299224114,1.29233518142544,-0.102636730947937,NA,0.205238095238095,0.205238095238095,0.205238095238095,-0.307874826186032,NA,0,0,0,0.744160734061066,NA,0.508927866192095,0.535123938188327,0.528702914651826
2,1.27050358979683,0.386764421279891,30,"24Hours",4,100,"systematic",0.290734061066287,0.806190476190476,1,0.1,-0.891821576546145,1.42544419669054,Inf,0.490094880926738,-0.025361534197451,-0.219171058006975,TRUE,1.10183377436098,125.500039820736,7.86046211519812,TRUE,0.868274682742822,124.394425091917,1364.67425145302,TRUE,1.10182817060654,125.500039801711,7.86039815438642,TRUE,9883.66707625335,139.539659532517,4.91499343536056,TRUE,662363.626854305,140.669390707103,4.64636730780587,-0.0555869342204802,-0.10180390759938,-0.0555879832328191,0.193809523809524,0.193809523809524,-0.249396458030004,-0.295613431408904,-0.249397507042343,0,0,0.708880392043063,0.709265938933713,0.708880367391891,0.701983594460144,0.699760755022089
1,-1.31740975448612,-0.810931082935556,5,"none",2,50,"systematic",0.0619933554817276,0.614523809523809,0.97,0.1,-2.71672982303686,0.466368246040977,3.47609868983527,0.149256210153295,-0.403274243888786,-0.758750434364977,TRUE,1394.55846665654,15.9335545633623,6.12274145405217,TRUE,-8.70350774227838,13.6126644014586,10.0371275000277,TRUE,-3.32922907527988,13.2369271159354,9.87442644678909,TRUE,4.62389134655769,7.41963771800016,4.62389134655769,FALSE,NA,NA,NA,0.385476190476191,-0.614357834581508,-0.579941850341237,0.375757049358626,NA,0.03,-0.969834025057699,-0.935418040817428,0.0202808588824351,NA,0.935819003533045,0.937962901180853,0.93795517279274,0.928287503400708,NA
2,6.39262242696628,-2.94265807477615,5,"none",2,50,"systematic",0.0837802562885619,0.601904761904762,0.99,0.1,-2.39205885620508,0.413407961622102,4.59511985013459,0.914548679976806,0.396424174360606,0.00832893626536801,TRUE,-1353.74269440082,9.01946002565342,1.59033110661289,TRUE,8.04884628063292,1.9366639623902,-2085.79283183323,TRUE,6.01919305174609,0.2157762175033,-119.235413459534,TRUE,6.01163386519761,0.218524801304443,0.00490408098073298,TRUE,6.01401141156366,0.217638152531611,5.13002937821852e-51,-0.601904761904762,0.397775869834904,0.395669505577702,0.395651144519464,0.395656934410818,-0.99,0.00968063173966627,0.0075742674824637,0.00755590642422566,0.00756169631557957,0.746882426058167,-0.0837802562885619,-0.0837802562885619,0.417445761499477,0.416219743711438
1,-1.23324117652383,-0.318389233061053,10,"none",2,50,"systematic",0.0619933554817276,0.614523809523809,0.97,0.1,-2.71672982303686,0.466368246040977,3.47609868983527,0.163621292059873,-0.388909161982208,-0.744385352458399,TRUE,2282.02764602107,36.0930975854559,2.77744300680251,TRUE,-2.57345933950742,19.1798016546168,30.5789447504644,TRUE,-1.3442953282005,16.5591368842176,12.2630607149071,TRUE,4.62384314473053,15.0798578258161,4.62384314473053,FALSE,NA,NA,NA,0.385476190476191,-0.543657621198753,-0.407719228710544,0.375756585420528,NA,0.03,-0.899133811674944,-0.763195419186735,0.0202803949443375,NA,0.879451289576845,0.93800664451822,0.938001921513884,0.92828703946261,NA
2,-0.195620730166079,-1.32175634910968,10,"none",2,50,"systematic",0.0837802562885619,0.601904761904762,0.99,0.1,-2.39205885620508,0.413407961622102,4.59511985013459,0.367469923133497,-0.150654582482704,-0.538749820577942,TRUE,-852.293650825589,90.5635292738176,4.91233065093934,TRUE,2.50363856451986,83.3278966997708,2.60433782602396,TRUE,3.27059839304275,94.8325937817398,-39165.7402377155,TRUE,4.77680413476469,88.0820804125692,4.66729950548249,TRUE,5.08369662926027,89.2637968185008,4.57349750753051,-0.601904761904762,0.322491741643898,0.361501511794298,0.389742715968872,0.391936445117655,-0.99,-0.0656034964513399,-0.0265937263009398,0.00164747787363395,0.00384120702241664,0.908918123860756,0.84735997723138,-0.0837802562885619,0.906909623131536,0.906003398785277
1,-0.575439954579635,-0.693081269772076,15,"none",2,50,"systematic",0.0619933554817276,0.614523809523809,0.97,0.1,-2.71672982303686,0.466368246040977,3.47609868983527,0.29798917815429,-0.254541275887791,-0.610017466363982,TRUE,1960.08089319389,46.2887030416658,1.49878331194441,TRUE,-1.84688326670891,21.5791975117307,771.000684923019,TRUE,-1.13312040760785,17.6904074501918,12.7312781656853,TRUE,-1.03815977636485,49.6440853934469,-0.00113441458846437,TRUE,4.6330563788343,19.8387236593186,4.63305637725149,0.385476190476191,-0.478284556855075,-0.370938108967804,-0.35301858718031,0.375844864648685,0.03,-0.833760747331266,-0.726414299443995,-0.708494777656501,0.0203686741724938,0.755399585884469,0.938006644518272,0.938003687358016,0.43772304090157,0.928375318675668
2,-0.391593673272094,-0.980829852325147,15,"none",2,50,"systematic",0.0837802562885619,0.601904761904762,0.99,0.1,-2.39205885620508,0.413407961622102,4.59511985013459,0.319553458958439,-0.198571046657761,-0.586666284752999,TRUE,12.9053779713789,93.6515102344862,4.89203753159064,TRUE,-8535498.46548824,94.0644067516337,5.2327822443644,TRUE,1.91842343566532,143.143634047217,-17585.2410750006,TRUE,4.9350520763889,73.8310226856635,4.9350520763889,TRUE,4.86462790276268,93.0957996704264,4.55119877967251,0.398092753449468,-0.601904761904762,0.27005776120897,0.390956479881906,0.390439600752077,0.00999751535423044,-0.99,-0.118037476886268,0.00286124178666791,0.00234436265683857,0.908769552745046,0.910909442369645,-0.0837802562885619,0.909080985498106,0.905775434411899
1,-0.936209542650307,-0.154150431091841,20,"none",2,50,"systematic",0.0619933554817276,0.614523809523809,0.97,0.1,-2.71672982303686,0.466368246040977,3.47609868983527,0.219673277300716,-0.332857176741365,-0.688333367217556,TRUE,1461.69497733717,52.2220984436669,0.831000692417319,TRUE,-1.59052526914161,23.4671192818101,1930.46282558755,TRUE,-1.01880849987246,18.4391711286869,12.9773159068952,TRUE,-0.955983465002239,51.4089850630577,-0.00806123030707083,TRUE,4.6460936572533,23.163924392071,4.64609362766839,0.385476190476191,-0.445213801443718,-0.349264254240571,-0.336840717177719,0.375968429843818,0.03,-0.800689991919909,-0.704740444716762,-0.69231690765391,0.0204922393676266,0.634573123906426,0.938006644518272,0.93800433233472,0.435991347854901,0.928498883607287
2,-0.905701586422313,-0.335811726552999,20,"none",2,50,"systematic",0.0837802562885619,0.601904761904762,0.99,0.1,-2.39205885620508,0.413407961622102,4.59511985013459,0.204099974029552,-0.314024531586648,-0.702119769681886,TRUE,749.975565362254,98.7448101030033,4.67077881296177,TRUE,-16.391903033571,97.4091193621702,5.2709130491368,TRUE,-6.33994543150272,97.1903972376711,5.35056713248172,TRUE,4.936860706808,78.8478893999159,4.936860706808,FALSE,NA,NA,NA,0.398095238095238,-0.601904685856914,-0.60014347100902,0.39096928766558,NA,0.01,-0.989999923952152,-0.988238709104258,0.0028740495703421,NA,0.906941659596164,0.911107100808437,0.911496697799644,0.90909379328178,NA
1,-0.477633462575932,-0.171837757692152,30,"none",2,50,"systematic",0.0619933554817276,0.614523809523809,0.97,0.1,-2.71672982303686,0.466368246040977,3.47609868983527,0.320817748601403,-0.231712705440679,-0.58718889591687,FALSE,NA,NA,NA,TRUE,-1.24445642516548,27.4068407678215,3426.40555631444,TRUE,-0.844868139264676,20.133415419918,13.3267124008793,TRUE,-0.804790254570462,52.7819258254046,-0.0076975686367352,TRUE,5.1526215478052,27.6404220313741,5.14896440607386,NA,-0.390862576393461,-0.314013320269915,-0.305522038957516,0.37972523405939,NA,-0.746338766869652,-0.669489510746106,-0.660998229433707,0.0242490435831988,NA,0.938006644518272,0.93800501416532,0.43608226186113,0.932234739150547
2,-0.716392030102078,0.318370508067897,30,"none",2,50,"systematic",0.0837802562885619,0.601904761904762,0.99,0.1,-2.39205885620508,0.413407961622102,4.59511985013459,0.24440772044178,-0.27371678517442,-0.661812023269658,TRUE,1741.3039948701,123.847735908969,3.31966647291324,TRUE,-3.9252036697868,107.186004879103,5.65688402243055,TRUE,-1.36264070142102,103.862610872824,5.85627825526821,TRUE,4.93373549206466,83.147161660465,4.93373549206466,TRUE,4.86462620962276,102.508083305593,4.55113103543343,0.398095238095238,-0.582548697748089,-0.398093307606068,0.390947142142497,0.390439587889233,0.01,-0.970643935843327,-0.786188545701306,0.00285190404725888,0.00234434979399545,0.881317102246782,0.912738519701351,0.913366035612272,0.909071647758697,0.905774734236677
1,0.205662931005758,-0.485463967920669,5,"none",2,100,"systematic",0.255839265938934,0.794761904761905,1,0.1,-1.06770767204216,1.35387183355809,Inf,0.295396001455333,-0.243526637367638,-0.448764732605733,FALSE,NA,NA,NA,TRUE,-0.631867099951352,1.68356118647023,0.087973662822574,TRUE,-0.267014737611522,1.68258155767997,0.103077121666006,TRUE,-0.0766831461423534,1.69808935392879,-0.076611464361695,FALSE,NA,NA,NA,NA,-0.447674605575435,-0.361121785890282,-0.313923302645764,NA,NA,-0.65291270081353,-0.566359881128377,-0.519161397883859,NA,NA,0.266139976146137,0.269907222373012,0.225017230328319,NA
2,0.151397744127925,-0.36772708841852,5,"none",2,100,"systematic",0.290734061066287,0.806190476190476,1,0.1,-0.891821576546145,1.42544419669054,Inf,0.247043243844523,-0.268413171279666,-0.46222269508919,TRUE,0.565102326104183,0.234896955075076,-2.79593628880595,TRUE,1.53676768535693,0.260539084820419,-3.11098049619367,TRUE,0.565061532266572,0.234896955049245,-2.79601563607817,FALSE,NA,NA,NA,FALSE,NA,NA,NA,-0.168558180037015,0.016803874217315,-0.168567605805992,NA,NA,-0.362367703846538,-0.177005649592209,-0.362377129615516,NA,NA,-0.233189894435515,-0.248077475332389,-0.233194197512005,NA,NA
1,-0.292052931426951,0.692899375389346,10,"none",2,100,"systematic",0.255839265938934,0.794761904761905,1,0.1,-1.06770767204216,1.35387183355809,Inf,0.171662083976261,-0.36726055484671,-0.572498650084805,TRUE,-0.600652210141107,1.73470459450733,0.118271817483267,TRUE,-1.17920976517574,1.73523281129372,0.111425650621969,TRUE,-0.600253506328614,1.73470459497576,0.11832876925988,TRUE,-0.356269921190389,1.74021174532765,-0.0138845667715782,FALSE,NA,NA,NA,-0.440567412210267,-0.559567592453646,-0.440476207098738,-0.382899092979061,NA,-0.645805507448362,-0.764805687691741,-0.645714302336833,-0.588137188217156,NA,0.273694269649025,0.271988361106695,0.273708457894277,0.240689648131333,NA
2,0.262676624356164,0.194156074997411,10,"none",2,100,"systematic",0.290734061066287,0.806190476190476,1,0.1,-0.891821576546145,1.42544419669054,Inf,0.274560090083054,-0.240896325041135,-0.434705848850659,TRUE,0.285499862433256,0.402018067335373,-3.15346649099354,TRUE,0.595494180681838,0.480298625581209,-9.0956470413478,TRUE,0.285493078867114,0.402018067200852,-3.1535546947041,TRUE,0.303845820839594,2.77099224662446,0.000387680069575907,FALSE,NA,NA,NA,-0.235296406643796,-0.161565705667712,-0.235298068442137,-0.230808086746287,NA,-0.42910593045332,-0.355375229477236,-0.429107592251661,-0.424617610555811,NA,-0.249779155187288,-0.29062192069855,-0.249782619477218,0.209362858949893,NA
1,0.023157890869405,0.459533001846599,15,"none",2,100,"systematic",0.255839265938934,0.794761904761905,1,0.1,-1.06770767204216,1.35387183355809,Inf,0.24994994805694,-0.288972690766031,-0.494210786004126,FALSE,NA,NA,NA,TRUE,25379.5609800716,2.02461810952623,-0.155174478922242,TRUE,199.971415384185,2.02462214973069,-0.155159284115097,FALSE,NA,NA,NA,FALSE,NA,NA,NA,NA,0.205238095238095,0.205238095238095,NA,NA,NA,0,0,NA,NA,NA,0.205444770362182,0.2054485462903,NA,NA
2,0.283546756277782,0.613109989360138,15,"none",2,100,"systematic",0.290734061066287,0.806190476190476,1,0.1,-0.891821576546145,1.42544419669054,Inf,0.279681482086313,-0.235774933037876,-0.4295844568474,TRUE,0.246721014267972,0.476543296884918,-3.27251836623457,TRUE,0.437587594188756,0.611983786966732,-221.765969974563,TRUE,0.246725347639714,0.476543297053217,-3.27240116036963,FALSE,NA,NA,NA,TRUE,0.220214522484711,2.77186411715172,0,-0.244821209302401,-0.198506423342962,-0.244820142280037,NA,-0.251358254816426,-0.438630733111925,-0.392315947152486,-0.438629666089561,NA,-0.44516777862595,-0.254207962510141,-0.290734061066287,-0.254203837583991,NA,0.209265938933713
1,0.083367392646265,0.944371569949392,20,"none",2,100,"systematic",0.255839265938934,0.794761904761905,1,0.1,-1.06770767204216,1.35387183355809,Inf,0.264990519490418,-0.273932119332553,-0.479170214570648,TRUE,169.172942463458,2.34461182243894,-0.237823369846126,TRUE,647507.036280583,2.34448354877428,-0.237865873516433,TRUE,227.878476286155,2.34457892762574,-0.237835349699028,TRUE,0.308063848047761,2.35276200576115,8.10564870725894e-168,FALSE,NA,NA,NA,0.205238095238095,0.205238095238095,0.205238095238095,-0.218349306572576,NA,0,0,0,-0.423587401810671,NA,0.184983550593956,0.184973073547995,0.184980597585538,0.244160734061066,NA
2,0.287671934453424,0.84731923597084,20,"none",2,100,"systematic",0.290734061066287,0.806190476190476,1,0.1,-0.891821576546145,1.42544419669054,Inf,0.280692027585379,-0.23476438753881,-0.428573911348334,TRUE,0.217508860629675,0.530580499017199,-3.36520571534993,TRUE,0.371257439231954,0.744023021961007,-585.502235763218,TRUE,0.217509125598019,0.530580498941351,-3.3651942369436,TRUE,0.201372782280779,2.81165453337986,1.7561141781673e-25,TRUE,0.201977717818678,2.81263220178267,0,-0.25202663426298,-0.214427691086949,-0.252026568798239,-0.256016715809747,-0.255867009342204,-0.445836158072504,-0.408237214896473,-0.445836092607763,-0.449826239619271,-0.449676533151728,-0.257333313864608,-0.290734061066287,-0.257332943280699,0.209265938933713,0.209265938933713
1,0.298513668750521,0.958890324589298,30,"none",2,100,"systematic",0.255839265938934,0.794761904761905,1,0.1,-1.06770767204216,1.35387183355809,Inf,0.31823986470445,-0.220682774118521,-0.425920869356616,TRUE,76.0207728590578,2.58696103341994,-0.25011462272721,TRUE,929333.850057492,2.58660604580787,-0.249809496137968,TRUE,86.0983620794377,2.5869191136891,-0.250078891762067,TRUE,0.281010795836388,2.60940014025167,7.99700536439862e-18,FALSE,NA,NA,NA,0.205238095238095,0.205238095238095,0.205238095238095,-0.224967888197004,NA,0,0,0,-0.430205983435099,NA,0.181956020816541,0.182031123223872,0.181964815319035,0.244160734061066,NA
2,0.466472982869273,1.70468276519714,30,"none",2,100,"systematic",0.290734061066287,0.806190476190476,1,0.1,-0.891821576546145,1.42544419669054,Inf,0.323814558669851,-0.191641856454338,-0.385451380263862,TRUE,0.248357245838382,0.667038291140217,-3.26699411326091,TRUE,0.367397513748642,0.838016878785347,-536.878991557573,TRUE,0.248357034161608,0.667038291079019,-3.26700729195758,FALSE,NA,NA,NA,TRUE,0.237543906853146,2.97701440280469,1.01292159074846e-81,-0.244418354306028,-0.215360499547816,-0.244418406417507,NA,-0.247082180948058,-0.438227878115552,-0.40917002335734,-0.438227930227031,NA,-0.440891704757582,-0.254013054780376,-0.290734061066287,-0.254013520941952,NA,0.209265938933713
1,0.89962894624876,-2.21433219290536,5,"none",3,50,"systematic",0.0619933554817276,0.614523809523809,0.97,0.1,-2.71672982303686,0.466368246040977,3.47609868983527,0.648879889515272,0.0963494354731902,-0.259126755003001,TRUE,54.8181344468192,0.55885959554886,-1.58971762273195,TRUE,2747409.83774218,0.558426390031508,-1.57704295756664,TRUE,59.2659866198604,0.558822662168917,-1.58877314519829,FALSE,NA,NA,NA,FALSE,NA,NA,NA,0.385476190476191,0.385476190476191,0.385476190476191,NA,NA,0.03,0.03,0.03,NA,NA,0.107430273664192,0.109221323628761,0.107563221345982,NA,NA
2,6.12766872624282,-2.58358925192517,5,"none",3,50,"systematic",0.0837802562885619,0.601904761904762,0.99,0.1,-2.39205885620508,0.413407961622102,4.59511985013459,0.914042831909135,0.395918326292935,0.00782308819769706,TRUE,13.5437926425023,11.139970349311,-5.02001781123244,TRUE,27.1588633991742,11.2200360026642,-4.92530984882312,TRUE,13.5450636960323,11.139970347835,-5.01981015093244,FALSE,NA,NA,NA,TRUE,5.35215220625037,4.42799360148857,0,0.398093925880167,0.398095238093635,0.398093927547001,NA,0.393379637354734,0.00999868778492896,0.00999999999839662,0.00999868945176274,NA,0.00528439925949642,-0.077219179249701,-0.0765721145494681,-0.0772178255750767,NA,0.416219743711438
1,-0.564352321725008,-0.831092966683747,10,"none",3,50,"systematic",0.0619933554817276,0.614523809523809,0.97,0.1,-2.71672982303686,0.466368246040977,3.47609868983527,0.30054766027191,-0.251982793770171,-0.607458984246362,TRUE,-0.35512125535813,3.28325312045507,-16587.8752303018,FALSE,NA,NA,NA,TRUE,-0.355116562834155,3.28325570231081,-15373.8358772129,TRUE,-163.912368872688,4.18023136593353,-0.555645269856177,TRUE,-14762.1780035273,4.38702609664971,-5.57853709210707,-0.202382726165738,NA,-0.202381589256756,-0.614523809523809,-0.614523809523809,-0.557858916641929,NA,-0.557857779732947,-0.97,-0.97,-0.0619933554817276,NA,-0.0619933554817276,0.302562302256313,-0.0582294872354961
2,-0.263241926687296,-0.888215477654535,10,"none",3,50,"systematic",0.0837802562885619,0.601904761904762,0.99,0.1,-2.39205885620508,0.413407961622102,4.59511985013459,0.350786682178551,-0.16733782343765,-0.555433061532888,TRUE,1.80043912299471,62.1243260813715,-11.3388633941747,FALSE,NA,NA,NA,TRUE,1.80043524000061,62.1243260894466,-11.3386217920225,FALSE,NA,NA,NA,FALSE,NA,NA,NA,0.256297618940854,NA,0.25629714641455,NA,NA,-0.131797619154384,NA,-0.131798091680688,NA,NA,-0.0837683551358429,NA,-0.0837683522601857,NA,NA
1,-0.990222742491698,-0.129649066703375,15,"none",3,50,"systematic",0.0619933554817276,0.614523809523809,0.97,0.1,-2.71672982303686,0.466368246040977,3.47609868983527,0.208874728601331,-0.343655725440751,-0.699131915916941,TRUE,-0.438151861493958,4.73407779498389,-0.446171174698699,TRUE,-0.556705856451546,4.55594448589898,-0.544099807654441,TRUE,-0.469646559724424,4.1041218096397,-13607.4126186409,TRUE,-112.263394638449,4.76738125960306,-0.396866347442905,FALSE,NA,NA,NA,-0.222342377858558,-0.250213806481942,-0.229823907931027,-0.614523809523809,NA,-0.577818568334749,-0.605689996958133,-0.585300098407218,-0.97,NA,0.328278132776369,0.30524102348339,-0.0619933554817276,0.340072110396139,NA
2,-0.220627458495363,-0.481211977022936,15,"none",3,50,"systematic",0.0837802562885619,0.601904761904762,0.99,0.1,-2.39205885620508,0.413407961622102,4.59511985013459,0.36128553216751,-0.15683897344869,-0.544934211543928,TRUE,2.93591362472126,68.1061028450584,2.08942570834902,TRUE,-5750599.33940721,69.3076101161935,2.43713142601219,TRUE,1.00603089223824,75.9639075920049,-11.4275403465399,FALSE,NA,NA,NA,FALSE,NA,NA,NA,0.347688726676982,-0.601904761904762,0.130337908499106,NA,NA,-0.0404065114182555,-0.99,-0.257757329596132,NA,NA,0.806090901091105,0.835835033004535,-0.0837693650428579,NA,NA
1,-0.684921238234496,-0.0507161816968521,20,"none",3,50,"systematic",0.0619933554817276,0.614523809523809,0.97,0.1,-2.71672982303686,0.466368246040977,3.47609868983527,0.273170464292538,-0.279359989749543,-0.634836180225734,TRUE,-0.403315160404312,5.00636308081939,-0.458849648590201,TRUE,-0.234127091084504,5.0075545843688,-0.455347723526311,TRUE,-0.49241424547472,4.35145238254167,-12672.2771383537,TRUE,-36.2984477275475,5.00981184406093,-0.441452537117235,TRUE,-21.7934849169409,5.01035321600102,-0.44041941319587,-0.214007711315264,-0.172789669142245,-0.235198811262293,-0.614523809523809,-0.614523809180876,-0.569483901791455,-0.528265859618436,-0.590675001738484,-0.97,-0.969999999657067,0.325265399161046,0.326096696254921,-0.0619933554817276,0.329401557731475,0.329647680541845
2,0.0662891548715479,-0.513954875338915,20,"none",3,50,"systematic",0.0837802562885619,0.601904761904762,0.99,0.1,-2.39205885620508,0.413407961622102,4.59511985013459,0.432785966527011,-0.0853385390891896,-0.473433777184428,TRUE,292.258309860691,72.1523071592591,1.99924296585641,TRUE,-13.8216550102509,72.054036882681,2.10908011701501,TRUE,0.709247957288683,80.5809694630925,-11.3035817610219,FALSE,NA,NA,NA,FALSE,NA,NA,NA,0.398095238095238,-0.601903768031364,0.0683302026661132,NA,NA,0.01,-0.989999006126602,-0.319765035429125,NA,NA,0.796937315044221,0.808002334341161,-0.0837679277538811,NA,NA
1,-0.478476256566624,-0.188450441282728,30,"none",3,50,"systematic",0.0619933554817276,0.614523809523809,0.97,0.1,-2.71672982303686,0.466368246040977,3.47609868983527,0.320618644070184,-0.231911809971898,-0.587388000448088,TRUE,-0.560303172061371,5.38362297186561,-0.482532230921434,TRUE,-0.552406159228879,4.38708473608657,-0.780037960588719,TRUE,-0.560316142459864,5.38362297315238,-0.482538864029858,TRUE,-0.55824013440294,5.38284819963862,-0.477604518108413,TRUE,-0.559222458404575,5.38325787102647,-0.480276149753574,-0.251046495068096,-0.249217467480281,-0.251049495914364,-0.250569053161807,-0.250796422602676,-0.606522685544287,-0.604693657956472,-0.606525686390555,-0.606045243637998,-0.606272613078867,0.319660998844972,0.252318349261698,0.319659433470367,0.320824587240237,0.320193563126689
2,-0.0114724567114441,-0.14966329962322,30,"none",3,50,"systematic",0.0837802562885619,0.601904761904762,0.99,0.1,-2.39205885620508,0.413407961622102,4.59511985013459,0.413351660990941,-0.104772844625259,-0.492868082720497,TRUE,690.122104940963,76.1208835356794,1.48208913990834,TRUE,-2.36962421869611,74.2071754737124,2.05968156149056,TRUE,-0.715955148452101,73.6153647847895,2.21275716728319,TRUE,2.46292382150354,59.8505900109596,2.46273708015241,FALSE,NA,NA,NA,0.398095238095238,-0.516386239030528,-0.273620454004351,0.319596660907814,NA,0.01,-0.904481477125766,-0.661715692099589,-0.0684985771874237,NA,0.731107669302881,0.803141980999481,0.817609017268681,0.837707657235525,NA
1,0.155276485100621,-0.422208017833666,5,"none",3,100,"systematic",0.255839265938934,0.794761904761905,1,0.1,-1.06770767204216,1.35387183355809,Inf,0.282902046304718,-0.256020592518253,-0.461258687756348,TRUE,0.262004658833039,0.625112479602059,-44909.8969589166,FALSE,NA,NA,NA,TRUE,0.262006066448521,0.62519201137367,-18929.8969757057,TRUE,0.157072110288182,2.11335136227214,0.00368289365180807,TRUE,0.257789568657647,1.93892931975334,0,-0.229632887424244,NA,-0.229632541491213,-0.255574412414295,-0.230669063367103,-0.434870982662339,NA,-0.434870636729308,-0.46081250765239,-0.435907158605198,-0.255839265938934,NA,-0.255839265938934,0.245081456433318,0.244160734061066
2,0.387708017102248,0.0815228096282131,5,"none",3,100,"systematic",0.290734061066287,0.806190476190476,1,0.1,-0.891821576546145,1.42544419669054,Inf,0.304996768464384,-0.210459646659805,-0.404269170469329,TRUE,0.41052611609612,0.00326613803763366,-6.73373063890736,TRUE,0.900116769205795,0.0518493653519436,-361.831784274634,TRUE,0.410526110443124,0.00326613803763345,-6.73373103661671,TRUE,0.384754510070014,1.04136848456983,3.23004899545372e-19,TRUE,0.41254655808572,1.03725901768442,2.95630595531176e-27,-0.204976451283657,-0.0952169780488877,-0.204976452638995,-0.211171156978866,-0.204492137962782,-0.398785975093181,-0.289026501858412,-0.398785976448519,-0.40498068078839,-0.398301661772306,-0.289545390795575,-0.290734061066287,-0.289545391267758,0.209265938933713,0.209265938933713
1,0.103225200702901,0.549305532755081,10,"none",3,100,"systematic",0.255839265938934,0.794761904761905,1,0.1,-1.06770767204216,1.35387183355809,Inf,0.269944143832527,-0.268978494990444,-0.474216590228539,TRUE,0.191380069771786,0.684213586211027,-48168.8709824365,FALSE,NA,NA,NA,TRUE,0.191379522831994,0.684311671499314,-17064.8593005058,TRUE,0.134066127275,2.16952530581624,0.0068728273563502,TRUE,0.180354858670541,2.02882709101847,9.00009791341163e-48,-0.247062386718819,NA,-0.247062522209349,-0.261295484290945,-0.249795013849213,-0.452300481956914,NA,-0.452300617447444,-0.46653357952904,-0.455033109087308,-0.255839265938934,NA,-0.255839265938934,0.245878934136786,0.244160734061066
2,0.337473804524317,0.649366930334282,10,"none",3,100,"systematic",0.290734061066287,0.806190476190476,1,0.1,-0.891821576546145,1.42544419669054,Inf,0.292842688573317,-0.222613726550872,-0.416423250360396,TRUE,0.381650205197679,0.0586107801206177,-7.53285111540725,TRUE,0.650989438434635,0.236088290576176,-943.067738916944,TRUE,0.381650203145291,0.0586107801206162,-7.53285149464343,TRUE,0.375160577253554,1.09468497347407,3.15111453905972e-19,TRUE,0.380969602329382,1.09257101952364,1.1475256695647e-46,-0.211919425564585,-0.148957080478306,-0.211919426059442,-0.21348511139266,-0.212083538266204,-0.405728949374109,-0.34276660428783,-0.405728949868966,-0.407294635202184,-0.405893062075728,-0.29019913722951,-0.290734061066287,-0.290199137432264,0.209265938933713,0.209265938933713
1,0.287980604015411,0.685266643724763,15,"none",3,100,"systematic",0.255839265938934,0.794761904761905,1,0.1,-1.06770767204216,1.35387183355809,Inf,0.315662413700843,-0.223260225122128,-0.428498320360223,TRUE,0.21821742790196,0.718936410445734,-48984.4782194365,FALSE,NA,NA,NA,TRUE,0.21821623329015,0.719033437760392,-17357.4355295501,TRUE,0.300015417121597,2.23700549963868,0.0119548226251654,TRUE,0.315512032786655,2.22789153528361,0.0046278929048451,-0.240423006481336,NA,-0.240423301606958,-0.220315619111055,-0.216531792296743,-0.445661101719431,NA,-0.445661396845053,-0.42555371434915,-0.421769887534838,-0.255839265938934,NA,-0.255839265938934,0.247149404122934,0.245317705222336
2,0.416217549707885,0.967704376851717,15,"none",3,100,"systematic",0.290734061066287,0.806190476190476,1,0.1,-0.891821576546145,1.42544419669054,Inf,0.311843728328774,-0.203612686795415,-0.397422210604939,TRUE,0.369995792929832,0.0717775041748916,-7.90947583348131,FALSE,NA,NA,NA,TRUE,0.3699957916941,0.0717775041748866,-7.9094766159765,TRUE,0.366701854881668,1.10694518829602,8.20210465554235e-17,TRUE,0.369386400637263,1.10559655988026,1.35331419105001e-65,-0.214732514334561,NA,-0.214732514633158,-0.215528685640352,-0.21487977331279,-0.408542038144085,NA,-0.408542038442682,-0.409338209449876,-0.408689297122314,-0.290366948858405,NA,-0.290366949145563,0.209265938933713,0.209265938933713
1,0.346867937092544,0.846579234085745,20,"none",3,100,"systematic",0.255839265938934,0.794761904761905,1,0.1,-1.06770767204216,1.35387183355809,Inf,0.330018590396918,-0.208904048426053,-0.414142143664148,TRUE,0.242852276454215,0.793307283975834,-47149.9010815523,FALSE,NA,NA,NA,TRUE,0.242852284274704,0.793391203360549,-18725.5003952771,TRUE,0.332168499954697,2.27628039548016,0.0145280235993481,TRUE,0.359915555089514,2.26598765521907,0.00609755803292143,-0.234345476973672,NA,-0.234345475047096,-0.212474992213145,-0.205741912588506,-0.439583572211767,NA,-0.439583570285191,-0.41771308745124,-0.410980007826601,-0.255839265938934,NA,-0.255839265938934,0.247792676080271,0.24568511884622
2,0.530794403763824,1.10818162034994,20,"none",3,100,"systematic",0.290734061066287,0.806190476190476,1,0.1,-0.891821576546145,1.42544419669054,Inf,0.338934313900598,-0.176522101223591,-0.370331625033115,TRUE,0.416091237728012,0.160384319585378,-6.58234013207278,FALSE,NA,NA,NA,TRUE,0.416091225129438,0.160384319585379,-6.5823442524006,TRUE,0.411406129823696,1.20104310602586,8.88482910970827e-18,TRUE,0.416378451570281,1.19437432939211,1.0737402373842e-25,-0.203642936101999,NA,-0.203642939119156,-0.204765481762383,-0.203574155007904,-0.397452459911523,NA,-0.39745246292868,-0.398575005571907,-0.397383678817428,-0.289351370206128,NA,-0.289351375895379,0.209265938933713,0.209265938933713
1,0.433696622778849,0.836259615851957,30,"none",3,100,"systematic",0.255839265938934,0.794761904761905,1,0.1,-1.06770767204216,1.35387183355809,Inf,0.350916775535465,-0.188005863287506,-0.393243958525601,TRUE,0.458700307354668,2.17777735925779,-0.302412943340438,FALSE,NA,NA,NA,TRUE,0.458702671008802,2.17777736024839,-0.302409111200295,TRUE,0.490173915412045,2.30670838048722,0.0264071299209046,TRUE,0.530943001804204,2.29392248131354,0.0110967540082745,-0.18205609709518,NA,-0.182055536206347,-0.174614503248043,-0.165058879463376,-0.387294192333275,NA,-0.387293631444442,-0.379852598486138,-0.370296974701471,0.169128459415934,NA,0.169129395876894,0.25076213292938,0.246934894096161
2,0.644748164040382,1.34245397560641,30,"none",3,100,"systematic",0.290734061066287,0.806190476190476,1,0.1,-0.891821576546145,1.42544419669054,Inf,0.365091938398365,-0.150364476725824,-0.344174000535348,TRUE,0.488283672400749,0.40627848439979,-5.10139108453634,TRUE,0.613975670353625,0.397888270708833,-815.303492549622,TRUE,0.488283776469785,0.406278484416863,-5.10136142562445,TRUE,0.602519840883188,1.54289817705773,0.0764071847366989,TRUE,0.582385568273351,1.4765799309201,0.0283933550581967,-0.186488450034683,-0.157343304242596,-0.186488425508585,-0.159957881902502,-0.164574335550839,-0.380297973844207,-0.35115282805212,-0.380297949318109,-0.353767405712026,-0.358383859360363,-0.284682632434119,-0.290734061066287,-0.28468245403882,0.228358447424082,0.216363800856931
1,0.322012537744282,-1.94554489290612,5,"none",4,50,"systematic",0.0619933554817276,0.614523809523809,0.97,0.1,-2.71672982303686,0.466368246040977,3.47609868983527,0.517821289084161,-0.0347091649579209,-0.390185355434112,TRUE,1.27455259426256,23.1772905456227,130707.065188303,TRUE,-4.2187502326924,49.6324265960338,7062.41972023633,TRUE,1.27453491424967,23.1776711041532,122204.998999921,FALSE,NA,NA,NA,FALSE,NA,NA,NA,0.166997271313771,-0.600020233158352,0.166994252509368,NA,NA,-0.18847891916242,-0.955496423634543,-0.188481937966823,NA,NA,0.938006644518272,0.938006644518272,0.938006644518272,NA,NA
2,-0.450147650060627,-1.70270250809614,5,"none",4,50,"systematic",0.0837802562885619,0.601904761904762,0.99,0.1,-2.39205885620508,0.413407961622102,4.59511985013459,0.305545405210898,-0.212579100405302,-0.60067433850054,TRUE,46.465007073971,0.408941125132041,-0.769631185883348,TRUE,-0.667673149533386,0.382336654103798,-0.674415638067758,TRUE,-0.573198673566367,0.340302708183034,-4255.60981162659,FALSE,NA,NA,NA,TRUE,-0.688819627225981,0.382857350033949,-0.688819621981434,0.398095238095238,-0.26288670472637,-0.241405686200919,NA,-0.267609057435952,0.01,-0.650981942821608,-0.629500924296157,NA,-0.655704295531189,0.232778637274425,0.253728555481294,-0.0837802562885619,NA,0.250515449347381
1,-0.311885780259396,-1.23805025801806,10,"none",4,50,"systematic",0.0619933554817276,0.614523809523809,0.97,0.1,-2.71672982303686,0.466368246040977,3.47609868983527,0.360661152680672,-0.19186930136141,-0.547345491837601,TRUE,0.510697411661386,27.8214445874863,98462.5059225274,TRUE,-2.72838930775106,54.7645271022209,7923.44114080066,TRUE,0.510656365164323,27.822748060098,83284.6523644295,FALSE,NA,NA,NA,FALSE,NA,NA,NA,0.0104461402826157,-0.553205002653996,0.0104365196521912,NA,NA,-0.345030050193575,-0.908681193130187,-0.345039670824,NA,NA,0.938006644518272,0.938006644518272,0.938006644518272,NA,NA
2,-0.411428905547208,-0.872163417450304,10,"none",4,50,"systematic",0.0837802562885619,0.601904761904762,0.99,0.1,-2.39205885620508,0.413407961622102,4.59511985013459,0.314789289659619,-0.203335215956582,-0.59143045405182,TRUE,0.381881527609108,0.631263448912201,-0.769969450996808,TRUE,-0.604907456243181,0.564511833517721,-0.690125890662722,TRUE,0.382040411883312,0.631263448949353,-0.769966784792216,FALSE,NA,NA,NA,TRUE,-3.86159560026183,0.631212782587828,-0.766341495026266,-0.00757793766195636,-0.248683012560003,-0.00753963084832976,NA,-0.58130368322262,-0.395673175757194,-0.636778250655241,-0.395634868943568,NA,-0.969398921317858,0.232705458375033,0.25022481254001,0.232706035135377,NA,0.233490788903498
1,0.313927647567536,-1.06857273283292,15,"none",4,50,"systematic",0.0619933554817276,0.614523809523809,0.97,0.1,-2.71672982303686,0.466368246040977,3.47609868983527,0.515850309219704,-0.0366801448223774,-0.392156335298568,TRUE,0.407161715924817,28.702391699619,103260.190153448,TRUE,-1.84699110688598,63.4852491634542,10648.9680749622,TRUE,3780.38099692365,190.771353420322,5.08571914635368,FALSE,NA,NA,NA,FALSE,NA,NA,NA,-0.0141166928172075,-0.478297246786419,0.385476190476191,NA,NA,-0.369592883293398,-0.83377343726261,0.03,NA,NA,0.938006644518272,0.938006644518272,0.931860218732614,NA,NA
2,-0.477585271948806,-0.665154296637471,15,"none",4,50,"systematic",0.0837802562885619,0.601904761904762,0.99,0.1,-2.39205885620508,0.413407961622102,4.59511985013459,0.299042233702329,-0.219082271913871,-0.607177510009109,TRUE,-0.344250515993498,0.731151406562249,-0.833674294881773,TRUE,-0.193470707731823,0.733435031915044,-0.860148376901844,TRUE,-0.344198649333742,0.73115140589329,-0.833625689763106,FALSE,NA,NA,NA,FALSE,NA,NA,NA,-0.187127415088489,-0.150122130896369,-0.187114825070298,NA,NA,-0.575222653183727,-0.538217368991607,-0.575210063165536,NA,NA,0.219088464539022,0.21352809011176,0.219098727086079,NA,NA
1,-0.264410606393119,-0.588785297195957,20,"none",4,50,"systematic",0.0619933554817276,0.614523809523809,0.97,0.1,-2.71672982303686,0.466368246040977,3.47609868983527,0.372286438734879,-0.180244015307203,-0.535720205783394,TRUE,0.266971147367891,30.0223327543042,92063.9914019624,FALSE,NA,NA,NA,TRUE,0.266962247944321,30.023278756279,79266.6060178934,FALSE,NA,NA,NA,FALSE,NA,NA,NA,-0.0481746340318346,NA,-0.0481768197118588,NA,NA,-0.403650824508026,NA,-0.40365301018805,NA,NA,0.938006644518272,NA,0.938006644518272,NA,NA
2,-0.346075111996482,-0.412849243295362,20,"none",4,50,"systematic",0.0837802562885619,0.601904761904762,0.99,0.1,-2.39205885620508,0.413407961622102,4.59511985013459,0.330554262367663,-0.187570243248537,-0.575665481343775,TRUE,-0.36870071152063,0.738643424423106,-0.841613716800228,FALSE,NA,NA,NA,TRUE,-0.368691870157479,0.738643424522706,-0.841595463519552,FALSE,NA,NA,NA,TRUE,-189.636710991121,0.774998322885721,-0.684865552075678,-0.193049749166268,NA,-0.193047612272575,NA,-0.601904761904762,-0.581144987261506,NA,-0.581142850367813,NA,-0.99,0.217414769186428,NA,0.217418611088498,NA,0.25139597209256
1,-0.185229089143921,-0.350937335902195,30,"none",4,50,"systematic",0.0619933554817276,0.614523809523809,0.97,0.1,-2.71672982303686,0.466368246040977,3.47609868983527,0.391831319040946,-0.160699135001136,-0.516175325477327,TRUE,0.111052379101941,31.5040088661526,80934.5441249942,FALSE,NA,NA,NA,TRUE,0.111049775237916,31.5037375447225,85087.9467507738,FALSE,NA,NA,NA,FALSE,NA,NA,NA,-0.0867892122706159,NA,-0.0867898612337563,NA,NA,-0.442265402746807,NA,-0.442266051709947,NA,NA,0.938006644518272,NA,0.938006644518272,NA,NA
2,-0.267811526524099,-0.108282930327595,30,"none",4,50,"systematic",0.0837802562885619,0.601904761904762,0.99,0.1,-2.39205885620508,0.413407961622102,4.59511985013459,0.349664184478319,-0.168460321137881,-0.556555559233119,TRUE,-0.257174542133343,0.813392551440676,-0.764215183470617,TRUE,-0.121969094678809,0.808604922241375,-0.80659812492672,TRUE,-0.257185170942588,0.81339255177993,-0.764225673415271,FALSE,NA,NA,NA,TRUE,-195.578059469184,0.833520550255108,-0.668019690013606,-0.165846367174443,-0.132359290300802,-0.165848980918785,NA,-0.601904761904762,-0.553941605269681,-0.52045452839604,-0.553944219014023,NA,-0.99,0.233951548373302,0.224835631734732,0.233949274385228,NA,0.255160150763373
1,0.450229517717745,-0.417605897030558,5,"none",4,100,"systematic",0.255839265938934,0.794761904761905,1,0.1,-1.06770767204216,1.35387183355809,Inf,0.354854536518206,-0.184068102304765,-0.38930619754286,TRUE,252.913085780493,0.208719808094767,-0.250169002980215,FALSE,NA,NA,NA,TRUE,320.801010286243,0.208709007473744,-0.25018436910361,FALSE,NA,NA,NA,FALSE,NA,NA,NA,0.205238095238095,NA,0.205238095238095,NA,NA,0,NA,0,NA,NA,0.181942636218953,NA,0.181938854175393,NA,NA
2,0.678605622665046,-0.13114349016935,5,"none",4,100,"systematic",0.290734061066287,0.806190476190476,1,0.1,-0.891821576546145,1.42544419669054,Inf,0.372693354744722,-0.142763060379467,-0.336572584188991,TRUE,2.89107550234727,0.0408029021287527,-0.412432184130433,TRUE,4.39201704001495,0.0406588107055118,-0.431235993995952,TRUE,2.89109698154367,0.0408029021263626,-0.412431733506875,TRUE,1.59484581621535,0.0898902303367642,0.0113290928871561,TRUE,2.25216641669007,0.0847687082719222,0.00171186563830141,0.141213023567797,0.181585068843827,0.141214093868196,0.0251063074058619,0.0986467658128313,-0.0525965002417275,-0.012224454965697,-0.0525954299413279,-0.168703216403662,-0.0951627579966927,0.107595011595064,0.103097165203294,0.107595119592873,0.212098181862759,0.209693905238776
1,0.414950477085499,0.0755023543112346,10,"none",4,100,"systematic",0.255839265938934,0.794761904761905,1,0.1,-1.06770767204216,1.35387183355809,Inf,0.346435048292594,-0.192487590530377,-0.397725685768472,TRUE,18.8534300926875,0.22401394659709,-0.168330872369896,TRUE,65270.579804904,0.22400017309834,-0.166456111732484,TRUE,18.182558945201,0.224014647894167,-0.168400406749261,TRUE,0.30573888517198,0.146923948300313,7.41438188598524e-12,TRUE,0.305823126250175,0.139857287795911,0,0.205238088750864,0.205238095238095,0.205238082549458,-0.21891707271185,-0.218896497165402,-6.48723075258317e-09,0,-1.26886371409896e-08,-0.424155167949945,-0.424134592403497,0.202177104018389,0.202642526174127,0.202159843036994,0.24416073406292,0.244160734061066
2,0.581061603011028,0.294286360622894,10,"none",4,100,"systematic",0.290734061066287,0.806190476190476,1,0.1,-0.891821576546145,1.42544419669054,Inf,0.350577583507962,-0.164878831616227,-0.358688355425751,TRUE,0.551495445405165,0.0795542853931017,-0.815907603960789,TRUE,0.708719898657727,0.0871048760005918,-1.95194352404878,TRUE,0.551494171040775,0.0795542853981569,-0.815916842767175,TRUE,0.532838866901374,0.130745755906742,0.00305804697335585,TRUE,0.535222535767248,0.124194058572118,5.27120635931611e-08,-0.171708000062836,-0.136072233658132,-0.17170829560642,-0.17604548732974,-0.175490116576124,-0.36551752387236,-0.329881757467656,-0.365517819415944,-0.369855011139264,-0.369299640385648,0.015898990776377,-0.166392469798893,0.0158970265244355,0.210030450081265,0.209265952111729
1,0.543523841843485,0.261887432674023,15,"none",4,100,"systematic",0.255839265938934,0.794761904761905,1,0.1,-1.06770767204216,1.35387183355809,Inf,0.376792505794054,-0.162130133028917,-0.367368228267012,TRUE,1.40803546603026,0.24117581930188,-0.191997996563718,TRUE,2.72575495287154,0.241588342259894,-0.189768193332274,TRUE,1.40811666120669,0.241175819242038,-0.191993997627588,TRUE,0.561701325478826,0.266231361593099,0.0101799216818491,TRUE,0.584506013710925,0.248963849606345,0.000179544332818148,0.00869399537196414,0.14376748268899,0.00870681695308595,-0.157915802053409,-0.15265832512987,-0.196544099866131,-0.061470612549105,-0.196531278285009,-0.363153897291504,-0.357896420367965,0.196308144770852,0.196860548332121,0.196309135348029,0.246705692503558,0.24420562014415
2,0.61569991806812,0.639383596287851,15,"none",4,100,"systematic",0.290734061066287,0.806190476190476,1,0.1,-0.891821576546145,1.42544419669054,Inf,0.35850587037464,-0.156950544749549,-0.350760068559073,TRUE,0.584170561146234,0.0912213325495676,-0.733685907812533,TRUE,0.708302577404735,0.0933785682390645,-1.95852977168888,TRUE,0.584170527228501,0.0912213325496036,-0.733686249175323,TRUE,0.566629993965961,0.149159534982485,0.00387202032790154,TRUE,0.570204609493422,0.141174353331215,1.36736792400595e-06,-0.16416398943684,-0.13616449315252,-0.164163997232101,-0.16820527541668,-0.167380089809437,-0.357973513246364,-0.329974016962044,-0.357973521041625,-0.362014799226204,-0.361189613618961,0.0336523409854482,-0.167107812973991,0.0336522661724299,0.210233942806285,0.209266280775694
1,0.543334375552108,0.508355652950723,20,"none",4,100,"systematic",0.255839265938934,0.794761904761905,1,0.1,-1.06770767204216,1.35387183355809,Inf,0.376748471051719,-0.162174167771252,-0.367412263009347,TRUE,0.763136475803727,0.280004831179079,-0.236943049675802,TRUE,1.26171376651153,0.28603906235135,-0.23636055952476,TRUE,0.763131997592183,0.280004831206961,-0.236945029015296,TRUE,0.569238057380467,0.292422773599534,0.0108171968529284,TRUE,0.583647951579269,0.2746442903723,0.000186209044445698,-0.112727595806034,-0.0154409226976018,-0.112728566967502,-0.156174562478339,-0.152855537482204,-0.317965691044129,-0.220679017935697,-0.317966662205597,-0.361412657716434,-0.358093632720299,0.185200559099977,0.185344161653711,0.185200071145943,0.246865006905042,0.244207286322043
2,0.643102260440594,0.837783173821821,20,"none",4,100,"systematic",0.290734061066287,0.806190476190476,1,0.1,-0.891821576546145,1.42544419669054,Inf,0.364720332681637,-0.150736082442552,-0.344545606252076,TRUE,0.601918421814576,0.102320303115713,-0.682955601972745,TRUE,0.704435098895015,0.098962848408931,-2.01729870463439,TRUE,0.60191858616577,0.102320303119028,-0.682953468665239,TRUE,0.586028212050526,0.166668467349839,0.00446431503805346,TRUE,0.590060360247843,0.15695384540111,7.89784801688691e-06,-0.160095388030469,-0.137020120051858,-0.160095350450546,-0.163737161093866,-0.162811481172241,-0.353904911839993,-0.330829643861382,-0.35390487426007,-0.35754668490339,-0.356621004981765,0.0448679013574079,-0.173335461466036,0.0448683770281579,0.210382015839599,0.209267913395717
1,0.648938150808515,0.760066330266775,30,"none",4,100,"systematic",0.255839265938934,0.794761904761905,1,0.1,-1.06770767204216,1.35387183355809,Inf,0.400931871567854,-0.137990767255117,-0.343228862493212,TRUE,0.740058767585254,0.330936942268333,-0.24246871092911,TRUE,1.06607045305857,0.3427863237822,-0.264957674325531,TRUE,0.74006067579995,0.330936942283942,-0.242466653761165,TRUE,0.637923784787577,0.373317195311386,0.019658337191161,TRUE,0.654526622594726,0.343349974698223,0.00163021095574198,-0.117753197804214,-0.0509129980961437,-0.117752780539021,-0.140477926117963,-0.136732104243362,-0.322991293042309,-0.256151093334239,-0.322990875777116,-0.345716021356058,-0.341970199481457,0.183838799773025,0.178306128996005,0.183839306579583,0.24907516009479,0.244568286709743
2,0.628099114899249,1.16902417249308,30,"none",4,100,"systematic",0.290734061066287,0.806190476190476,1,0.1,-0.891821576546145,1.42544419669054,Inf,0.361324256357169,-0.15413215876702,-0.347941682576544,TRUE,0.649877189941938,0.180773109481617,-0.530172144169304,TRUE,0.74054271569024,0.143933993005351,-1.42858660791826,TRUE,0.649881114776119,0.180773109165189,-0.530118282935762,TRUE,0.629764807855758,0.271867092282555,0.00686228981210797,TRUE,0.63725463620554,0.253036022716719,0.000433743886203625,-0.14920768901651,-0.129075954374898,-0.149206804530535,-0.153754345014811,-0.152057872205051,-0.343017212826034,-0.322885478184422,-0.343016328340059,-0.347563868824335,-0.345867396014575,0.0797426779668486,-0.0974150584450445,0.0797552397719928,0.210981504654433,0.209374374903564
